Case_ID,Patient_ID,Fold,Model,Evidence,Inference_seconds,GPU_peak_allocated_MiB,Timing_scope,Manifest_SHA256,TP,FP,TN,FN,Dice,IoU,Sensitivity,Precision,Specificity,NPV,Vol_GT_mL,Vol_Pred_mL,Vol_Error_mL,AVD_mL,RVE_percent,Abs_RVE_percent,empty_gt,empty_pred,surface_tolerance_mm,HD95_mm,ASSD_mm,SurfaceDice,Figure_slice_z,Size_group,Review_reason
BraTS-GLI-00009-000,BraTS-GLI-00009,1,nnunet,heldout_with_persisted_training_manifest,0.691458991728723,1354.8095703125,nnUNet_preprocessing_inference_resampling_export_after_read_warmup,f67351ece0c762564abc2fda59ffa8c2c05483e5a11fecd2a545f947348fc0da,16709,832,3621251,10744,0.7427212517224518,0.5907371398267633,0.6086402214694204,0.9525682686277864,0.9997702979197328,0.997041846147916,27.453,17.541,-9.912,9.912,-36.10534367828652,36.10534367828652,0,0,1.0,12.083045973594572,2.530762823054608,0.6367396116256714,96.0,medium,Nonfinite HD95 and/or Dice lower Tukey fence and/or HD95 upper Tukey fence; morphology requires image review
BraTS-GLI-00009-001,BraTS-GLI-00009,1,nnunet,heldout_with_persisted_training_manifest,0.6938811633735895,1349.8408203125,nnUNet_preprocessing_inference_resampling_export_after_read_warmup,f67351ece0c762564abc2fda59ffa8c2c05483e5a11fecd2a545f947348fc0da,14087,226,3290443,13004,0.6804656554922229,0.5156862027309002,0.5199881879591008,0.9842101585970796,0.9999313209563162,0.9960635057865316,27.091,14.313,-12.778,12.778,-47.16695581558451,47.16695581558451,0,0,1.0,14.491376746189438,3.268838905230833,0.5889084339141846,107.0,medium,Nonfinite HD95 and/or Dice lower Tukey fence and/or HD95 upper Tukey fence; morphology requires image review
BraTS-GLI-00021-000,BraTS-GLI-00021,1,nnunet,heldout_with_persisted_training_manifest,0.6177986757829785,1346.755859375,nnUNet_preprocessing_inference_resampling_export_after_read_warmup,f67351ece0c762564abc2fda59ffa8c2c05483e5a11fecd2a545f947348fc0da,68998,10620,3144152,20262,0.8171342626037731,0.6908089707649179,0.7730002240645306,0.8666130774447989,0.9966336711496108,0.9935969187344008,89.26,79.618,-9.642,9.642,-10.802151019493614,10.802151019493614,0,0,1.0,5.830951894845301,1.595823081807208,0.644139289855957,,large,Nonfinite HD95 and/or Dice lower Tukey fence and/or HD95 upper Tukey fence; morphology requires image review
BraTS-GLI-00284-000,BraTS-GLI-00284,1,nnunet,heldout_with_persisted_training_manifest,0.7250386495143175,1360.6455078125,nnUNet_preprocessing_inference_resampling_export_after_read_warmup,f67351ece0c762564abc2fda59ffa8c2c05483e5a11fecd2a545f947348fc0da,13946,1460,3628926,5204,0.8071536057414053,0.6766618146530811,0.7282506527415143,0.9052317278982216,0.999597838907488,0.9985680204065348,19.15,15.406,-3.744,3.744,-19.550913838120103,19.550913838120103,0,0,1.0,10.3440804327886,1.625924023816988,0.7387265563011169,,medium,Nonfinite HD95 and/or Dice lower Tukey fence and/or HD95 upper Tukey fence; morphology requires image review
BraTS-GLI-00350-000,BraTS-GLI-00350,1,nnunet,heldout_with_persisted_training_manifest,0.714250891469419,1360.59521484375,nnUNet_preprocessing_inference_resampling_export_after_read_warmup,f67351ece0c762564abc2fda59ffa8c2c05483e5a11fecd2a545f947348fc0da,59656,5697,3583779,404,0.9513527305781696,0.9072190033000288,0.9932733932733931,0.9128272611815832,0.9984128602614978,0.999887282541098,60.06,65.353,5.293,5.293,8.812853812853813,8.812853812853813,0,0,1.0,45.64318011250441,3.548265357246295,0.9031842350959778,,large,Nonfinite HD95 and/or Dice lower Tukey fence and/or HD95 upper Tukey fence; morphology requires image review
BraTS-GLI-00387-000,BraTS-GLI-00387,1,nnunet,heldout_with_persisted_training_manifest,0.5593751082196832,1278.146484375,nnUNet_preprocessing_inference_resampling_export_after_read_warmup,f67351ece0c762564abc2fda59ffa8c2c05483e5a11fecd2a545f947348fc0da,15440,941,2863167,4036,0.8611986501938255,0.7562325513052848,0.7927705894434175,0.9425553995482572,0.999671450936906,0.9985923563835556,19.476,16.381,-3.095,3.095,-15.891353460669542,15.891353460669542,0,0,1.0,27.184554438136374,2.4315573046039205,0.7632617354393005,,medium,Nonfinite HD95 and/or Dice lower Tukey fence and/or HD95 upper Tukey fence; morphology requires image review
BraTS-GLI-00440-000,BraTS-GLI-00440,1,nnunet,heldout_with_persisted_training_manifest,0.7346122339367867,1363.87890625,nnUNet_preprocessing_inference_resampling_export_after_read_warmup,f67351ece0c762564abc2fda59ffa8c2c05483e5a11fecd2a545f947348fc0da,82953,779,3886482,11098,0.9331938374310256,0.8747548244226511,0.8820001913855249,0.9906965079061768,0.9997996018276109,0.997152592121265,94.051,83.732,-10.319,10.319,-10.971706839906007,10.971706839906007,0,0,1.0,16.55294535724685,1.307716945557838,0.8860374093055725,,large,Nonfinite HD95 and/or Dice lower Tukey fence and/or HD95 upper Tukey fence; morphology requires image review
BraTS-GLI-00602-000,BraTS-GLI-00602,1,nnunet,heldout_with_persisted_training_manifest,0.6967915995046496,1349.8408203125,nnUNet_preprocessing_inference_resampling_export_after_read_warmup,f67351ece0c762564abc2fda59ffa8c2c05483e5a11fecd2a545f947348fc0da,34530,2253,3279416,1561,0.9476630897164968,0.900532025871062,0.956748219777784,0.9387488785580296,0.9993134590965757,0.99952422708236,36.091,36.783,0.6920000000000001,0.6920000000000001,1.9173755229835687,1.9173755229835687,0,0,1.0,22.283388903800656,1.393774996816683,0.9471766352653505,,medium,Nonfinite HD95 and/or Dice lower Tukey fence and/or HD95 upper Tukey fence; morphology requires image review
BraTS-GLI-00602-001,BraTS-GLI-00602,1,nnunet,heldout_with_persisted_training_manifest,0.6091923825442791,1341.787109375,nnUNet_preprocessing_inference_resampling_export_after_read_warmup,f67351ece0c762564abc2fda59ffa8c2c05483e5a11fecd2a545f947348fc0da,28658,327,2916695,3440,0.9383298135324069,0.8838242097147263,0.8928282135958626,0.988718302570295,0.9998878993713451,0.99882197227183,32.098,28.985,-3.113,3.113,-9.698423577793008,9.698423577793008,0,0,1.0,25.60857622360706,1.7194459362982886,0.8995640873908997,,medium,Nonfinite HD95 and/or Dice lower Tukey fence and/or HD95 upper Tukey fence; morphology requires image review
BraTS-GLI-00610-001,BraTS-GLI-00610,1,nnunet,heldout_with_persisted_training_manifest,0.7249349225312471,1368.9501953125,nnUNet_preprocessing_inference_resampling_export_after_read_warmup,f67351ece0c762564abc2fda59ffa8c2c05483e5a11fecd2a545f947348fc0da,60143,18440,3963424,13033,0.7926119702950072,0.6564683024799162,0.8218951568820378,0.7653436493898171,0.9953690030598734,0.9967224592143208,73.176,78.583,5.407,5.407,7.389034656171423,7.389034656171423,0,0,1.0,10.816653826391969,2.607746123559921,0.5519585609436035,,large,Nonfinite HD95 and/or Dice lower Tukey fence and/or HD95 upper Tukey fence; morphology requires image review
BraTS-GLI-00615-000,BraTS-GLI-00615,1,nnunet,heldout_with_persisted_training_manifest,0.7251247009262443,1360.6455078125,nnUNet_preprocessing_inference_resampling_export_after_read_warmup,f67351ece0c762564abc2fda59ffa8c2c05483e5a11fecd2a545f947348fc0da,17769,91,3622868,8808,0.7997389562751761,0.6663041847907605,0.668585619144373,0.9949048152295632,0.9999748824096546,0.997574673511624,26.577,17.86,-8.717,8.717,-32.79903676110923,32.79903676110923,0,0,1.0,5.656854249492381,1.3955320705580103,0.7187982201576233,,medium,Nonfinite HD95 and/or Dice lower Tukey fence and/or HD95 upper Tukey fence; morphology requires image review
BraTS-GLI-00623-000,BraTS-GLI-00623,1,nnunet,heldout_with_persisted_training_manifest,0.7283923253417015,1366.9501953125,nnUNet_preprocessing_inference_resampling_export_after_read_warmup,f67351ece0c762564abc2fda59ffa8c2c05483e5a11fecd2a545f947348fc0da,143214,8394,3807091,22613,0.9023201600327626,0.8220248994093708,0.8636349930952136,0.94463352857369,0.997800017560022,0.994095366117068,165.827,151.608,-14.219,14.219,-8.574598828899997,8.574598828899997,0,0,1.0,60.38914777136567,7.630964654521223,0.7235132455825806,,large,Nonfinite HD95 and/or Dice lower Tukey fence and/or HD95 upper Tukey fence; morphology requires image review
BraTS-GLI-00694-000,BraTS-GLI-00694,1,nnunet,heldout_with_persisted_training_manifest,0.7073405431583524,1356.96728515625,nnUNet_preprocessing_inference_resampling_export_after_read_warmup,f67351ece0c762564abc2fda59ffa8c2c05483e5a11fecd2a545f947348fc0da,59468,25413,3553655,11000,0.7656051857430688,0.62022715657951,0.843900777657944,0.7006043755375172,0.992899548150524,0.9969141473719056,70.468,84.881,14.413,14.413,20.45325537832775,20.45325537832775,0,0,1.0,11.575836902790224,2.2066739522186456,0.6273065209388733,,large,Nonfinite HD95 and/or Dice lower Tukey fence and/or HD95 upper Tukey fence; morphology requires image review
BraTS-GLI-00764-000,BraTS-GLI-00764,1,nnunet,heldout_with_persisted_training_manifest,0.7364505287259817,1367.3447265625,nnUNet_preprocessing_inference_resampling_export_after_read_warmup,f67351ece0c762564abc2fda59ffa8c2c05483e5a11fecd2a545f947348fc0da,55955,788,3892272,32297,0.7718197179213077,0.6284254267744834,0.6340366223994923,0.9861128244893644,0.9997975885293316,0.9917705613024004,88.252,56.743,-31.509,31.509,-35.70344014866519,35.70344014866519,0,0,1.0,14.798648586948742,2.3861261218440912,0.6805830597877502,,large,Nonfinite HD95 and/or Dice lower Tukey fence and/or HD95 upper Tukey fence; morphology requires image review
BraTS-GLI-01049-000,BraTS-GLI-01049,1,nnunet,heldout_with_persisted_training_manifest,0.726818130351603,1366.9501953125,nnUNet_preprocessing_inference_resampling_export_after_read_warmup,f67351ece0c762564abc2fda59ffa8c2c05483e5a11fecd2a545f947348fc0da,43456,3843,3993417,14324,0.8271110307482942,0.7051912435292017,0.7520941502249914,0.9187509249667012,0.9990385914351332,0.99642591674462,57.78,47.299,-10.481,10.481,-18.139494634821737,18.139494634821737,0,0,1.0,21.77154105707724,3.075584064431762,0.7350726127624512,,large,Nonfinite HD95 and/or Dice lower Tukey fence and/or HD95 upper Tukey fence; morphology requires image review
BraTS-GLI-01104-000,BraTS-GLI-01104,1,nnunet,heldout_with_persisted_training_manifest,0.707430494017899,1355.3720703125,nnUNet_preprocessing_inference_resampling_export_after_read_warmup,f67351ece0c762564abc2fda59ffa8c2c05483e5a11fecd2a545f947348fc0da,71798,2735,3547006,27997,0.823711624064981,0.7002633375597386,0.7194548825091437,0.963304844833832,0.9992295212523956,0.9921686779004102,99.795,74.533,-25.262,25.262,-25.31389348163736,25.31389348163736,0,0,1.0,19.79898987322333,2.861449306147669,0.5921556949615479,,large,Nonfinite HD95 and/or Dice lower Tukey fence and/or HD95 upper Tukey fence; morphology requires image review
BraTS-GLI-01154-000,BraTS-GLI-01154,1,nnunet,heldout_with_persisted_training_manifest,0.6067960606887937,1343.7509765625,nnUNet_preprocessing_inference_resampling_export_after_read_warmup,f67351ece0c762564abc2fda59ffa8c2c05483e5a11fecd2a545f947348fc0da,5409,2334,3226787,9502,0.4775315617550984,0.3136561322122354,0.362752330494266,0.6985664471135219,0.9992772026814728,0.997063921052786,14.911,7.743,-7.168,7.168,-48.07189323318356,48.07189323318356,0,0,1.0,27.73084924772409,9.726087645805547,0.3985812366008758,,medium,Nonfinite HD95 and/or Dice lower Tukey fence and/or HD95 upper Tukey fence; morphology requires image review
BraTS-GLI-01211-000,BraTS-GLI-01211,1,nnunet,heldout_with_persisted_training_manifest,0.7200996279716492,1363.3359375,nnUNet_preprocessing_inference_resampling_export_after_read_warmup,f67351ece0c762564abc2fda59ffa8c2c05483e5a11fecd2a545f947348fc0da,52959,8768,3622502,2171,0.9063898611122996,0.8288052834204513,0.9606203518955196,0.8579551897872892,0.9975854177739468,0.9994010494188028,55.13,61.727,6.597,6.597,11.966261563577,11.966261563577,0,0,1.0,15.033296378372908,1.902212534968988,0.794880747795105,,large,Nonfinite HD95 and/or Dice lower Tukey fence and/or HD95 upper Tukey fence; morphology requires image review
BraTS-GLI-01276-000,BraTS-GLI-01276,1,nnunet,heldout_with_persisted_training_manifest,0.722861772403121,1360.6318359375,nnUNet_preprocessing_inference_resampling_export_after_read_warmup,f67351ece0c762564abc2fda59ffa8c2c05483e5a11fecd2a545f947348fc0da,7551,849,3638586,2550,0.8162802010702124,0.6895890410958904,0.7475497475497476,0.8989285714285714,0.9997667220324034,0.9992996691142544,10.101,8.4,-1.701,1.701,-16.83991683991684,16.83991683991684,0,0,1.0,8.06225774829855,1.576172028975012,0.7025720477104187,,medium,Nonfinite HD95 and/or Dice lower Tukey fence and/or HD95 upper Tukey fence; morphology requires image review
BraTS-GLI-01365-000,BraTS-GLI-01365,1,nnunet,heldout_with_persisted_training_manifest,0.6121612899005413,1344.755859375,nnUNet_preprocessing_inference_resampling_export_after_read_warmup,f67351ece0c762564abc2fda59ffa8c2c05483e5a11fecd2a545f947348fc0da,15110,332,3216075,12515,0.7016973552836279,0.5404728690488965,0.5469683257918552,0.978500194275353,0.9998967792322304,0.996123694863702,27.625,15.442,-12.183,12.183,-44.10135746606335,44.10135746606335,0,0,1.0,14.696938456699067,3.426805504351612,0.4276321530342102,,medium,Nonfinite HD95 and/or Dice lower Tukey fence and/or HD95 upper Tukey fence; morphology requires image review
BraTS-GLI-01377-000,BraTS-GLI-01377,1,nnunet,heldout_with_persisted_training_manifest,0.7011510515585542,1356.99951171875,nnUNet_preprocessing_inference_resampling_export_after_read_warmup,f67351ece0c762564abc2fda59ffa8c2c05483e5a11fecd2a545f947348fc0da,99404,4678,3535877,9577,0.9330949062014522,0.8745809834680932,0.9121222965471044,0.9550546684345036,0.9986787382204202,0.9972987944562248,108.981,104.082,-4.899,4.899,-4.495278993586038,4.495278993586038,0,0,1.0,19.72308292331602,1.4727431478354014,0.8705512285232544,,large,Nonfinite HD95 and/or Dice lower Tukey fence and/or HD95 upper Tukey fence; morphology requires image review
BraTS-GLI-01407-000,BraTS-GLI-01407,1,nnunet,heldout_with_persisted_training_manifest,0.6988352918997407,1354.8095703125,nnUNet_preprocessing_inference_resampling_export_after_read_warmup,f67351ece0c762564abc2fda59ffa8c2c05483e5a11fecd2a545f947348fc0da,9926,2034,3637316,260,0.8964147024293326,0.8122749590834697,0.974474769291184,0.829933110367893,0.9994411089892424,0.9999285238301552,10.186,11.96,1.774,1.774,17.4160612605537,17.4160612605537,0,0,1.0,25.33276064013434,2.8564060305556653,0.859121561050415,,medium,Nonfinite HD95 and/or Dice lower Tukey fence and/or HD95 upper Tukey fence; morphology requires image review
BraTS-GLI-01435-000,BraTS-GLI-01435,1,nnunet,heldout_with_persisted_training_manifest,0.7193693732842803,1366.9501953125,nnUNet_preprocessing_inference_resampling_export_after_read_warmup,f67351ece0c762564abc2fda59ffa8c2c05483e5a11fecd2a545f947348fc0da,25271,8122,4021294,353,0.8563973092498771,0.7488591240443312,0.9862238526381516,0.7567753720839697,0.9979843232865508,0.9999122250162682,25.624,33.393,7.769,7.769,30.3192319700281,30.3192319700281,0,0,1.0,52.35073964717058,6.658263222916274,0.638787031173706,,medium,Nonfinite HD95 and/or Dice lower Tukey fence and/or HD95 upper Tukey fence; morphology requires image review
BraTS-GLI-01459-000,BraTS-GLI-01459,1,nnunet,heldout_with_persisted_training_manifest,0.7200985457748175,1358.46875,nnUNet_preprocessing_inference_resampling_export_after_read_warmup,f67351ece0c762564abc2fda59ffa8c2c05483e5a11fecd2a545f947348fc0da,19692,16949,3610603,2292,0.6717953091684435,0.5057920016438497,0.8957423580786026,0.5374307469774297,0.995327703090128,0.9993656056984772,21.984,36.641,14.657,14.657,66.6712154294032,66.6712154294032,0,0,1.0,72.13043308882374,21.806572026044385,0.5580588579177856,,medium,Nonfinite HD95 and/or Dice lower Tukey fence and/or HD95 upper Tukey fence; morphology requires image review
BraTS-GLI-01473-000,BraTS-GLI-01473,1,nnunet,heldout_with_persisted_training_manifest,0.6908701462671161,1354.8095703125,nnUNet_preprocessing_inference_resampling_export_after_read_warmup,f67351ece0c762564abc2fda59ffa8c2c05483e5a11fecd2a545f947348fc0da,124282,1546,3491228,32480,0.8795923422626419,0.7850645576976527,0.7928069302509537,0.987713386527641,0.9995573718769092,0.9907824371372428,156.762,125.828,-30.934,30.934,-19.73309858256465,19.73309858256465,0,0,1.0,14.491376746189438,2.416594896594184,0.6066839098930359,,large,Nonfinite HD95 and/or Dice lower Tukey fence and/or HD95 upper Tukey fence; morphology requires image review
BraTS-GLI-01479-000,BraTS-GLI-01479,1,nnunet,heldout_with_persisted_training_manifest,0.6940689580515027,1355.25048828125,nnUNet_preprocessing_inference_resampling_export_after_read_warmup,f67351ece0c762564abc2fda59ffa8c2c05483e5a11fecd2a545f947348fc0da,145122,2964,3456321,45129,0.8578547424609192,0.7510907538234609,0.762792311209928,0.9799846035411856,0.9991431755406104,0.987111339587885,190.251,148.086,-42.165,42.165,-22.162827002223377,22.162827002223377,0,0,1.0,13.74772708486752,3.0110128875190147,0.5876855254173279,,large,Nonfinite HD95 and/or Dice lower Tukey fence and/or HD95 upper Tukey fence; morphology requires image review
BraTS-GLI-01480-000,BraTS-GLI-01480,1,nnunet,heldout_with_persisted_training_manifest,0.6997043797746301,1352.60791015625,nnUNet_preprocessing_inference_resampling_export_after_read_warmup,f67351ece0c762564abc2fda59ffa8c2c05483e5a11fecd2a545f947348fc0da,22022,1814,3613022,12678,0.7524258575919093,0.603111135454894,0.6346397694524496,0.9238966269508306,0.9994981791705072,0.9965032959152716,34.7,23.836,-10.864,10.864,-31.30835734870317,31.30835734870317,0,0,1.0,8.06225774829855,2.193844027195645,0.5273308753967285,,medium,Nonfinite HD95 and/or Dice lower Tukey fence and/or HD95 upper Tukey fence; morphology requires image review
BraTS-GLI-00061-000,BraTS-GLI-00061,2,nnunet,heldout_with_persisted_training_manifest,1.3267543269321322,1368.9501953125,nnUNet_preprocessing_inference_resampling_export_after_read_warmup,f67351ece0c762564abc2fda59ffa8c2c05483e5a11fecd2a545f947348fc0da,18980,15793,3946055,484,0.6998912181720965,0.5383328133420314,0.975133579942458,0.545825784372933,0.9960137289466936,0.9998773608977384,19.464,34.773,15.309,15.309,78.65289765721332,78.65289765721332,0,0,1.0,16.1245154965971,3.113327773232549,0.5206008553504944,,medium,Nonfinite HD95 and/or Dice lower Tukey fence and/or HD95 upper Tukey fence; morphology requires image review
BraTS-GLI-00077-000,BraTS-GLI-00077,2,nnunet,heldout_with_persisted_training_manifest,1.3151927143335342,1369.5126953125,nnUNet_preprocessing_inference_resampling_export_after_read_warmup,f67351ece0c762564abc2fda59ffa8c2c05483e5a11fecd2a545f947348fc0da,188301,10539,4297843,8917,0.9508758818152896,0.9063521325394572,0.9547860742934214,0.946997585998793,0.997553838076568,0.9979295340348662,197.218,198.84,1.622,1.622,0.8224401423805129,0.8224401423805129,0,0,1.0,24.441760334332727,1.7801501066157468,0.8871079683303833,,large,Nonfinite HD95 and/or Dice lower Tukey fence and/or HD95 upper Tukey fence; morphology requires image review
BraTS-GLI-00134-000,BraTS-GLI-00134,2,nnunet,heldout_with_persisted_training_manifest,1.2541674533858895,1359.7529296875,nnUNet_preprocessing_inference_resampling_export_after_read_warmup,f67351ece0c762564abc2fda59ffa8c2c05483e5a11fecd2a545f947348fc0da,137505,13319,3810244,20244,0.8912315724318071,0.8038031659924708,0.8716695509955689,0.9116917731925952,0.9965165998311,0.9947150336980564,157.749,150.824,-6.925,6.925,-4.389885197370506,4.389885197370506,0,0,1.0,18.75365662348004,2.5898517821828784,0.5479795932769775,,large,Nonfinite HD95 and/or Dice lower Tukey fence and/or HD95 upper Tukey fence; morphology requires image review
BraTS-GLI-00206-000,BraTS-GLI-00206,2,nnunet,heldout_with_persisted_training_manifest,1.2509747724980116,1362.43896484375,nnUNet_preprocessing_inference_resampling_export_after_read_warmup,f67351ece0c762564abc2fda59ffa8c2c05483e5a11fecd2a545f947348fc0da,27618,1599,3945002,7093,0.8640345388562133,0.7606169099421647,0.7956555558756591,0.945271588458774,0.9995948412317334,0.9982052556934992,34.711,29.217,-5.494,5.494,-15.827835556451843,15.827835556451843,0,0,1.0,39.84971571503684,7.214463384271782,0.7421030402183533,,medium,Nonfinite HD95 and/or Dice lower Tukey fence and/or HD95 upper Tukey fence; morphology requires image review
BraTS-GLI-00227-000,BraTS-GLI-00227,2,nnunet,heldout_with_persisted_training_manifest,1.2551432633772492,1359.75341796875,nnUNet_preprocessing_inference_resampling_export_after_read_warmup,f67351ece0c762564abc2fda59ffa8c2c05483e5a11fecd2a545f947348fc0da,14751,529,3619768,14488,0.6626833486825849,0.4955321150228433,0.5044974178323473,0.9653795811518324,0.9998538793916631,0.9960134894184668,29.239,15.28,-13.959,13.959,-47.74103081500736,47.74103081500736,0,0,1.0,17.72004514666935,4.91264732259362,0.3671741783618927,,medium,Nonfinite HD95 and/or Dice lower Tukey fence and/or HD95 upper Tukey fence; morphology requires image review
BraTS-GLI-00236-000,BraTS-GLI-00236,2,nnunet,heldout_with_persisted_training_manifest,1.2531441636383531,1360.62646484375,nnUNet_preprocessing_inference_resampling_export_after_read_warmup,f67351ece0c762564abc2fda59ffa8c2c05483e5a11fecd2a545f947348fc0da,41855,1524,3602936,3221,0.9463569046407778,0.898175965665236,0.9285429053154672,0.9648677931718112,0.9995771904806824,0.9991068053886728,45.076,43.379,-1.697,1.697,-3.764752861833348,3.764752861833348,0,0,1.0,17.72004514666935,1.4334094268828776,0.9109354615211488,,medium,Nonfinite HD95 and/or Dice lower Tukey fence and/or HD95 upper Tukey fence; morphology requires image review
BraTS-GLI-00286-000,BraTS-GLI-00286,2,nnunet,heldout_with_persisted_training_manifest,1.2784404810518026,1370.9501953125,nnUNet_preprocessing_inference_resampling_export_after_read_warmup,f67351ece0c762564abc2fda59ffa8c2c05483e5a11fecd2a545f947348fc0da,59953,6076,3897421,17862,0.8335836044603876,0.7146535385202226,0.7704555676926043,0.907979827045692,0.9984434469912492,0.9954378776706564,77.815,66.029,-11.786,11.786,-15.146180042408275,15.146180042408275,0,0,1.0,30.54504869860253,3.60207447482235,0.750065267086029,,large,Nonfinite HD95 and/or Dice lower Tukey fence and/or HD95 upper Tukey fence; morphology requires image review
BraTS-GLI-00353-000,BraTS-GLI-00353,2,nnunet,heldout_with_persisted_training_manifest,1.2656229864805937,1363.2900390625,nnUNet_preprocessing_inference_resampling_export_after_read_warmup,f67351ece0c762564abc2fda59ffa8c2c05483e5a11fecd2a545f947348fc0da,78763,13480,3888320,749,0.9171552502110564,0.846986837577426,0.9905800382332226,0.8538642498617781,0.9965451842739248,0.9998074089197184,79.512,92.243,12.731,12.731,16.011419659925547,16.011419659925547,0,0,1.0,62.01612693485461,5.925568878750494,0.8651471138000488,,large,Nonfinite HD95 and/or Dice lower Tukey fence and/or HD95 upper Tukey fence; morphology requires image review
BraTS-GLI-00442-000,BraTS-GLI-00442,2,nnunet,heldout_with_persisted_training_manifest,1.2484101597219706,1360.32763671875,nnUNet_preprocessing_inference_resampling_export_after_read_warmup,f67351ece0c762564abc2fda59ffa8c2c05483e5a11fecd2a545f947348fc0da,37822,283,3604267,7164,0.9103753715805564,0.8354944885020654,0.8407504556973281,0.9925731531295106,0.9999214881191828,0.9980162988023308,44.986,38.105,-6.881,6.881,-15.295869826168142,15.295869826168142,0,0,1.0,15.524174696260024,2.0807583923961035,0.7796465754508972,,medium,Nonfinite HD95 and/or Dice lower Tukey fence and/or HD95 upper Tukey fence; morphology requires image review
BraTS-GLI-00611-000,BraTS-GLI-00611,2,nnunet,heldout_with_persisted_training_manifest,1.2238205717876554,1351.92138671875,nnUNet_preprocessing_inference_resampling_export_after_read_warmup,f67351ece0c762564abc2fda59ffa8c2c05483e5a11fecd2a545f947348fc0da,42019,2118,3226174,47449,0.6290034055611691,0.4587928285982574,0.4696539544865203,0.9520130502752792,0.9993439255185096,0.9855056614643776,89.468,44.137,-45.331,45.331,-50.66727768587651,50.66727768587651,0,0,1.0,14.422205101855956,3.5652571602027514,0.4748008251190185,,large,Nonfinite HD95 and/or Dice lower Tukey fence and/or HD95 upper Tukey fence; morphology requires image review
BraTS-GLI-00611-001,BraTS-GLI-00611,2,nnunet,heldout_with_persisted_training_manifest,1.1218807408586144,1348.771484375,nnUNet_preprocessing_inference_resampling_export_after_read_warmup,f67351ece0c762564abc2fda59ffa8c2c05483e5a11fecd2a545f947348fc0da,60708,18,3188466,27608,0.8146428523503442,0.6872551905268639,0.6873952624665972,0.9997035866021144,0.9999943546839188,0.9914156204117194,88.316,60.726,-27.59,27.59,-31.24009239548893,31.24009239548893,0,0,1.0,9.433981132056603,2.1668055304185176,0.5465075373649597,,large,Nonfinite HD95 and/or Dice lower Tukey fence and/or HD95 upper Tukey fence; morphology requires image review
BraTS-GLI-00621-000,BraTS-GLI-00621,2,nnunet,heldout_with_persisted_training_manifest,1.2649560030549765,1363.81201171875,nnUNet_preprocessing_inference_resampling_export_after_read_warmup,f67351ece0c762564abc2fda59ffa8c2c05483e5a11fecd2a545f947348fc0da,23105,18636,3935841,3730,0.6738509099393374,0.5081260583668712,0.8610024222098006,0.553532498023526,0.9952873666985546,0.999053196401334,26.835,41.741,14.906,14.906,55.54686044345072,55.54686044345072,0,0,1.0,59.07241303915249,6.663074157415914,0.601802408695221,,medium,Nonfinite HD95 and/or Dice lower Tukey fence and/or HD95 upper Tukey fence; morphology requires image review
BraTS-GLI-00675-001,BraTS-GLI-00675,2,nnunet,heldout_with_persisted_training_manifest,1.1345101790502667,1348.9580078125,nnUNet_preprocessing_inference_resampling_export_after_read_warmup,f67351ece0c762564abc2fda59ffa8c2c05483e5a11fecd2a545f947348fc0da,153,2130,3529725,6936,0.0326504481434058,0.0165961601041327,0.0215827338129496,0.0670170827858081,0.9993969174838718,0.9980388281489236,7.089,2.283,-4.806,4.806,-67.79517562420652,67.79517562420652,0,0,1.0,95.23050979851511,26.98509405850716,0.0611681900918483,,small,Nonfinite HD95 and/or Dice lower Tukey fence and/or HD95 upper Tukey fence; morphology requires image review
BraTS-GLI-00682-000,BraTS-GLI-00682,2,nnunet,heldout_with_persisted_training_manifest,1.2493391605094075,1362.48388671875,nnUNet_preprocessing_inference_resampling_export_after_read_warmup,f67351ece0c762564abc2fda59ffa8c2c05483e5a11fecd2a545f947348fc0da,77486,4698,3563048,4304,0.9451010526059008,0.8959161964665618,0.947377430003668,0.9428355884357053,0.9986832022234766,0.9987935028559,81.79,82.184,0.394,0.394,0.4817214818437462,0.4817214818437462,0,0,1.0,37.83118658356116,2.148641556413931,0.9202260971069336,,large,Nonfinite HD95 and/or Dice lower Tukey fence and/or HD95 upper Tukey fence; morphology requires image review
BraTS-GLI-00732-000,BraTS-GLI-00732,2,nnunet,heldout_with_persisted_training_manifest,1.2364110862836242,1352.5947265625,nnUNet_preprocessing_inference_resampling_export_after_read_warmup,f67351ece0c762564abc2fda59ffa8c2c05483e5a11fecd2a545f947348fc0da,5109,4612,3638878,937,0.648062408828566,0.4793582285607056,0.8450215018193847,0.525563213661146,0.998734180689394,0.999742569333881,6.046,9.721,3.675,3.675,60.78398941448892,60.78398941448892,0,0,1.0,29.697642777308825,4.261624378787278,0.580828845500946,,small,Nonfinite HD95 and/or Dice lower Tukey fence and/or HD95 upper Tukey fence; morphology requires image review
BraTS-GLI-00838-000,BraTS-GLI-00838,2,nnunet,heldout_with_persisted_training_manifest,1.231626040302217,1356.80322265625,nnUNet_preprocessing_inference_resampling_export_after_read_warmup,f67351ece0c762564abc2fda59ffa8c2c05483e5a11fecd2a545f947348fc0da,99101,8581,3513378,28476,0.8424842407729354,0.7278382467427548,0.7767936226749336,0.92031165840159,0.9975635718644084,0.9919601429082056,127.577,107.682,-19.895,19.895,-15.594503711484045,15.594503711484045,0,0,1.0,13.892443989449804,2.417033318446505,0.6654521226882935,,large,Nonfinite HD95 and/or Dice lower Tukey fence and/or HD95 upper Tukey fence; morphology requires image review
BraTS-GLI-01003-000,BraTS-GLI-01003,2,nnunet,heldout_with_persisted_training_manifest,1.2367853401228786,1356.85888671875,nnUNet_preprocessing_inference_resampling_export_after_read_warmup,f67351ece0c762564abc2fda59ffa8c2c05483e5a11fecd2a545f947348fc0da,107119,423,3521301,20693,0.9102798337823024,0.835333567278824,0.8380981441492191,0.9960666530285842,0.9998798883728538,0.9941578105440044,127.812,107.542,-20.27,20.27,-15.85923074515695,15.85923074515695,0,0,1.0,19.313207915827967,2.554015021053113,0.6845778226852417,,large,Nonfinite HD95 and/or Dice lower Tukey fence and/or HD95 upper Tukey fence; morphology requires image review
BraTS-GLI-01027-000,BraTS-GLI-01027,2,nnunet,heldout_with_persisted_training_manifest,1.25468519795686,1363.154296875,nnUNet_preprocessing_inference_resampling_export_after_read_warmup,f67351ece0c762564abc2fda59ffa8c2c05483e5a11fecd2a545f947348fc0da,50752,766,3914435,15359,0.8629164576762534,0.7588857155673849,0.7676786011405061,0.9851314103808376,0.9998043523180546,0.9960916526413344,66.111,51.518,-14.593,14.593,-22.073482476441136,22.073482476441136,0,0,1.0,67.02089086963286,4.587421289950888,0.6779332756996155,,large,Nonfinite HD95 and/or Dice lower Tukey fence and/or HD95 upper Tukey fence; morphology requires image review
BraTS-GLI-01071-000,BraTS-GLI-01071,2,nnunet,heldout_with_persisted_training_manifest,1.268236051313579,1360.90625,nnUNet_preprocessing_inference_resampling_export_after_read_warmup,f67351ece0c762564abc2fda59ffa8c2c05483e5a11fecd2a545f947348fc0da,97381,6313,3534345,11497,0.916216623073594,0.8453872264326207,0.8944047465971087,0.9391189461299592,0.9982169980834072,0.9967576107452052,108.878,103.694,-5.184,5.184,-4.76129245577619,4.76129245577619,0,0,1.0,26.019223662515376,2.0091823540373723,0.8362981677055359,,large,Nonfinite HD95 and/or Dice lower Tukey fence and/or HD95 upper Tukey fence; morphology requires image review
BraTS-GLI-01077-000,BraTS-GLI-01077,2,nnunet,heldout_with_persisted_training_manifest,1.2476807311177254,1360.62744140625,nnUNet_preprocessing_inference_resampling_export_after_read_warmup,f67351ece0c762564abc2fda59ffa8c2c05483e5a11fecd2a545f947348fc0da,5472,2578,3973211,51,0.8063066381787372,0.675472163930379,0.9907658881042912,0.6797515527950311,0.9993515752470769,0.9999871641990888,5.523,8.05,2.527,2.527,45.75411913814956,45.75411913814956,0,0,1.0,90.14044593598848,11.307392644867452,0.7699607610702515,,small,Nonfinite HD95 and/or Dice lower Tukey fence and/or HD95 upper Tukey fence; morphology requires image review
BraTS-GLI-01094-000,BraTS-GLI-01094,2,nnunet,heldout_with_persisted_training_manifest,1.3431740319356322,1379.9189453125,nnUNet_preprocessing_inference_resampling_export_after_read_warmup,f67351ece0c762564abc2fda59ffa8c2c05483e5a11fecd2a545f947348fc0da,120837,70967,4230928,948,0.7706711651237766,0.6269040009960987,0.9922157901219362,0.6300025025546913,0.9835033165616548,0.9997759858748224,121.785,191.804,70.019,70.019,57.49394424600731,57.49394424600731,0,0,1.0,49.74334101920251,8.685733608131185,0.7594212889671326,,large,Nonfinite HD95 and/or Dice lower Tukey fence and/or HD95 upper Tukey fence; morphology requires image review
BraTS-GLI-01116-000,BraTS-GLI-01116,2,nnunet,heldout_with_persisted_training_manifest,1.263122438453138,1359.41748046875,nnUNet_preprocessing_inference_resampling_export_after_read_warmup,f67351ece0c762564abc2fda59ffa8c2c05483e5a11fecd2a545f947348fc0da,40043,444,3579216,29833,0.7256598678905067,0.5694397042093288,0.5730579884366592,0.9890335169313608,0.999875965873854,0.9917338334835576,69.876,40.487,-29.389,29.389,-42.058789856316906,42.058789856316906,0,0,1.0,13.601470508735444,3.296969493957774,0.496569812297821,,large,Nonfinite HD95 and/or Dice lower Tukey fence and/or HD95 upper Tukey fence; morphology requires image review
BraTS-GLI-01138-000,BraTS-GLI-01138,2,nnunet,heldout_with_persisted_training_manifest,1.2657551486045122,1360.6455078125,nnUNet_preprocessing_inference_resampling_export_after_read_warmup,f67351ece0c762564abc2fda59ffa8c2c05483e5a11fecd2a545f947348fc0da,103539,16100,3499341,30556,0.8161223958949135,0.6893638270248676,0.7721316976770201,0.865428497396334,0.9954202047481384,0.9913436567695884,134.095,119.639,-14.456,14.456,-10.780416868637904,10.780416868637904,0,0,1.0,13.0,2.5242388004616503,0.6670775413513184,,large,Nonfinite HD95 and/or Dice lower Tukey fence and/or HD95 upper Tukey fence; morphology requires image review
BraTS-GLI-01150-000,BraTS-GLI-01150,2,nnunet,heldout_with_persisted_training_manifest,1.253059135749936,1360.91455078125,nnUNet_preprocessing_inference_resampling_export_after_read_warmup,f67351ece0c762564abc2fda59ffa8c2c05483e5a11fecd2a545f947348fc0da,69051,3755,3881076,27430,0.8157862092186642,0.6888842332096253,0.715695318249189,0.948424580391726,0.9990334199866094,0.9929819731631472,96.481,72.806,-23.675,23.675,-24.53851017298743,24.53851017298743,0,0,1.0,17.69180601295413,2.5738842763172176,0.6668049097061157,,large,Nonfinite HD95 and/or Dice lower Tukey fence and/or HD95 upper Tukey fence; morphology requires image review
BraTS-GLI-01205-000,BraTS-GLI-01205,2,nnunet,heldout_with_persisted_training_manifest,1.2462375666946173,1360.6455078125,nnUNet_preprocessing_inference_resampling_export_after_read_warmup,f67351ece0c762564abc2fda59ffa8c2c05483e5a11fecd2a545f947348fc0da,12420,588,3626985,9543,0.710302822338509,0.5507516296394839,0.5654965168692802,0.9547970479704796,0.999837908155122,0.9973757936141286,21.963,13.008,-8.955,8.955,-40.77311842644448,40.77311842644448,0,0,1.0,17.804493814764857,3.808719577667864,0.6189666986465454,,medium,Nonfinite HD95 and/or Dice lower Tukey fence and/or HD95 upper Tukey fence; morphology requires image review
BraTS-GLI-01222-000,BraTS-GLI-01222,2,nnunet,heldout_with_persisted_training_manifest,1.2126576965674758,1351.78369140625,nnUNet_preprocessing_inference_resampling_export_after_read_warmup,f67351ece0c762564abc2fda59ffa8c2c05483e5a11fecd2a545f947348fc0da,31176,9162,3271740,5682,0.8077102440540961,0.6774445893089961,0.8458407944001303,0.7728692547969657,0.9972074752613764,0.9982663202968676,36.858,40.338,3.48,3.48,9.441640892072275,9.441640892072275,0,0,1.0,5.0990195135927845,1.3744929793273,0.7182073593139648,,medium,Nonfinite HD95 and/or Dice lower Tukey fence and/or HD95 upper Tukey fence; morphology requires image review
BraTS-GLI-01245-000,BraTS-GLI-01245,2,nnunet,heldout_with_persisted_training_manifest,1.261284865438938,1362.3935546875,nnUNet_preprocessing_inference_resampling_export_after_read_warmup,f67351ece0c762564abc2fda59ffa8c2c05483e5a11fecd2a545f947348fc0da,74066,30116,3527774,17580,0.7564393243050024,0.6082850150293195,0.8081749339851166,0.7109289512583747,0.9915354325175876,0.9950413978406668,91.646,104.182,12.536,12.536,13.67872029330249,13.67872029330249,0,0,1.0,8.06225774829855,2.215279816090711,0.5696786642074585,,large,Nonfinite HD95 and/or Dice lower Tukey fence and/or HD95 upper Tukey fence; morphology requires image review
BraTS-GLI-01247-000,BraTS-GLI-01247,2,nnunet,heldout_with_persisted_training_manifest,1.2194772325456142,1356.8095703125,nnUNet_preprocessing_inference_resampling_export_after_read_warmup,f67351ece0c762564abc2fda59ffa8c2c05483e5a11fecd2a545f947348fc0da,19069,2256,3621362,6849,0.8072730351586478,0.6768297011428978,0.7357434987267536,0.8942086752637749,0.999377417818324,0.9981122928076674,25.918,21.325,-4.593,4.593,-17.72127478972143,17.72127478972143,0,0,1.0,9.0,1.8609395490138632,0.6721563935279846,,medium,Nonfinite HD95 and/or Dice lower Tukey fence and/or HD95 upper Tukey fence; morphology requires image review
BraTS-GLI-01288-000,BraTS-GLI-01288,2,nnunet,heldout_with_persisted_training_manifest,1.2483164258301258,1363.8671875,nnUNet_preprocessing_inference_resampling_export_after_read_warmup,f67351ece0c762564abc2fda59ffa8c2c05483e5a11fecd2a545f947348fc0da,122952,10616,3515288,680,0.956080870917574,0.9158572194744056,0.9944998058755016,0.9205198850023958,0.9969891409408764,0.9998065966470684,123.632,133.568,9.936,9.936,8.036754238384884,8.036754238384884,0,0,1.0,43.94314508543966,3.2047082305873715,0.8976700901985168,,large,Nonfinite HD95 and/or Dice lower Tukey fence and/or HD95 upper Tukey fence; morphology requires image review
BraTS-GLI-01308-000,BraTS-GLI-01308,2,nnunet,heldout_with_persisted_training_manifest,1.2550591761246324,1360.60400390625,nnUNet_preprocessing_inference_resampling_export_after_read_warmup,f67351ece0c762564abc2fda59ffa8c2c05483e5a11fecd2a545f947348fc0da,6291,7725,3635291,229,0.6126801714063108,0.4416286416286416,0.964877300613497,0.4488441780821918,0.9978795042349524,0.9999370103864096,6.5200000000000005,14.016,7.496,7.496,114.96932515337424,114.96932515337424,0,0,1.0,77.90025379188057,17.767712075986587,0.5235359072685242,,small,Nonfinite HD95 and/or Dice lower Tukey fence and/or HD95 upper Tukey fence; morphology requires image review
BraTS-GLI-01311-000,BraTS-GLI-01311,2,nnunet,heldout_with_persisted_training_manifest,1.2173627959564328,1355.3720703125,nnUNet_preprocessing_inference_resampling_export_after_read_warmup,f67351ece0c762564abc2fda59ffa8c2c05483e5a11fecd2a545f947348fc0da,79098,262,3551795,18381,0.8945764226217068,0.809261210750862,0.8114363093589388,0.9966985887096774,0.9999262399223886,0.9948515143231034,97.479,79.36,-18.119,18.119,-18.58759322520748,18.58759322520748,0,0,1.0,30.82693409878059,4.765536076377343,0.7402141690254211,,large,Nonfinite HD95 and/or Dice lower Tukey fence and/or HD95 upper Tukey fence; morphology requires image review
BraTS-GLI-01341-000,BraTS-GLI-01341,2,nnunet,heldout_with_persisted_training_manifest,1.2595703369006517,1363.154296875,nnUNet_preprocessing_inference_resampling_export_after_read_warmup,f67351ece0c762564abc2fda59ffa8c2c05483e5a11fecd2a545f947348fc0da,3318,5025,3972947,22,0.5680047932893948,0.396652719665272,0.9934131736526948,0.3976986695433297,0.9987367935219252,0.9999944625794966,3.34,8.343,5.003,5.003,149.79041916167665,149.79041916167665,0,0,1.0,25.57537736732096,6.614528838598534,0.5595273971557617,,small,Nonfinite HD95 and/or Dice lower Tukey fence and/or HD95 upper Tukey fence; morphology requires image review
BraTS-GLI-01349-000,BraTS-GLI-01349,2,nnunet,heldout_with_persisted_training_manifest,1.2412360962480309,1362.1669921875,nnUNet_preprocessing_inference_resampling_export_after_read_warmup,f67351ece0c762564abc2fda59ffa8c2c05483e5a11fecd2a545f947348fc0da,9621,2943,3636600,372,0.8530389679478654,0.7437384044526901,0.9627739417592316,0.7657593123209169,0.9991913819949372,0.9998977171119272,9.993,12.564,2.571,2.571,25.728009606724708,25.728009606724708,0,0,1.0,24.60385957668732,1.6344094750444718,0.8795714974403381,,small,Nonfinite HD95 and/or Dice lower Tukey fence and/or HD95 upper Tukey fence; morphology requires image review
BraTS-GLI-01354-000,BraTS-GLI-01354,2,nnunet,heldout_with_persisted_training_manifest,1.2203025277704,1355.3720703125,nnUNet_preprocessing_inference_resampling_export_after_read_warmup,f67351ece0c762564abc2fda59ffa8c2c05483e5a11fecd2a545f947348fc0da,55088,1602,3586355,6491,0.9315712485943062,0.8719076937686963,0.894590688384027,0.9717410478038456,0.9995535063547306,0.9981933542378382,61.579,56.69,-4.889,4.889,-7.939394923594082,7.939394923594082,0,0,1.0,13.74772708486752,1.3348942454757784,0.8654510378837585,,large,Nonfinite HD95 and/or Dice lower Tukey fence and/or HD95 upper Tukey fence; morphology requires image review
BraTS-GLI-01366-000,BraTS-GLI-01366,2,nnunet,heldout_with_persisted_training_manifest,1.2153985425829887,1354.8095703125,nnUNet_preprocessing_inference_resampling_export_after_read_warmup,f67351ece0c762564abc2fda59ffa8c2c05483e5a11fecd2a545f947348fc0da,12832,2576,3631934,2194,0.8432673983045278,0.7290080672650835,0.8539864235325436,0.8328141225337488,0.999291238708932,0.999396278832226,15.026,15.408,0.382,0.382,2.542260082523626,2.542260082523626,0,0,1.0,27.1615525410583,2.9978301577669666,0.7921804189682007,,medium,Nonfinite HD95 and/or Dice lower Tukey fence and/or HD95 upper Tukey fence; morphology requires image review
BraTS-GLI-01370-000,BraTS-GLI-01370,2,nnunet,heldout_with_persisted_training_manifest,1.2108358638361096,1352.87890625,nnUNet_preprocessing_inference_resampling_export_after_read_warmup,f67351ece0c762564abc2fda59ffa8c2c05483e5a11fecd2a545f947348fc0da,56383,1445,3239551,20381,0.8378358297669996,0.7209272590111112,0.7344979417435256,0.9750121048626964,0.999554149403455,0.9937480290999936,76.764,57.828,-18.936,18.936,-24.667813037361263,24.667813037361263,0,0,1.0,28.845276662492488,6.060654730306365,0.6671387553215027,,large,Nonfinite HD95 and/or Dice lower Tukey fence and/or HD95 upper Tukey fence; morphology requires image review
BraTS-GLI-01482-000,BraTS-GLI-01482,2,nnunet,heldout_with_persisted_training_manifest,1.2653317069634795,1369.59130859375,nnUNet_preprocessing_inference_resampling_export_after_read_warmup,f67351ece0c762564abc2fda59ffa8c2c05483e5a11fecd2a545f947348fc0da,16888,3522,4390085,13185,0.6690569102470139,0.502693853251972,0.5615668539886277,0.827437530622244,0.9991983807381952,0.9970056344489436,30.073,20.41,-9.663,9.663,-32.13181258936588,32.13181258936588,0,0,1.0,110.7831181959544,12.551169563802906,0.3845424652099609,,medium,Nonfinite HD95 and/or Dice lower Tukey fence and/or HD95 upper Tukey fence; morphology requires image review
BraTS-GLI-00002-000,BraTS-GLI-00002,3,nnunet,heldout_with_persisted_training_manifest,0.7475342079997063,1463.02587890625,nnUNet_preprocessing_inference_resampling_export_after_read_warmup,f67351ece0c762564abc2fda59ffa8c2c05483e5a11fecd2a545f947348fc0da,117828,1321,3457621,72766,0.7608113823395525,0.613959304900607,0.6182146342487171,0.9889130416537276,0.9996180913123146,0.9793886619228996,190.594,119.149,-71.44500000000001,71.44500000000001,-37.48544025520216,37.48544025520216,0,0,1.0,13.19090595827292,3.3189189122197544,0.4898253977298736,72.0,large,Nonfinite HD95 and/or Dice lower Tukey fence and/or HD95 upper Tukey fence; morphology requires image review
BraTS-GLI-00025-000,BraTS-GLI-00025,3,nnunet,heldout_with_persisted_training_manifest,0.7576483879238367,1470.74462890625,nnUNet_preprocessing_inference_resampling_export_after_read_warmup,f67351ece0c762564abc2fda59ffa8c2c05483e5a11fecd2a545f947348fc0da,14462,12,3618967,16095,0.6423130732162288,0.4730936569727502,0.4732794449716922,0.9991709271797706,0.999996684147656,0.9955722901012416,30.557,14.474,-16.083000000000002,16.083000000000002,-52.632784631999215,52.632784631999215,0,0,1.0,20.83266665599966,5.034603130690208,0.4718032777309418,,medium,Nonfinite HD95 and/or Dice lower Tukey fence and/or HD95 upper Tukey fence; morphology requires image review
BraTS-GLI-00113-000,BraTS-GLI-00113,3,nnunet,heldout_with_persisted_training_manifest,0.7473305817693472,1465.4970703125,nnUNet_preprocessing_inference_resampling_export_after_read_warmup,f67351ece0c762564abc2fda59ffa8c2c05483e5a11fecd2a545f947348fc0da,25376,597,3610625,12938,0.7894597663602283,0.6521549176325461,0.6623166466565746,0.977014592076387,0.9998346819996112,0.996429481148803,38.314,25.973,-12.341,12.341,-32.21015816672757,32.21015816672757,0,0,1.0,10.816653826391969,2.462763040986708,0.6023979783058167,,medium,Nonfinite HD95 and/or Dice lower Tukey fence and/or HD95 upper Tukey fence; morphology requires image review
BraTS-GLI-00136-000,BraTS-GLI-00136,3,nnunet,heldout_with_persisted_training_manifest,0.7470115190371871,1465.3837890625,nnUNet_preprocessing_inference_resampling_export_after_read_warmup,f67351ece0c762564abc2fda59ffa8c2c05483e5a11fecd2a545f947348fc0da,54499,5304,3587064,2669,0.9318378059519026,0.8723748239211166,0.953313042261405,0.9113087972175308,0.9985235365641828,0.9992564906637904,57.168,59.803,2.635,2.635,4.609221942345368,4.609221942345368,0,0,1.0,18.384776310850235,1.891735667477074,0.8473880887031555,,large,Nonfinite HD95 and/or Dice lower Tukey fence and/or HD95 upper Tukey fence; morphology requires image review
BraTS-GLI-00143-000,BraTS-GLI-00143,3,nnunet,heldout_with_persisted_training_manifest,0.7600521733984351,1469.09033203125,nnUNet_preprocessing_inference_resampling_export_after_read_warmup,f67351ece0c762564abc2fda59ffa8c2c05483e5a11fecd2a545f947348fc0da,153194,72739,3414174,9429,0.7885298386847713,0.6508867191815161,0.9420192715667526,0.6780505725148606,0.979139427912311,0.9972458839415668,162.623,225.933,63.31,63.31,38.930532581492166,38.930532581492166,0,0,1.0,51.48397787042839,8.114948241462965,0.6948897838592529,,large,Nonfinite HD95 and/or Dice lower Tukey fence and/or HD95 upper Tukey fence; morphology requires image review
BraTS-GLI-00149-000,BraTS-GLI-00149,3,nnunet,heldout_with_persisted_training_manifest,0.7179323835298419,1463.85888671875,nnUNet_preprocessing_inference_resampling_export_after_read_warmup,f67351ece0c762564abc2fda59ffa8c2c05483e5a11fecd2a545f947348fc0da,17400,360,3624742,7034,0.8247618144759918,0.7017826893603291,0.712122452320537,0.9797297297297296,0.9999006924494814,0.9980632065413726,24.434,17.76,-6.674,6.674,-27.314397970041743,27.314397970041743,0,0,1.0,21.30727575266252,2.826180174878297,0.6830958724021912,,medium,Nonfinite HD95 and/or Dice lower Tukey fence and/or HD95 upper Tukey fence; morphology requires image review
BraTS-GLI-00176-000,BraTS-GLI-00176,3,nnunet,heldout_with_persisted_training_manifest,0.7479054518043995,1471.05126953125,nnUNet_preprocessing_inference_resampling_export_after_read_warmup,f67351ece0c762564abc2fda59ffa8c2c05483e5a11fecd2a545f947348fc0da,125187,5851,3514413,4085,0.9618301256194536,0.926466996736307,0.9683999628689894,0.9553488301103495,0.998337908747753,0.9988389932294972,129.272,131.038,1.766,1.766,1.3661117643418528,1.3661117643418528,0,0,1.0,32.57529692837402,1.7305733513635695,0.9381415247917176,,large,Nonfinite HD95 and/or Dice lower Tukey fence and/or HD95 upper Tukey fence; morphology requires image review
BraTS-GLI-00192-000,BraTS-GLI-00192,3,nnunet,heldout_with_persisted_training_manifest,0.7461567167192698,1469.0380859375,nnUNet_preprocessing_inference_resampling_export_after_read_warmup,f67351ece0c762564abc2fda59ffa8c2c05483e5a11fecd2a545f947348fc0da,34076,664,3944926,1646,0.967216371945162,0.9365140438630244,0.9539219528581826,0.9808865860679332,0.9998317108467936,0.9995829291851256,35.722,34.74,-0.982,0.982,-2.749006214657634,2.749006214657634,0,0,1.0,66.87376163316414,3.47133536962817,0.9424835443496704,,medium,Nonfinite HD95 and/or Dice lower Tukey fence and/or HD95 upper Tukey fence; morphology requires image review
BraTS-GLI-00242-000,BraTS-GLI-00242,3,nnunet,heldout_with_persisted_training_manifest,0.740848726592958,1466.384765625,nnUNet_preprocessing_inference_resampling_export_after_read_warmup,f67351ece0c762564abc2fda59ffa8c2c05483e5a11fecd2a545f947348fc0da,92379,2284,3480256,74617,0.7061022170076321,0.5457171550094518,0.5531809145129225,0.9758723049132184,0.999344156851034,0.9790099393142876,166.996,94.663,-72.333,72.333,-43.31421111882919,43.31421111882919,0,0,1.0,48.91829923454004,13.74922634823232,0.4857422709465027,,large,Nonfinite HD95 and/or Dice lower Tukey fence and/or HD95 upper Tukey fence; morphology requires image review
BraTS-GLI-00292-000,BraTS-GLI-00292,3,nnunet,heldout_with_persisted_training_manifest,0.7419753028079867,1472.18212890625,nnUNet_preprocessing_inference_resampling_export_after_read_warmup,f67351ece0c762564abc2fda59ffa8c2c05483e5a11fecd2a545f947348fc0da,28648,3439,4014172,8781,0.824213130790034,0.7009885484976021,0.7653958160784419,0.8928226384517094,0.9991440186717928,0.9978172750216072,37.429,32.087,-5.3420000000000005,5.3420000000000005,-14.272355660049694,14.272355660049694,0,0,1.0,12.328828005937952,1.8105309799891829,0.7316884398460388,,medium,Nonfinite HD95 and/or Dice lower Tukey fence and/or HD95 upper Tukey fence; morphology requires image review
BraTS-GLI-00431-000,BraTS-GLI-00431,3,nnunet,heldout_with_persisted_training_manifest,0.7419594516977668,1470.517578125,nnUNet_preprocessing_inference_resampling_export_after_read_warmup,f67351ece0c762564abc2fda59ffa8c2c05483e5a11fecd2a545f947348fc0da,16227,2779,3629271,1259,0.8893456099967116,0.800740192450037,0.9279995424911358,0.853783015889719,0.9992348673614074,0.999653218676061,17.486,19.006,1.52,1.52,8.692668420450646,8.692668420450646,0,0,1.0,43.5459441264945,2.917098219856409,0.8017199039459229,,medium,Nonfinite HD95 and/or Dice lower Tukey fence and/or HD95 upper Tukey fence; morphology requires image review
BraTS-GLI-00441-000,BraTS-GLI-00441,3,nnunet,heldout_with_persisted_training_manifest,0.7374147772789001,1465.52001953125,nnUNet_preprocessing_inference_resampling_export_after_read_warmup,f67351ece0c762564abc2fda59ffa8c2c05483e5a11fecd2a545f947348fc0da,43995,5768,3194029,240,0.9360837464626908,0.87984720916745,0.9945744320108512,0.8840905893937263,0.998197385646652,0.9999248654386966,44.235,49.763,5.5280000000000005,5.5280000000000005,12.496891601672884,12.496891601672884,0,0,1.0,18.466185312619388,1.817506683642328,0.849804699420929,,medium,Nonfinite HD95 and/or Dice lower Tukey fence and/or HD95 upper Tukey fence; morphology requires image review
BraTS-GLI-00464-000,BraTS-GLI-00464,3,nnunet,heldout_with_persisted_training_manifest,0.7515313345938921,1476.97607421875,nnUNet_preprocessing_inference_resampling_export_after_read_warmup,f67351ece0c762564abc2fda59ffa8c2c05483e5a11fecd2a545f947348fc0da,12271,744,3967575,722,0.9436327283912642,0.8932809201426803,0.9444316170245516,0.942835190165194,0.999812515072503,0.9998180579729792,12.993,13.015,0.022,0.022,0.1693219425844685,0.1693219425844685,0,0,1.0,55.47071299343465,2.205565020375747,0.9323530793190002,,medium,Nonfinite HD95 and/or Dice lower Tukey fence and/or HD95 upper Tukey fence; morphology requires image review
BraTS-GLI-00537-000,BraTS-GLI-00537,3,nnunet,heldout_with_persisted_training_manifest,0.7495964663103223,1474.36083984375,nnUNet_preprocessing_inference_resampling_export_after_read_warmup,f67351ece0c762564abc2fda59ffa8c2c05483e5a11fecd2a545f947348fc0da,65109,1066,3886847,28290,0.8160351937032349,0.6892394008362885,0.6971059647319564,0.9838911975821684,0.9997258169099976,0.9927741992170388,93.399,66.175,-27.224,27.224,-29.14806368376535,29.14806368376535,0,0,1.0,13.674794331177344,2.2736061559457914,0.7023300528526306,,large,Nonfinite HD95 and/or Dice lower Tukey fence and/or HD95 upper Tukey fence; morphology requires image review
BraTS-GLI-00540-001,BraTS-GLI-00540,3,nnunet,heldout_with_persisted_training_manifest,0.7524220729246736,1461.02587890625,nnUNet_preprocessing_inference_resampling_export_after_read_warmup,f67351ece0c762564abc2fda59ffa8c2c05483e5a11fecd2a545f947348fc0da,7534,1292,3640177,533,0.8919670869590954,0.8050005342451116,0.933928350068179,0.8536143213233628,0.9996451981329512,0.9998535999846184,8.067,8.826,0.759,0.759,9.408702119747115,9.408702119747115,0,0,1.0,46.87216172894385,3.175749618935193,0.8372797966003418,,small,Nonfinite HD95 and/or Dice lower Tukey fence and/or HD95 upper Tukey fence; morphology requires image review
BraTS-GLI-00559-000,BraTS-GLI-00559,3,nnunet,heldout_with_persisted_training_manifest,0.7419560961425304,1466.6201171875,nnUNet_preprocessing_inference_resampling_export_after_read_warmup,f67351ece0c762564abc2fda59ffa8c2c05483e5a11fecd2a545f947348fc0da,98809,541,3490162,60024,0.7654183273104735,0.6199819292983799,0.622093645527063,0.9945546049320584,0.9998450168920128,0.9830927168323012,158.833,99.35,-59.483,59.483,-37.45002612807162,37.45002612807162,0,0,1.0,52.69724850502159,14.534351098827988,0.4083186686038971,,large,Nonfinite HD95 and/or Dice lower Tukey fence and/or HD95 upper Tukey fence; morphology requires image review
BraTS-GLI-00559-001,BraTS-GLI-00559,3,nnunet,heldout_with_persisted_training_manifest,0.7220562687143683,1459.896484375,nnUNet_preprocessing_inference_resampling_export_after_read_warmup,f67351ece0c762564abc2fda59ffa8c2c05483e5a11fecd2a545f947348fc0da,109730,643,3443457,95706,0.6949136978363505,0.5324657048995773,0.5341322845070972,0.9941742998740634,0.9998133039110364,0.9729580129539104,205.436,110.373,-95.063,95.063,-46.27377869506805,46.27377869506805,0,0,1.0,56.621550667568265,15.17522621711315,0.4432010948657989,,large,Nonfinite HD95 and/or Dice lower Tukey fence and/or HD95 upper Tukey fence; morphology requires image review
BraTS-GLI-00561-000,BraTS-GLI-00561,3,nnunet,heldout_with_persisted_training_manifest,0.6180174294859171,1447.03466796875,nnUNet_preprocessing_inference_resampling_export_after_read_warmup,f67351ece0c762564abc2fda59ffa8c2c05483e5a11fecd2a545f947348fc0da,141957,9719,2796591,853,0.9641001609584156,0.9306885903664222,0.9940270289195434,0.9359226245417864,0.996536733290335,0.9996950787933556,142.81,151.67600000000002,8.866,8.866,6.208248722078286,6.208248722078286,0,0,1.0,22.301342687792623,1.2181000508554516,0.965815007686615,,large,Nonfinite HD95 and/or Dice lower Tukey fence and/or HD95 upper Tukey fence; morphology requires image review
BraTS-GLI-00606-000,BraTS-GLI-00606,3,nnunet,heldout_with_persisted_training_manifest,0.7586673302575946,1477.83837890625,nnUNet_preprocessing_inference_resampling_export_after_read_warmup,f67351ece0c762564abc2fda59ffa8c2c05483e5a11fecd2a545f947348fc0da,168989,14086,3790035,8202,0.9381346005451529,0.8834778880890019,0.9537109672613168,0.9230588556602484,0.9962971735126196,0.9978405770887916,177.191,183.075,5.884,5.884,3.320710419829449,3.320710419829449,0,0,1.0,25.78759391645525,1.7674943980015267,0.8829549551010132,,large,Nonfinite HD95 and/or Dice lower Tukey fence and/or HD95 upper Tukey fence; morphology requires image review
BraTS-GLI-00630-000,BraTS-GLI-00630,3,nnunet,heldout_with_persisted_training_manifest,0.7399301761761308,1472.18212890625,nnUNet_preprocessing_inference_resampling_export_after_read_warmup,f67351ece0c762564abc2fda59ffa8c2c05483e5a11fecd2a545f947348fc0da,58944,11337,4432705,2614,0.8941815396051245,0.8086151313533164,0.9575359823256115,0.8386903999658514,0.9974489440018792,0.9994106399111315,61.558,70.281,8.723,8.723,14.170375905649957,14.170375905649957,0,0,1.0,29.08607914449797,2.226684213324933,0.8917758464813232,,large,Nonfinite HD95 and/or Dice lower Tukey fence and/or HD95 upper Tukey fence; morphology requires image review
BraTS-GLI-00630-001,BraTS-GLI-00630,3,nnunet,heldout_with_persisted_training_manifest,0.7250585900619626,1466.28125,nnUNet_preprocessing_inference_resampling_export_after_read_warmup,f67351ece0c762564abc2fda59ffa8c2c05483e5a11fecd2a545f947348fc0da,112449,9810,3524287,2990,0.9461501569218084,0.8978035752780461,0.974098874730377,0.9197605084288272,0.9972241848483502,0.999152320614457,115.439,122.259,6.82,6.82,5.9078820849106455,5.9078820849106455,0,0,1.0,13.19090595827292,0.9904148015376952,0.928845465183258,,large,Nonfinite HD95 and/or Dice lower Tukey fence and/or HD95 upper Tukey fence; morphology requires image review
BraTS-GLI-00659-000,BraTS-GLI-00659,3,nnunet,heldout_with_persisted_training_manifest,0.7351771779358387,1465.45166015625,nnUNet_preprocessing_inference_resampling_export_after_read_warmup,f67351ece0c762564abc2fda59ffa8c2c05483e5a11fecd2a545f947348fc0da,28490,4789,3946430,1603,0.8991352647857098,0.8167536265122413,0.9467317980925796,0.8560954355599627,0.9987879689786874,0.9995939750250314,30.093,33.279,3.186,3.186,10.587179742797328,10.587179742797328,0,0,1.0,30.26878425945796,3.448118247927741,0.8268223404884338,,medium,Nonfinite HD95 and/or Dice lower Tukey fence and/or HD95 upper Tukey fence; morphology requires image review
BraTS-GLI-00705-000,BraTS-GLI-00705,3,nnunet,heldout_with_persisted_training_manifest,0.7654839493334293,1482.15087890625,nnUNet_preprocessing_inference_resampling_export_after_read_warmup,f67351ece0c762564abc2fda59ffa8c2c05483e5a11fecd2a545f947348fc0da,16037,7211,4890660,1292,0.7904477906203021,0.6535044824775876,0.925442899186335,0.6898227804542326,0.99852772765963,0.9997358927479256,17.329,23.248,5.9190000000000005,5.9190000000000005,34.1566160770962,34.1566160770962,0,0,1.0,47.12748667179272,9.101138522981444,0.7357164621353149,,medium,Nonfinite HD95 and/or Dice lower Tukey fence and/or HD95 upper Tukey fence; morphology requires image review
BraTS-GLI-00757-000,BraTS-GLI-00757,3,nnunet,heldout_with_persisted_training_manifest,0.7425671350210905,1466.0,nnUNet_preprocessing_inference_resampling_export_after_read_warmup,f67351ece0c762564abc2fda59ffa8c2c05483e5a11fecd2a545f947348fc0da,53065,5628,3576911,13932,0.8443790277667277,0.730671256454389,0.7920503903159843,0.9041112228034008,0.9984290471087685,0.9961201311224132,66.997,58.693,-8.304,8.304,-12.394584832156664,12.394584832156664,0,0,1.0,15.660453667213428,1.883132610316287,0.7687334418296814,,large,Nonfinite HD95 and/or Dice lower Tukey fence and/or HD95 upper Tukey fence; morphology requires image review
BraTS-GLI-01035-000,BraTS-GLI-01035,3,nnunet,heldout_with_persisted_training_manifest,0.6272544264793396,1457.52099609375,nnUNet_preprocessing_inference_resampling_export_after_read_warmup,f67351ece0c762564abc2fda59ffa8c2c05483e5a11fecd2a545f947348fc0da,1972,4,3314011,1773,0.6893899667890229,0.5260069351827154,0.5265687583444593,0.9979757085020244,0.9999987930048596,0.9994652848315811,3.745,1.976,-1.769,1.769,-47.236315086782376,47.236315086782376,0,0,1.0,6.782329983125268,1.7956145153902954,0.5304648876190186,,small,Nonfinite HD95 and/or Dice lower Tukey fence and/or HD95 upper Tukey fence; morphology requires image review
BraTS-GLI-01059-000,BraTS-GLI-01059,3,nnunet,heldout_with_persisted_training_manifest,0.7368407305330038,1469.06103515625,nnUNet_preprocessing_inference_resampling_export_after_read_warmup,f67351ece0c762564abc2fda59ffa8c2c05483e5a11fecd2a545f947348fc0da,33723,1791,3605556,8466,0.8679973746187406,0.7667803547066848,0.7993315793216241,0.9495691839837812,0.9995035132467156,0.9976574575362296,42.189,35.514,-6.675,6.675,-15.82165967432269,15.82165967432269,0,0,1.0,17.558468891723034,2.1724148803575005,0.7764338254928589,,medium,Nonfinite HD95 and/or Dice lower Tukey fence and/or HD95 upper Tukey fence; morphology requires image review
BraTS-GLI-01075-000,BraTS-GLI-01075,3,nnunet,heldout_with_persisted_training_manifest,0.7235859595239162,1461.02587890625,nnUNet_preprocessing_inference_resampling_export_after_read_warmup,f67351ece0c762564abc2fda59ffa8c2c05483e5a11fecd2a545f947348fc0da,79230,3175,3100147,61480,0.7102167043901128,0.5506480870139348,0.5630729869945278,0.9614707845397732,0.9989769028157568,0.9805543158633198,140.71,82.405,-58.305,58.305,-41.43628739961623,41.43628739961623,0,0,1.0,16.55294535724685,3.5626810908221063,0.4993505775928497,,large,Nonfinite HD95 and/or Dice lower Tukey fence and/or HD95 upper Tukey fence; morphology requires image review
BraTS-GLI-01089-000,BraTS-GLI-01089,3,nnunet,heldout_with_persisted_training_manifest,0.7379613853991032,1465.482421875,nnUNet_preprocessing_inference_resampling_export_after_read_warmup,f67351ece0c762564abc2fda59ffa8c2c05483e5a11fecd2a545f947348fc0da,152607,5614,3480272,11043,0.948249453973797,0.901591596559221,0.9325206232813932,0.964517984338362,0.9983895055661602,0.9968370084051424,163.65,158.221,-5.429,5.429,-3.3174457684081884,3.3174457684081884,0,0,1.0,40.70626487409524,2.259137196586801,0.911174774169922,,large,Nonfinite HD95 and/or Dice lower Tukey fence and/or HD95 upper Tukey fence; morphology requires image review
BraTS-GLI-01091-000,BraTS-GLI-01091,3,nnunet,heldout_with_persisted_training_manifest,0.730123458430171,1461.8994140625,nnUNet_preprocessing_inference_resampling_export_after_read_warmup,f67351ece0c762564abc2fda59ffa8c2c05483e5a11fecd2a545f947348fc0da,2854,412,3642334,3936,0.5676213206046141,0.3962788114412663,0.4203240058910162,0.8738518064911206,0.99988689851008,0.9989205407169518,6.79,3.266,-3.524,3.524,-51.89985272459499,51.89985272459499,0,0,1.0,7.442861109988353,1.8595246622970427,0.6206148862838745,,small,Nonfinite HD95 and/or Dice lower Tukey fence and/or HD95 upper Tukey fence; morphology requires image review
BraTS-GLI-01179-000,BraTS-GLI-01179,3,nnunet,heldout_with_persisted_training_manifest,0.717362361960113,1463.02587890625,nnUNet_preprocessing_inference_resampling_export_after_read_warmup,f67351ece0c762564abc2fda59ffa8c2c05483e5a11fecd2a545f947348fc0da,71597,3507,3540715,33717,0.7936791229256505,0.6579336708907289,0.6798431357654253,0.9533047507456328,0.9990105021638036,0.9905671726305046,105.314,75.104,-30.21,30.21,-28.6856448335454,28.6856448335454,0,0,1.0,8.306623862918075,2.4831215044358617,0.413327157497406,,large,Nonfinite HD95 and/or Dice lower Tukey fence and/or HD95 upper Tukey fence; morphology requires image review
BraTS-GLI-01240-000,BraTS-GLI-01240,3,nnunet,heldout_with_persisted_training_manifest,0.741053625009954,1466.177734375,nnUNet_preprocessing_inference_resampling_export_after_read_warmup,f67351ece0c762564abc2fda59ffa8c2c05483e5a11fecd2a545f947348fc0da,16080,1409,3611785,20262,0.5974252753989338,0.4259489814839342,0.4424632656430576,0.9194350734747556,0.9996100403133626,0.9944213276975766,36.342,17.489,-18.853,18.853,-51.87661658686919,51.87661658686919,0,0,1.0,19.72308292331602,5.433138132006733,0.3583083748817444,,medium,Nonfinite HD95 and/or Dice lower Tukey fence and/or HD95 upper Tukey fence; morphology requires image review
BraTS-GLI-01279-000,BraTS-GLI-01279,3,nnunet,heldout_with_persisted_training_manifest,0.6217767456546426,1453.05322265625,nnUNet_preprocessing_inference_resampling_export_after_read_warmup,f67351ece0c762564abc2fda59ffa8c2c05483e5a11fecd2a545f947348fc0da,11650,1125,3300917,4068,0.8177447092268276,0.6916820043935166,0.7411884463672223,0.9119373776908024,0.9996593017290512,0.9987691320838068,15.718,12.775,-2.943,2.943,-18.723756203079272,18.723756203079272,0,0,1.0,39.84532154736012,2.464700305070537,0.7588953971862793,,medium,Nonfinite HD95 and/or Dice lower Tukey fence and/or HD95 upper Tukey fence; morphology requires image review
BraTS-GLI-01295-000,BraTS-GLI-01295,3,nnunet,heldout_with_persisted_training_manifest,0.7195635242387652,1457.79150390625,nnUNet_preprocessing_inference_resampling_export_after_read_warmup,f67351ece0c762564abc2fda59ffa8c2c05483e5a11fecd2a545f947348fc0da,36531,684,3610168,2153,0.9626213784107828,0.927936395041658,0.9443439147968152,0.9816203143893591,0.999810571023127,0.9994039843081498,38.684,37.215,-1.469,1.469,-3.797435632302761,3.797435632302761,0,0,1.0,29.745587147957018,1.3384100699309989,0.941821038722992,,medium,Nonfinite HD95 and/or Dice lower Tukey fence and/or HD95 upper Tukey fence; morphology requires image review
BraTS-GLI-01399-000,BraTS-GLI-01399,3,nnunet,heldout_with_persisted_training_manifest,0.7249788697808981,1462.15087890625,nnUNet_preprocessing_inference_resampling_export_after_read_warmup,f67351ece0c762564abc2fda59ffa8c2c05483e5a11fecd2a545f947348fc0da,22585,270,3213882,7295,0.8565468853702475,0.7490878938640133,0.7558567603748326,0.9881863924742944,0.9999159965054546,0.9977352998608894,29.88,22.855,-7.025,7.025,-23.51070950468541,23.51070950468541,0,0,1.0,34.24251666025939,4.85683543614947,0.7197206020355225,,medium,Nonfinite HD95 and/or Dice lower Tukey fence and/or HD95 upper Tukey fence; morphology requires image review
BraTS-GLI-01413-000,BraTS-GLI-01413,3,nnunet,heldout_with_persisted_training_manifest,0.7462310874834657,1474.3017578125,nnUNet_preprocessing_inference_resampling_export_after_read_warmup,f67351ece0c762564abc2fda59ffa8c2c05483e5a11fecd2a545f947348fc0da,160409,15403,3865710,13518,0.917306906007051,0.847245550097713,0.9222777372115888,0.9123893704639048,0.9960312930852568,0.996515286031138,173.927,175.812,1.885,1.885,1.0837880260109127,1.0837880260109127,0,0,1.0,13.175722150150058,1.6312455605556049,0.8063715100288391,,large,Nonfinite HD95 and/or Dice lower Tukey fence and/or HD95 upper Tukey fence; morphology requires image review
BraTS-GLI-01439-000,BraTS-GLI-01439,3,nnunet,heldout_with_persisted_training_manifest,0.7699326621368527,1469.0478515625,nnUNet_preprocessing_inference_resampling_export_after_read_warmup,f67351ece0c762564abc2fda59ffa8c2c05483e5a11fecd2a545f947348fc0da,14748,1880,3628766,4142,0.8304521650993862,0.7100625902744343,0.7807305452620434,0.886937695453452,0.999482185814866,0.9988598665311644,18.89,16.628,-2.262,2.262,-11.97458973001588,11.97458973001588,0,0,1.0,3.605551275463989,1.564342853323215,0.5508461594581604,,medium,Nonfinite HD95 and/or Dice lower Tukey fence and/or HD95 upper Tukey fence; morphology requires image review
BraTS-GLI-01461-000,BraTS-GLI-01461,3,nnunet,heldout_with_persisted_training_manifest,0.7371960943564773,1465.591796875,nnUNet_preprocessing_inference_resampling_export_after_read_warmup,f67351ece0c762564abc2fda59ffa8c2c05483e5a11fecd2a545f947348fc0da,62650,1438,3570820,14628,0.8863517394564464,0.7958991818689974,0.8107093868888946,0.9775621021095992,0.999597453487402,0.9959201751078248,77.278,64.08800000000001,-13.19,13.19,-17.068247107844407,17.068247107844407,0,0,1.0,16.55294535724685,2.555447418979184,0.6847479939460754,,large,Nonfinite HD95 and/or Dice lower Tukey fence and/or HD95 upper Tukey fence; morphology requires image review
BraTS-GLI-01469-000,BraTS-GLI-01469,3,nnunet,heldout_with_persisted_training_manifest,0.7347469022497535,1466.205078125,nnUNet_preprocessing_inference_resampling_export_after_read_warmup,f67351ece0c762564abc2fda59ffa8c2c05483e5a11fecd2a545f947348fc0da,37345,1878,3594942,15371,0.812386473640131,0.6840495292522988,0.7084186964109568,0.9521199296331234,0.999477872120373,0.9957424744059588,52.716,39.223,-13.493,13.493,-25.59564458608392,25.59564458608392,0,0,1.0,17.4928556845359,2.60220829124697,0.6961687803268433,,large,Nonfinite HD95 and/or Dice lower Tukey fence and/or HD95 upper Tukey fence; morphology requires image review
BraTS-GLI-01525-000,BraTS-GLI-01525,3,nnunet,heldout_with_persisted_training_manifest,0.7432512603700161,1471.16064453125,nnUNet_preprocessing_inference_resampling_export_after_read_warmup,f67351ece0c762564abc2fda59ffa8c2c05483e5a11fecd2a545f947348fc0da,26232,286,3611784,11234,0.8199549887471868,0.694850603941513,0.7001548070250361,0.9892148729165096,0.9999208210250632,0.9968992701664744,37.466,26.518,-10.948,10.948,-29.22116051887044,29.22116051887044,0,0,1.0,15.684387141358124,3.190642144568618,0.5862035155296326,,medium,Nonfinite HD95 and/or Dice lower Tukey fence and/or HD95 upper Tukey fence; morphology requires image review
BraTS-GLI-00098-000,BraTS-GLI-00098,4,nnunet,heldout_with_persisted_training_manifest,1.245508898049593,1464.25244140625,nnUNet_preprocessing_inference_resampling_export_after_read_warmup,f67351ece0c762564abc2fda59ffa8c2c05483e5a11fecd2a545f947348fc0da,29172,3341,3580026,36997,0.5912324436067368,0.4196806214933103,0.4408711027822696,0.8972411035585766,0.9990676366668556,0.9897714225206752,66.169,32.513,-33.656,33.656,-50.86369750185132,50.86369750185132,0,0,1.0,12.0,3.088627624022092,0.494910717010498,,large,Nonfinite HD95 and/or Dice lower Tukey fence and/or HD95 upper Tukey fence; morphology requires image review
BraTS-GLI-00210-000,BraTS-GLI-00210,4,nnunet,heldout_with_persisted_training_manifest,1.3044569995254278,1465.45556640625,nnUNet_preprocessing_inference_resampling_export_after_read_warmup,f67351ece0c762564abc2fda59ffa8c2c05483e5a11fecd2a545f947348fc0da,28212,295,3618012,3017,0.9445560466050624,0.8949371907118386,0.903391078804957,0.9896516645034552,0.999918470157452,0.9991668114229408,31.229,28.507,-2.722,2.722,-8.716257324922347,8.716257324922347,0,0,1.0,13.379088160259652,1.3506481100652303,0.8797518610954285,,medium,Nonfinite HD95 and/or Dice lower Tukey fence and/or HD95 upper Tukey fence; morphology requires image review
BraTS-GLI-00239-000,BraTS-GLI-00239,4,nnunet,heldout_with_persisted_training_manifest,1.289816414937377,1474.37744140625,nnUNet_preprocessing_inference_resampling_export_after_read_warmup,f67351ece0c762564abc2fda59ffa8c2c05483e5a11fecd2a545f947348fc0da,58720,4894,3907755,9943,0.8878338637858434,0.7982924806612559,0.8551912966226352,0.9230672493476278,0.9987491850150628,0.9974620299982284,68.663,63.614,-5.049,5.049,-7.35330527358257,7.35330527358257,0,0,1.0,14.783427099926811,2.106408031565138,0.8133871555328369,,large,Nonfinite HD95 and/or Dice lower Tukey fence and/or HD95 upper Tukey fence; morphology requires image review
BraTS-GLI-00250-000,BraTS-GLI-00250,4,nnunet,heldout_with_persisted_training_manifest,1.1356062907725573,1452.22216796875,nnUNet_preprocessing_inference_resampling_export_after_read_warmup,f67351ece0c762564abc2fda59ffa8c2c05483e5a11fecd2a545f947348fc0da,89603,572,3213174,14411,0.9228432094505868,0.8567399078270515,0.8614513430884304,0.9936567784862766,0.9998220145587112,0.995535051749218,104.014,90.175,-13.839,13.839,-13.304939719653124,13.304939719653124,0,0,1.0,12.973036977770976,1.66482295697843,0.8043566942214966,,large,Nonfinite HD95 and/or Dice lower Tukey fence and/or HD95 upper Tukey fence; morphology requires image review
BraTS-GLI-00270-000,BraTS-GLI-00270,4,nnunet,heldout_with_persisted_training_manifest,1.1425162060186267,1452.22216796875,nnUNet_preprocessing_inference_resampling_export_after_read_warmup,f67351ece0c762564abc2fda59ffa8c2c05483e5a11fecd2a545f947348fc0da,24495,635,2899787,24203,0.6635693774719619,0.4965236251596294,0.5029980697359234,0.9747313967369676,0.9997810663413806,0.9917226119104374,48.698,25.13,-23.568,23.568,-48.39623803852314,48.39623803852314,0,0,1.0,22.11334438749598,4.469100948023181,0.527083694934845,,medium,Nonfinite HD95 and/or Dice lower Tukey fence and/or HD95 upper Tukey fence; morphology requires image review
BraTS-GLI-00410-000,BraTS-GLI-00410,4,nnunet,heldout_with_persisted_training_manifest,1.2357482500374315,1463.02587890625,nnUNet_preprocessing_inference_resampling_export_after_read_warmup,f67351ece0c762564abc2fda59ffa8c2c05483e5a11fecd2a545f947348fc0da,44442,2846,3594852,7396,0.89667695660069,0.8127057274522712,0.8573247424669161,0.9398155980375572,0.99920893860463,0.997946837641384,51.838,47.288,-4.55,4.55,-8.777344804969328,8.777344804969328,0,0,1.0,20.73644135332772,2.142143916303444,0.833563506603241,,large,Nonfinite HD95 and/or Dice lower Tukey fence and/or HD95 upper Tukey fence; morphology requires image review
BraTS-GLI-00493-000,BraTS-GLI-00493,4,nnunet,heldout_with_persisted_training_manifest,1.2591337487101557,1461.8671875,nnUNet_preprocessing_inference_resampling_export_after_read_warmup,f67351ece0c762564abc2fda59ffa8c2c05483e5a11fecd2a545f947348fc0da,10890,74034,3541051,23561,0.1824502617801047,0.1003825413651657,0.3161011291399379,0.1282323018228062,0.9795208134801808,0.993390304470725,34.451,84.924,50.473,50.473,146.50663260863254,146.50663260863254,0,0,1.0,40.024992192379,16.85869922628331,0.1403749585151672,,medium,Nonfinite HD95 and/or Dice lower Tukey fence and/or HD95 upper Tukey fence; morphology requires image review
BraTS-GLI-00494-000,BraTS-GLI-00494,4,nnunet,heldout_with_persisted_training_manifest,1.3144411416724324,1467.49658203125,nnUNet_preprocessing_inference_resampling_export_after_read_warmup,f67351ece0c762564abc2fda59ffa8c2c05483e5a11fecd2a545f947348fc0da,97843,532,3474654,76507,0.7175213126776057,0.5594801065861552,0.5611872669916834,0.9945921219822108,0.99984691466874,0.9784557782651928,174.35,98.375,-75.97500000000001,75.97500000000001,-43.5761399483797,43.5761399483797,0,0,1.0,26.115129714401192,5.098028855874465,0.5355908870697021,,large,Nonfinite HD95 and/or Dice lower Tukey fence and/or HD95 upper Tukey fence; morphology requires image review
BraTS-GLI-00496-000,BraTS-GLI-00496,4,nnunet,heldout_with_persisted_training_manifest,1.3076598215848207,1470.74462890625,nnUNet_preprocessing_inference_resampling_export_after_read_warmup,f67351ece0c762564abc2fda59ffa8c2c05483e5a11fecd2a545f947348fc0da,32221,1485,3934299,13307,0.8133124668702829,0.6853636228277284,0.7077183271832719,0.955942562155106,0.9996226927087464,0.9966290962167956,45.528,33.706,-11.822,11.822,-25.96643823581093,25.96643823581093,0,0,1.0,7.3484692283495345,1.532418314289839,0.6956953406333923,,medium,Nonfinite HD95 and/or Dice lower Tukey fence and/or HD95 upper Tukey fence; morphology requires image review
BraTS-GLI-00501-000,BraTS-GLI-00501,4,nnunet,heldout_with_persisted_training_manifest,1.245548142120242,1463.02587890625,nnUNet_preprocessing_inference_resampling_export_after_read_warmup,f67351ece0c762564abc2fda59ffa8c2c05483e5a11fecd2a545f947348fc0da,141048,1479,3453907,53102,0.8378831936841542,0.7209973981362682,0.7264898274530003,0.9896230187964384,0.9995719725668856,0.9848583222911604,194.15,142.52700000000002,-51.623,51.623,-26.589235127478755,26.589235127478755,0,0,1.0,14.596230485276466,2.773986662492244,0.6064608097076416,,large,Nonfinite HD95 and/or Dice lower Tukey fence and/or HD95 upper Tukey fence; morphology requires image review
BraTS-GLI-00502-000,BraTS-GLI-00502,4,nnunet,heldout_with_persisted_training_manifest,1.28934995085001,1472.18212890625,nnUNet_preprocessing_inference_resampling_export_after_read_warmup,f67351ece0c762564abc2fda59ffa8c2c05483e5a11fecd2a545f947348fc0da,51980,860,3553129,43567,0.7006004569133415,0.5391724667295943,0.5440254534417617,0.9837244511733536,0.9997580183844126,0.9878869384568504,95.547,52.84,-42.707,42.707,-44.697374067213,44.697374067213,0,0,1.0,8.54400374531753,3.137678971635802,0.3188758790493011,,large,Nonfinite HD95 and/or Dice lower Tukey fence and/or HD95 upper Tukey fence; morphology requires image review
BraTS-GLI-00514-000,BraTS-GLI-00514,4,nnunet,heldout_with_persisted_training_manifest,1.2814814001321793,1469.052734375,nnUNet_preprocessing_inference_resampling_export_after_read_warmup,f67351ece0c762564abc2fda59ffa8c2c05483e5a11fecd2a545f947348fc0da,27834,259,3608927,12516,0.8133483336498984,0.6854145632741511,0.689814126394052,0.990780621507137,0.999928238666558,0.9965439190952337,40.35,28.093,-12.257,12.257,-30.37670384138785,30.37670384138785,0,0,1.0,18.43908891458577,2.6689938880276154,0.7206843495368958,,medium,Nonfinite HD95 and/or Dice lower Tukey fence and/or HD95 upper Tukey fence; morphology requires image review
BraTS-GLI-00518-000,BraTS-GLI-00518,4,nnunet,heldout_with_persisted_training_manifest,1.2684864019975066,1465.541015625,nnUNet_preprocessing_inference_resampling_export_after_read_warmup,f67351ece0c762564abc2fda59ffa8c2c05483e5a11fecd2a545f947348fc0da,53376,4337,3920660,2939,0.936191110955204,0.8800369320055398,0.9478114179170736,0.924852286313309,0.9988950310025716,0.9992509428206092,56.315,57.713,1.398,1.398,2.4824647074491697,2.4824647074491697,0,0,1.0,31.20737055388546,2.158315802964312,0.9113855361938475,,large,Nonfinite HD95 and/or Dice lower Tukey fence and/or HD95 upper Tukey fence; morphology requires image review
BraTS-GLI-00588-000,BraTS-GLI-00588,4,nnunet,heldout_with_persisted_training_manifest,1.1569567928090692,1457.142578125,nnUNet_preprocessing_inference_resampling_export_after_read_warmup,f67351ece0c762564abc2fda59ffa8c2c05483e5a11fecd2a545f947348fc0da,76767,10418,3580194,19021,0.8391074092898952,0.7228122704931925,0.8014260658955192,0.8805069679417331,0.9970985447606148,0.9947152365168516,95.788,87.185,-8.603,8.603,-8.981292019877229,8.981292019877229,0,0,1.0,21.840329667841555,2.594160665010761,0.7592678070068359,,large,Nonfinite HD95 and/or Dice lower Tukey fence and/or HD95 upper Tukey fence; morphology requires image review
BraTS-GLI-00607-000,BraTS-GLI-00607,4,nnunet,heldout_with_persisted_training_manifest,1.2671565935015678,1465.80810546875,nnUNet_preprocessing_inference_resampling_export_after_read_warmup,f67351ece0c762564abc2fda59ffa8c2c05483e5a11fecd2a545f947348fc0da,52754,4083,3554325,38374,0.7130605210691717,0.5540746342334394,0.5789000087788605,0.9281629924169116,0.998852576770286,0.9893188936785408,91.128,56.837,-34.291000000000004,34.291000000000004,-37.62948819243263,37.62948819243263,0,0,1.0,24.5356882927706,5.1284833525347455,0.6113368272781372,,large,Nonfinite HD95 and/or Dice lower Tukey fence and/or HD95 upper Tukey fence; morphology requires image review
BraTS-GLI-00607-001,BraTS-GLI-00607,4,nnunet,heldout_with_persisted_training_manifest,1.3064118260517716,1468.9677734375,nnUNet_preprocessing_inference_resampling_export_after_read_warmup,f67351ece0c762564abc2fda59ffa8c2c05483e5a11fecd2a545f947348fc0da,64349,2213,3955122,33356,0.7834683777021556,0.644018094837767,0.6586049843917916,0.9667528018989814,0.9994407852759496,0.9916369101195996,97.705,66.562,-31.143,31.143,-31.874520239496444,31.874520239496444,0,0,1.0,26.70205984563738,5.603480466482227,0.621618390083313,,large,Nonfinite HD95 and/or Dice lower Tukey fence and/or HD95 upper Tukey fence; morphology requires image review
BraTS-GLI-00642-000,BraTS-GLI-00642,4,nnunet,heldout_with_persisted_training_manifest,1.2726858397945762,1466.95849609375,nnUNet_preprocessing_inference_resampling_export_after_read_warmup,f67351ece0c762564abc2fda59ffa8c2c05483e5a11fecd2a545f947348fc0da,14967,3190,3626808,4571,0.7941106247512932,0.6585269271383316,0.7660456546217628,0.8243101834003415,0.9991212116370312,0.9987412495363333,19.538,18.157,-1.381,1.381,-7.068277203398505,7.068277203398505,0,0,1.0,5.196152422706632,1.3095501424925493,0.7605665326118469,,medium,Nonfinite HD95 and/or Dice lower Tukey fence and/or HD95 upper Tukey fence; morphology requires image review
BraTS-GLI-00656-000,BraTS-GLI-00656,4,nnunet,heldout_with_persisted_training_manifest,1.2652261443436146,1466.95849609375,nnUNet_preprocessing_inference_resampling_export_after_read_warmup,f67351ece0c762564abc2fda59ffa8c2c05483e5a11fecd2a545f947348fc0da,119539,4602,3519391,6004,0.9575223081975616,0.9185062814553,0.952175748548306,0.9629292498046575,0.9986940950223226,0.9982969284292966,125.543,124.141,-1.402,1.402,-1.1167488430258956,1.1167488430258956,0,0,1.0,47.89572005931219,4.087533739033037,0.8533307313919067,,large,Nonfinite HD95 and/or Dice lower Tukey fence and/or HD95 upper Tukey fence; morphology requires image review
BraTS-GLI-00676-000,BraTS-GLI-00676,4,nnunet,heldout_with_persisted_training_manifest,1.3048195773735642,1470.74462890625,nnUNet_preprocessing_inference_resampling_export_after_read_warmup,f67351ece0c762564abc2fda59ffa8c2c05483e5a11fecd2a545f947348fc0da,66645,5852,3973185,9358,0.8975757575757576,0.8141836173721825,0.8768732813178427,0.9192794184586948,0.9985292923890882,0.9976502450820997,76.003,72.497,-3.506,3.506,-4.612975803586701,4.612975803586701,0,0,1.0,33.896902513356586,3.7231452334091095,0.7822425365447998,,large,Nonfinite HD95 and/or Dice lower Tukey fence and/or HD95 upper Tukey fence; morphology requires image review
BraTS-GLI-00685-000,BraTS-GLI-00685,4,nnunet,heldout_with_persisted_training_manifest,1.2832446414977312,1471.04443359375,nnUNet_preprocessing_inference_resampling_export_after_read_warmup,f67351ece0c762564abc2fda59ffa8c2c05483e5a11fecd2a545f947348fc0da,65104,1766,3890213,24229,0.8335819414479876,0.7146510938649162,0.7287788387270102,0.9735905488260804,0.999546246267002,0.9938103566229872,89.333,66.87,-22.463,22.463,-25.14524307926522,25.14524307926522,0,0,1.0,14.45683229480096,2.0858497087389587,0.7682737708091736,,large,Nonfinite HD95 and/or Dice lower Tukey fence and/or HD95 upper Tukey fence; morphology requires image review
BraTS-GLI-00685-001,BraTS-GLI-00685,4,nnunet,heldout_with_persisted_training_manifest,1.2665491411462426,1465.52099609375,nnUNet_preprocessing_inference_resampling_export_after_read_warmup,f67351ece0c762564abc2fda59ffa8c2c05483e5a11fecd2a545f947348fc0da,89396,1484,3533996,24660,0.8724284654721474,0.7737233858404016,0.7837904187416708,0.9836707746478872,0.9995802550148778,0.9930704175958563,114.056,90.88,-23.176,23.176,-20.31984288419724,20.31984288419724,0,0,1.0,15.684387141358124,1.858170391472156,0.8181549310684204,,large,Nonfinite HD95 and/or Dice lower Tukey fence and/or HD95 upper Tukey fence; morphology requires image review
BraTS-GLI-00729-000,BraTS-GLI-00729,4,nnunet,heldout_with_persisted_training_manifest,1.1210703440010548,1447.44873046875,nnUNet_preprocessing_inference_resampling_export_after_read_warmup,f67351ece0c762564abc2fda59ffa8c2c05483e5a11fecd2a545f947348fc0da,12136,103,2867124,4221,0.848790040565114,0.7373025516403402,0.7419453445008254,0.9915842797614184,0.9999640767891764,0.9985299572151728,16.357,12.239,-4.118,4.118,-25.17576572721159,25.17576572721159,0,0,1.0,13.638181696985855,2.263046650448191,0.7105737328529358,,medium,Nonfinite HD95 and/or Dice lower Tukey fence and/or HD95 upper Tukey fence; morphology requires image review
BraTS-GLI-00781-000,BraTS-GLI-00781,4,nnunet,heldout_with_persisted_training_manifest,1.2663327008485794,1472.18212890625,nnUNet_preprocessing_inference_resampling_export_after_read_warmup,f67351ece0c762564abc2fda59ffa8c2c05483e5a11fecd2a545f947348fc0da,123931,8415,3919567,3127,0.9555056976762116,0.9148022115107808,0.9753891923373578,0.9364166654073414,0.9978576785738836,0.9992028437599262,127.058,132.346,5.288,5.288,4.161878826992397,4.161878826992397,0,0,1.0,41.37934234165324,1.94838193063523,0.9321628212928772,,large,Nonfinite HD95 and/or Dice lower Tukey fence and/or HD95 upper Tukey fence; morphology requires image review
BraTS-GLI-00830-000,BraTS-GLI-00830,4,nnunet,heldout_with_persisted_training_manifest,1.1722859032452106,1460.22021484375,nnUNet_preprocessing_inference_resampling_export_after_read_warmup,f67351ece0c762564abc2fda59ffa8c2c05483e5a11fecd2a545f947348fc0da,65796,131,3616663,3810,0.9709222108268836,0.943487675122245,0.945263339367296,0.9980129537215404,0.9999637800770516,0.9989476513151736,69.606,65.927,-3.679,3.679,-5.285463896790507,5.285463896790507,0,0,1.0,15.524174696260024,0.9825050510148268,0.9465757012367249,,large,Nonfinite HD95 and/or Dice lower Tukey fence and/or HD95 upper Tukey fence; morphology requires image review
BraTS-GLI-00837-000,BraTS-GLI-00837,4,nnunet,heldout_with_persisted_training_manifest,1.2341828038915992,1461.8349609375,nnUNet_preprocessing_inference_resampling_export_after_read_warmup,f67351ece0c762564abc2fda59ffa8c2c05483e5a11fecd2a545f947348fc0da,19043,1297,3623543,5653,0.845679012345679,0.732620320855615,0.7710965338516359,0.9362340216322516,0.9996421911036072,0.9984423547253992,24.696,20.34,-4.356,4.356,-17.638483965014576,17.638483965014576,0,0,1.0,27.46998217103768,4.999100913721874,0.7327072024345398,,medium,Nonfinite HD95 and/or Dice lower Tukey fence and/or HD95 upper Tukey fence; morphology requires image review
BraTS-GLI-01034-000,BraTS-GLI-01034,4,nnunet,heldout_with_persisted_training_manifest,1.234406467527151,1461.96142578125,nnUNet_preprocessing_inference_resampling_export_after_read_warmup,f67351ece0c762564abc2fda59ffa8c2c05483e5a11fecd2a545f947348fc0da,25652,4749,3207741,5890,0.8282453223124485,0.7068419167286655,0.8132648532115909,0.8437880332883787,0.998521707460568,0.9981671822309406,31.542,30.401,-1.141,1.141,-3.61739902352419,3.61739902352419,0,0,1.0,5.656854249492381,1.6790938613954238,0.6317845582962036,,medium,Nonfinite HD95 and/or Dice lower Tukey fence and/or HD95 upper Tukey fence; morphology requires image review
BraTS-GLI-01064-000,BraTS-GLI-01064,4,nnunet,heldout_with_persisted_training_manifest,1.2830708110705018,1472.18212890625,nnUNet_preprocessing_inference_resampling_export_after_read_warmup,f67351ece0c762564abc2fda59ffa8c2c05483e5a11fecd2a545f947348fc0da,24596,11891,3604127,8922,0.7026926648096564,0.5416547380475236,0.7338146667462259,0.6741031052155563,0.99671157610388,0.9975306174923174,33.518,36.487,2.969,2.969,8.85792708395489,8.85792708395489,0,0,1.0,20.024984394500787,2.692357585832718,0.6306957602500916,,medium,Nonfinite HD95 and/or Dice lower Tukey fence and/or HD95 upper Tukey fence; morphology requires image review
BraTS-GLI-01067-000,BraTS-GLI-01067,4,nnunet,heldout_with_persisted_training_manifest,1.2694447878748178,1464.482421875,nnUNet_preprocessing_inference_resampling_export_after_read_warmup,f67351ece0c762564abc2fda59ffa8c2c05483e5a11fecd2a545f947348fc0da,133150,3614,3496222,16550,0.9296107015192135,0.8684790691000169,0.8894455577822311,0.9735749173759176,0.9989673801858144,0.995288621066212,149.70000000000002,136.764,-12.936,12.936,-8.641282565130261,8.641282565130261,0,0,1.0,66.94027188471824,6.23937058046067,0.8520795106887817,,large,Nonfinite HD95 and/or Dice lower Tukey fence and/or HD95 upper Tukey fence; morphology requires image review
BraTS-GLI-01070-000,BraTS-GLI-01070,4,nnunet,heldout_with_persisted_training_manifest,1.2812352627515793,1474.96337890625,nnUNet_preprocessing_inference_resampling_export_after_read_warmup,f67351ece0c762564abc2fda59ffa8c2c05483e5a11fecd2a545f947348fc0da,118361,5238,3826790,30923,0.8674853325417853,0.7659815430812441,0.7928579084161732,0.957621016351265,0.9986330997581436,0.9919841107931048,149.284,123.599,-25.685,25.685,-17.205460732563438,17.205460732563438,0,0,1.0,20.024984394500787,2.408571064071164,0.7814883589744568,,large,Nonfinite HD95 and/or Dice lower Tukey fence and/or HD95 upper Tukey fence; morphology requires image review
BraTS-GLI-01147-000,BraTS-GLI-01147,4,nnunet,heldout_with_persisted_training_manifest,1.244506218470633,1463.02587890625,nnUNet_preprocessing_inference_resampling_export_after_read_warmup,f67351ece0c762564abc2fda59ffa8c2c05483e5a11fecd2a545f947348fc0da,9283,89,3232053,2607,0.8732010158969052,0.7749394774188163,0.780740117746005,0.9905036278275716,0.9999724640810954,0.9991940420322384,11.89,9.372,-2.518,2.518,-21.17746005046257,21.17746005046257,0,0,1.0,85.69568157380138,10.369684997548212,0.8147729635238647,,medium,Nonfinite HD95 and/or Dice lower Tukey fence and/or HD95 upper Tukey fence; morphology requires image review
BraTS-GLI-01170-000,BraTS-GLI-01170,4,nnunet,heldout_with_persisted_training_manifest,1.236464117653668,1461.02587890625,nnUNet_preprocessing_inference_resampling_export_after_read_warmup,f67351ece0c762564abc2fda59ffa8c2c05483e5a11fecd2a545f947348fc0da,101661,47404,3499901,570,0.8090936584744683,0.6793931900959,0.9944243918185286,0.6819910777177741,0.9866366156843012,0.9998371647701124,102.231,149.065,46.834,46.834,45.81193571421584,45.81193571421584,0,0,1.0,8.366600265340756,2.0444994577168534,0.6491231322288513,,large,Nonfinite HD95 and/or Dice lower Tukey fence and/or HD95 upper Tukey fence; morphology requires image review
BraTS-GLI-01184-000,BraTS-GLI-01184,4,nnunet,heldout_with_persisted_training_manifest,1.0564045058563352,1369.52197265625,nnUNet_preprocessing_inference_resampling_export_after_read_warmup,f67351ece0c762564abc2fda59ffa8c2c05483e5a11fecd2a545f947348fc0da,22875,2068,2586850,9647,0.7961367789089011,0.6613183000867303,0.7033700264436381,0.917090967405685,0.9992012106988324,0.9962846096105638,32.522,24.943,-7.579,7.579,-23.30422483242113,23.30422483242113,0,0,1.0,6.324555320336759,2.014394177982586,0.5149661302566528,,medium,Nonfinite HD95 and/or Dice lower Tukey fence and/or HD95 upper Tukey fence; morphology requires image review
BraTS-GLI-01204-000,BraTS-GLI-01204,4,nnunet,heldout_with_persisted_training_manifest,1.2302638459950686,1457.8544921875,nnUNet_preprocessing_inference_resampling_export_after_read_warmup,f67351ece0c762564abc2fda59ffa8c2c05483e5a11fecd2a545f947348fc0da,25878,10009,3204216,3929,0.7878345054342862,0.6499397227245328,0.868185325594659,0.7210967759913061,0.9968860300694568,0.998775304732174,29.807,35.887,6.08,6.08,20.39789311235616,20.39789311235616,0,0,1.0,5.385164807134504,1.6039345068643285,0.6335038542747498,,medium,Nonfinite HD95 and/or Dice lower Tukey fence and/or HD95 upper Tukey fence; morphology requires image review
BraTS-GLI-01212-000,BraTS-GLI-01212,4,nnunet,heldout_with_persisted_training_manifest,1.2910774145275354,1472.18212890625,nnUNet_preprocessing_inference_resampling_export_after_read_warmup,f67351ece0c762564abc2fda59ffa8c2c05483e5a11fecd2a545f947348fc0da,24889,1430,3947831,7162,0.8528010964536576,0.743376840596159,0.7765436335839755,0.945666628671302,0.999637906940058,0.9981891244813834,32.051,26.319,-5.732,5.732,-17.883997379176936,17.883997379176936,0,0,1.0,21.61018278497431,3.146603989096229,0.6785014867782593,,medium,Nonfinite HD95 and/or Dice lower Tukey fence and/or HD95 upper Tukey fence; morphology requires image review
BraTS-GLI-01218-000,BraTS-GLI-01218,4,nnunet,heldout_with_persisted_training_manifest,1.237532401457429,1463.02587890625,nnUNet_preprocessing_inference_resampling_export_after_read_warmup,f67351ece0c762564abc2fda59ffa8c2c05483e5a11fecd2a545f947348fc0da,41793,22811,3581607,3325,0.7617979985782249,0.6152453296824626,0.9263043574626536,0.6469104080242709,0.9936713777369884,0.999072506814634,45.118,64.604,19.486,19.486,43.18897114233787,43.18897114233787,0,0,1.0,6.0,1.732618660392118,0.6546608209609985,,medium,Nonfinite HD95 and/or Dice lower Tukey fence and/or HD95 upper Tukey fence; morphology requires image review
BraTS-GLI-01255-000,BraTS-GLI-01255,4,nnunet,heldout_with_persisted_training_manifest,1.3027508864179254,1468.93310546875,nnUNet_preprocessing_inference_resampling_export_after_read_warmup,f67351ece0c762564abc2fda59ffa8c2c05483e5a11fecd2a545f947348fc0da,7338,4532,3637491,175,0.7571583346231233,0.6092154420921544,0.9767070411287102,0.6181971356360573,0.9987556366338158,0.999951892229798,7.513,11.87,4.357,4.357,57.99281245840543,57.99281245840543,0,0,1.0,3.0,1.1450287090104505,0.7340258359909058,,small,Nonfinite HD95 and/or Dice lower Tukey fence and/or HD95 upper Tukey fence; morphology requires image review
BraTS-GLI-01269-000,BraTS-GLI-01269,4,nnunet,heldout_with_persisted_training_manifest,1.2726312577724457,1469.0283203125,nnUNet_preprocessing_inference_resampling_export_after_read_warmup,f67351ece0c762564abc2fda59ffa8c2c05483e5a11fecd2a545f947348fc0da,57192,5974,3972277,19597,0.817291272194634,0.6910334328141803,0.7447941762492024,0.9054238039451604,0.9984983350723724,0.9950907769132994,76.789,63.166,-13.623,13.623,-17.740822253187307,17.740822253187307,0,0,1.0,20.85065687496057,2.536433278352236,0.6878522634506226,,large,Nonfinite HD95 and/or Dice lower Tukey fence and/or HD95 upper Tukey fence; morphology requires image review
BraTS-GLI-01273-000,BraTS-GLI-01273,4,nnunet,heldout_with_persisted_training_manifest,1.2456867946311831,1463.02587890625,nnUNet_preprocessing_inference_resampling_export_after_read_warmup,f67351ece0c762564abc2fda59ffa8c2c05483e5a11fecd2a545f947348fc0da,5183,60,3642191,2102,0.82742656449553,0.7056501021102791,0.711461908030199,0.988556170131604,0.999983526670732,0.999423207738785,7.285,5.243,-2.0420000000000003,2.0420000000000003,-28.03019903912148,28.03019903912148,0,0,1.0,4.0,1.115378437835512,0.7487168312072754,,small,Nonfinite HD95 and/or Dice lower Tukey fence and/or HD95 upper Tukey fence; morphology requires image review
BraTS-GLI-01282-000,BraTS-GLI-01282,4,nnunet,heldout_with_persisted_training_manifest,1.271802787669003,1465.55419921875,nnUNet_preprocessing_inference_resampling_export_after_read_warmup,f67351ece0c762564abc2fda59ffa8c2c05483e5a11fecd2a545f947348fc0da,78838,1338,3928332,46532,0.7671080925924124,0.6222022287464091,0.6288426258275505,0.9833117142286968,0.9996595133942544,0.9882934359515192,125.37,80.176,-45.194,45.194,-36.0484964505065,36.0484964505065,0,0,1.0,11.180339887498947,2.9222926329164,0.413212239742279,,large,Nonfinite HD95 and/or Dice lower Tukey fence and/or HD95 upper Tukey fence; morphology requires image review
BraTS-GLI-01293-000,BraTS-GLI-01293,4,nnunet,heldout_with_persisted_training_manifest,1.281519060023129,1469.00439453125,nnUNet_preprocessing_inference_resampling_export_after_read_warmup,f67351ece0c762564abc2fda59ffa8c2c05483e5a11fecd2a545f947348fc0da,49931,5211,3514804,79590,0.5407796905714735,0.3705949588813348,0.3855050532346106,0.9054985310652496,0.9985196085812136,0.9778571853836836,129.52100000000002,55.142,-74.379,74.379,-57.42620887732491,57.42620887732491,0,0,1.0,24.04163056034261,4.507703536553575,0.5412662625312805,,large,Nonfinite HD95 and/or Dice lower Tukey fence and/or HD95 upper Tukey fence; morphology requires image review
BraTS-GLI-01351-000,BraTS-GLI-01351,4,nnunet,heldout_with_persisted_training_manifest,1.291610736399889,1477.14599609375,nnUNet_preprocessing_inference_resampling_export_after_read_warmup,f67351ece0c762564abc2fda59ffa8c2c05483e5a11fecd2a545f947348fc0da,79158,367,4308627,35528,0.8151752475400467,0.6880133503689604,0.6902150218858448,0.9953850990254636,0.9999148293081864,0.9918216546140732,114.686,79.525,-35.161,35.161,-30.658493626074677,30.658493626074677,0,0,1.0,8.306623862918075,2.640378646132829,0.4601543247699737,,large,Nonfinite HD95 and/or Dice lower Tukey fence and/or HD95 upper Tukey fence; morphology requires image review
BraTS-GLI-01364-000,BraTS-GLI-01364,4,nnunet,heldout_with_persisted_training_manifest,1.2481726249679923,1461.02587890625,nnUNet_preprocessing_inference_resampling_export_after_read_warmup,f67351ece0c762564abc2fda59ffa8c2c05483e5a11fecd2a545f947348fc0da,8568,997,3193339,41128,0.2891615058807648,0.1690174185785019,0.1724082421120412,0.8957658128593832,0.99968788505655,0.9872844583048768,49.696,9.565,-40.131,40.131,-80.75297810688988,80.75297810688988,0,0,1.0,45.86937976471886,14.125094471900823,0.2060754895210266,,medium,Nonfinite HD95 and/or Dice lower Tukey fence and/or HD95 upper Tukey fence; morphology requires image review
BraTS-GLI-01405-000,BraTS-GLI-01405,4,nnunet,heldout_with_persisted_training_manifest,1.2767856204882264,1465.52099609375,nnUNet_preprocessing_inference_resampling_export_after_read_warmup,f67351ece0c762564abc2fda59ffa8c2c05483e5a11fecd2a545f947348fc0da,5509,175,3638410,5442,0.6623384430417794,0.495146503685062,0.5030590813624326,0.9692118226600984,0.9999519043804116,0.9985065255120132,10.951,5.684,-5.267,5.267,-48.09606428636654,48.09606428636654,0,0,1.0,30.083217912982647,7.398111963427717,0.5651298761367798,,medium,Nonfinite HD95 and/or Dice lower Tukey fence and/or HD95 upper Tukey fence; morphology requires image review
BraTS-GLI-01451-000,BraTS-GLI-01451,4,nnunet,heldout_with_persisted_training_manifest,1.2860631123185158,1472.18212890625,nnUNet_preprocessing_inference_resampling_export_after_read_warmup,f67351ece0c762564abc2fda59ffa8c2c05483e5a11fecd2a545f947348fc0da,10350,2463,3959774,8725,0.6491470145509283,0.4805460117002507,0.5425950196592398,0.8077733551861391,0.9993783814547188,0.9978014357569448,19.075,12.813,-6.2620000000000005,6.2620000000000005,-32.82830930537352,32.82830930537352,0,0,1.0,74.00675644831355,9.44523202695017,0.3661300837993622,,medium,Nonfinite HD95 and/or Dice lower Tukey fence and/or HD95 upper Tukey fence; morphology requires image review
BraTS-GLI-01467-000,BraTS-GLI-01467,4,nnunet,heldout_with_persisted_training_manifest,1.2710323771461844,1465.52294921875,nnUNet_preprocessing_inference_resampling_export_after_read_warmup,f67351ece0c762564abc2fda59ffa8c2c05483e5a11fecd2a545f947348fc0da,201195,13433,3429969,4939,0.9563363611733,0.9163262238861032,0.976039857568378,0.9374126395437689,0.9960989161300364,0.9985621157830136,206.134,214.628,8.494,8.494,4.120620567203858,4.120620567203858,0,0,1.0,19.439648669595925,1.313560520805524,0.917129635810852,,large,Nonfinite HD95 and/or Dice lower Tukey fence and/or HD95 upper Tukey fence; morphology requires image review
BraTS-GLI-01470-000,BraTS-GLI-01470,4,nnunet,heldout_with_persisted_training_manifest,1.2740514893084764,1461.8359375,nnUNet_preprocessing_inference_resampling_export_after_read_warmup,f67351ece0c762564abc2fda59ffa8c2c05483e5a11fecd2a545f947348fc0da,67395,7135,3568574,6432,0.9085516692842266,0.8324275586077419,0.9128774025762932,0.9042667382262176,0.9980045915369512,0.9982008421804048,73.827,74.53,0.7030000000000001,0.7030000000000001,0.952226150324407,0.952226150324407,0,0,1.0,14.89966442575134,1.5440039666106098,0.8193652033805847,,large,Nonfinite HD95 and/or Dice lower Tukey fence and/or HD95 upper Tukey fence; morphology requires image review
BraTS-GLI-01502-000,BraTS-GLI-01502,4,nnunet,heldout_with_persisted_training_manifest,1.2659779889509082,1464.25244140625,nnUNet_preprocessing_inference_resampling_export_after_read_warmup,f67351ece0c762564abc2fda59ffa8c2c05483e5a11fecd2a545f947348fc0da,41934,717,3573953,32932,0.7136669588229788,0.5548072979373668,0.5601207490716748,0.9831891397622564,0.9997994220445524,0.9908696839516646,74.866,42.651,-32.215,32.215,-43.03021398231507,43.03021398231507,0,0,1.0,15.905973720586866,4.057839870021248,0.4029088020324707,,large,Nonfinite HD95 and/or Dice lower Tukey fence and/or HD95 upper Tukey fence; morphology requires image review
BraTS-GLI-01519-000,BraTS-GLI-01519,4,nnunet,heldout_with_persisted_training_manifest,1.1283508008345962,1452.22216796875,nnUNet_preprocessing_inference_resampling_export_after_read_warmup,f67351ece0c762564abc2fda59ffa8c2c05483e5a11fecd2a545f947348fc0da,18936,1641,3288808,8375,0.7908453057133311,0.6540480795799944,0.6933470030390685,0.9202507654176992,0.9995012838673384,0.9974599529355817,27.311,20.577,-6.734,6.734,-24.65673171981985,24.65673171981985,0,0,1.0,8.306623862918075,1.7748250088117223,0.6767820715904236,,medium,Nonfinite HD95 and/or Dice lower Tukey fence and/or HD95 upper Tukey fence; morphology requires image review
BraTS-GLI-01533-000,BraTS-GLI-01533,4,nnunet,heldout_with_persisted_training_manifest,1.2900421563535929,1472.18212890625,nnUNet_preprocessing_inference_resampling_export_after_read_warmup,f67351ece0c762564abc2fda59ffa8c2c05483e5a11fecd2a545f947348fc0da,324490,13140,3274613,37293,0.9278923897611284,0.8654843794592489,0.8969188712570795,0.9610816574356544,0.996003349400031,0.9887397166465474,361.783,337.63,-24.153,24.153,-6.676101419911936,6.676101419911936,0,0,1.0,44.395945760846224,2.7640747321162102,0.7419490814208984,,large,Nonfinite HD95 and/or Dice lower Tukey fence and/or HD95 upper Tukey fence; morphology requires image review
BraTS-GLI-00102-000,BraTS-GLI-00102,5,nnunet,heldout_with_persisted_training_manifest,1.2486779037863016,1360.58251953125,nnUNet_preprocessing_inference_resampling_export_after_read_warmup,f67351ece0c762564abc2fda59ffa8c2c05483e5a11fecd2a545f947348fc0da,9965,1652,3634932,2987,0.8111848264072612,0.6823473021090112,0.7693792464484249,0.857794611345442,0.9995457275289118,0.9991789261937938,12.952,11.617,-1.335,1.335,-10.307288449660284,10.307288449660284,0,0,1.0,4.123105625617661,1.2207957087762606,0.7215616703033447,,medium,Nonfinite HD95 and/or Dice lower Tukey fence and/or HD95 upper Tukey fence; morphology requires image review
BraTS-GLI-00124-000,BraTS-GLI-00124,5,nnunet,heldout_with_persisted_training_manifest,1.2550959577783942,1360.6455078125,nnUNet_preprocessing_inference_resampling_export_after_read_warmup,f67351ece0c762564abc2fda59ffa8c2c05483e5a11fecd2a545f947348fc0da,133052,178,3473302,43004,0.8603816532271101,0.7549735011405291,0.7557368110146772,0.9986639645725436,0.999948754563147,0.9877701201203763,176.056,133.23,-42.826,42.826,-24.325214704412232,24.325214704412232,0,0,1.0,15.556349186104043,3.2436755707187577,0.3728998005390167,,large,Nonfinite HD95 and/or Dice lower Tukey fence and/or HD95 upper Tukey fence; morphology requires image review
BraTS-GLI-00185-000,BraTS-GLI-00185,5,nnunet,heldout_with_persisted_training_manifest,1.2579033188521862,1360.90625,nnUNet_preprocessing_inference_resampling_export_after_read_warmup,f67351ece0c762564abc2fda59ffa8c2c05483e5a11fecd2a545f947348fc0da,39264,13865,3573159,23248,0.6790671128751913,0.5140814643151734,0.6281034041464039,0.7390314141052909,0.9961346787754974,0.9935357705621194,62.512,53.129,-9.383,9.383,-15.00991809572562,15.00991809572562,0,0,1.0,14.798648586948742,2.8508498867037195,0.5726581811904907,,large,Nonfinite HD95 and/or Dice lower Tukey fence and/or HD95 upper Tukey fence; morphology requires image review
BraTS-GLI-00196-000,BraTS-GLI-00196,5,nnunet,heldout_with_persisted_training_manifest,1.2261226354166863,1352.6962890625,nnUNet_preprocessing_inference_resampling_export_after_read_warmup,f67351ece0c762564abc2fda59ffa8c2c05483e5a11fecd2a545f947348fc0da,89949,5939,3219542,2330,0.9560549937024028,0.9158097293775072,0.9747504849424028,0.9380631570165192,0.998158724233688,0.9992768179493164,92.279,95.888,3.609,3.609,3.910965658492181,3.910965658492181,0,0,1.0,43.42810150121693,2.898080704624182,0.9298694729804992,,large,Nonfinite HD95 and/or Dice lower Tukey fence and/or HD95 upper Tukey fence; morphology requires image review
BraTS-GLI-00258-000,BraTS-GLI-00258,5,nnunet,heldout_with_persisted_training_manifest,1.2516876673325896,1356.97021484375,nnUNet_preprocessing_inference_resampling_export_after_read_warmup,f67351ece0c762564abc2fda59ffa8c2c05483e5a11fecd2a545f947348fc0da,19484,21265,3202363,920,0.6372213955161644,0.4675898149703617,0.954910801803568,0.4781467029865763,0.9934033951808336,0.999712794654734,20.404,40.749,20.345,20.345,99.71084101156636,99.71084101156636,0,0,1.0,14.422205101855956,2.9025919808534404,0.5970823764801025,,medium,Nonfinite HD95 and/or Dice lower Tukey fence and/or HD95 upper Tukey fence; morphology requires image review
BraTS-GLI-00321-000,BraTS-GLI-00321,5,nnunet,heldout_with_persisted_training_manifest,1.2640297217294574,1363.33251953125,nnUNet_preprocessing_inference_resampling_export_after_read_warmup,f67351ece0c762564abc2fda59ffa8c2c05483e5a11fecd2a545f947348fc0da,17510,3906,3956654,3242,0.830487573515462,0.7101143645064482,0.8437740940632228,0.8176129996264475,0.9990137758296808,0.9991812916298812,20.752,21.416,0.664,0.664,3.199691595990748,3.199691595990748,0,0,1.0,78.88092205988005,3.158500798127408,0.7316299080848694,,medium,Nonfinite HD95 and/or Dice lower Tukey fence and/or HD95 upper Tukey fence; morphology requires image review
BraTS-GLI-00344-000,BraTS-GLI-00344,5,nnunet,heldout_with_persisted_training_manifest,1.2005932377651334,1355.7158203125,nnUNet_preprocessing_inference_resampling_export_after_read_warmup,f67351ece0c762564abc2fda59ffa8c2c05483e5a11fecd2a545f947348fc0da,26236,426,3612173,10701,0.8250444189374047,0.7021920081363916,0.7102904946259848,0.98402220388568,0.9998820793561644,0.9970462676869248,36.937,26.662,-10.275,10.275,-27.81763543330536,27.81763543330536,0,0,1.0,5.830951894845301,1.4736880444595526,0.666174590587616,,medium,Nonfinite HD95 and/or Dice lower Tukey fence and/or HD95 upper Tukey fence; morphology requires image review
BraTS-GLI-00390-000,BraTS-GLI-00390,5,nnunet,heldout_with_persisted_training_manifest,1.2436907710507512,1359.681640625,nnUNet_preprocessing_inference_resampling_export_after_read_warmup,f67351ece0c762564abc2fda59ffa8c2c05483e5a11fecd2a545f947348fc0da,15300,943,3631537,1756,0.9189465149103576,0.8500472248458247,0.8970450281425891,0.9419442221264543,0.9997403977447914,0.9995166918825428,17.056,16.243000000000002,-0.8130000000000001,0.8130000000000001,-4.766651031894934,4.766651031894934,0,0,1.0,60.94259594077036,3.0843938773692856,0.8896211385726929,,medium,Nonfinite HD95 and/or Dice lower Tukey fence and/or HD95 upper Tukey fence; morphology requires image review
BraTS-GLI-00538-000,BraTS-GLI-00538,5,nnunet,heldout_with_persisted_training_manifest,1.2480161702260375,1360.62060546875,nnUNet_preprocessing_inference_resampling_export_after_read_warmup,f67351ece0c762564abc2fda59ffa8c2c05483e5a11fecd2a545f947348fc0da,149925,7506,3430465,61640,0.8126104348014612,0.6843671686348262,0.7086474605913077,0.952321969624788,0.9978167355105672,0.9823487552636592,211.565,157.431,-54.134,54.134,-25.58740812516248,25.58740812516248,0,0,1.0,12.727922061357855,2.969999660688089,0.4516170918941498,,large,Nonfinite HD95 and/or Dice lower Tukey fence and/or HD95 upper Tukey fence; morphology requires image review
BraTS-GLI-00550-000,BraTS-GLI-00550,5,nnunet,heldout_with_persisted_training_manifest,1.2188846161589026,1356.82373046875,nnUNet_preprocessing_inference_resampling_export_after_read_warmup,f67351ece0c762564abc2fda59ffa8c2c05483e5a11fecd2a545f947348fc0da,20664,327,3618369,10176,0.7973606528911269,0.6630089517759168,0.6700389105058365,0.9844218950978992,0.999909635957262,0.9971955701252154,30.84,20.991,-9.849,9.849,-31.93579766536965,31.93579766536965,0,0,1.0,6.082762530298219,1.6997782968752704,0.5702148079872131,,medium,Nonfinite HD95 and/or Dice lower Tukey fence and/or HD95 upper Tukey fence; morphology requires image review
BraTS-GLI-00555-000,BraTS-GLI-00555,5,nnunet,heldout_with_persisted_training_manifest,1.1983016449958086,1355.3720703125,nnUNet_preprocessing_inference_resampling_export_after_read_warmup,f67351ece0c762564abc2fda59ffa8c2c05483e5a11fecd2a545f947348fc0da,24205,20,3273186,20349,0.7038485584262638,0.5430295688069278,0.5432733312384971,0.9991744066047472,0.999993889782678,0.993821532183505,44.554,24.225,-20.329,20.329,-45.627777528392514,45.627777528392514,0,0,1.0,10.3440804327886,2.905945349877749,0.4477456212043762,,medium,Nonfinite HD95 and/or Dice lower Tukey fence and/or HD95 upper Tukey fence; morphology requires image review
BraTS-GLI-00619-001,BraTS-GLI-00619,5,nnunet,heldout_with_persisted_training_manifest,1.2341828104108572,1360.5888671875,nnUNet_preprocessing_inference_resampling_export_after_read_warmup,f67351ece0c762564abc2fda59ffa8c2c05483e5a11fecd2a545f947348fc0da,17594,252,3625228,6462,0.8397689847739964,0.7237946355109429,0.731376787495843,0.985879188613695,0.9999304919624435,0.9982206631072588,24.056,17.846,-6.21,6.21,-25.81476554705687,25.81476554705687,0,0,1.0,23.727621035409346,3.968652787257156,0.6734035611152649,,medium,Nonfinite HD95 and/or Dice lower Tukey fence and/or HD95 upper Tukey fence; morphology requires image review
BraTS-GLI-00638-000,BraTS-GLI-00638,5,nnunet,heldout_with_persisted_training_manifest,1.2664865283295512,1367.5126953125,nnUNet_preprocessing_inference_resampling_export_after_read_warmup,f67351ece0c762564abc2fda59ffa8c2c05483e5a11fecd2a545f947348fc0da,114408,50911,3861766,27955,0.7436769131765915,0.5919471837908875,0.8036357761497018,0.6920438667061862,0.9869881924830494,0.992813109217859,142.363,165.31900000000002,22.956,22.956,16.124976292997477,16.124976292997477,0,0,1.0,13.601470508735444,2.3847486906388107,0.642195999622345,,large,Nonfinite HD95 and/or Dice lower Tukey fence and/or HD95 upper Tukey fence; morphology requires image review
BraTS-GLI-00654-000,BraTS-GLI-00654,5,nnunet,heldout_with_persisted_training_manifest,1.2220154702663422,1356.83837890625,nnUNet_preprocessing_inference_resampling_export_after_read_warmup,f67351ece0c762564abc2fda59ffa8c2c05483e5a11fecd2a545f947348fc0da,70602,1845,3550258,26831,0.8311984930539205,0.7111545357481013,0.7246210216251168,0.9745331069609507,0.9994805893860624,0.9924992081550108,97.433,72.447,-24.986,24.986,-25.644288895959274,25.644288895959274,0,0,1.0,11.04536101718726,2.0687324103898703,0.6913771629333496,,large,Nonfinite HD95 and/or Dice lower Tukey fence and/or HD95 upper Tukey fence; morphology requires image review
BraTS-GLI-00731-000,BraTS-GLI-00731,5,nnunet,heldout_with_persisted_training_manifest,1.2164289625361562,1354.8095703125,nnUNet_preprocessing_inference_resampling_export_after_read_warmup,f67351ece0c762564abc2fda59ffa8c2c05483e5a11fecd2a545f947348fc0da,11458,9562,3296719,21,0.7051293885965721,0.5445558671165819,0.9981705723495078,0.5450999048525214,0.9971079288179074,0.9999936300709186,11.479,21.02,9.541,9.541,83.11699625402909,83.11699625402909,0,0,1.0,8.06225774829855,2.367844236828617,0.4727254211902618,,medium,Nonfinite HD95 and/or Dice lower Tukey fence and/or HD95 upper Tukey fence; morphology requires image review
BraTS-GLI-00731-001,BraTS-GLI-00731,5,nnunet,heldout_with_persisted_training_manifest,1.233446164987981,1355.7158203125,nnUNet_preprocessing_inference_resampling_export_after_read_warmup,f67351ece0c762564abc2fda59ffa8c2c05483e5a11fecd2a545f947348fc0da,18638,619,3625826,4453,0.8802304713327666,0.7860818220160269,0.807154302542116,0.9678558446279276,0.9998293094201072,0.9987733725148948,23.091,19.257,-3.834,3.834,-16.603871638300635,16.603871638300635,0,0,1.0,62.37788069500277,4.903925213017482,0.7983601689338684,,medium,Nonfinite HD95 and/or Dice lower Tukey fence and/or HD95 upper Tukey fence; morphology requires image review
BraTS-GLI-00753-000,BraTS-GLI-00753,5,nnunet,heldout_with_persisted_training_manifest,1.117088700644672,1346.755859375,nnUNet_preprocessing_inference_resampling_export_after_read_warmup,f67351ece0c762564abc2fda59ffa8c2c05483e5a11fecd2a545f947348fc0da,5909,5983,3231169,971,0.6295546558704453,0.4593796159527326,0.8588662790697674,0.4968886646485032,0.998151770445132,0.9996995798449324,6.88,11.892,5.0120000000000005,5.0120000000000005,72.84883720930233,72.84883720930233,0,0,1.0,21.207307601801592,3.2259030503706354,0.5914444923400879,,small,Nonfinite HD95 and/or Dice lower Tukey fence and/or HD95 upper Tukey fence; morphology requires image review
BraTS-GLI-00753-001,BraTS-GLI-00753,5,nnunet,heldout_with_persisted_training_manifest,1.2019177675247192,1351.8447265625,nnUNet_preprocessing_inference_resampling_export_after_read_warmup,f67351ece0c762564abc2fda59ffa8c2c05483e5a11fecd2a545f947348fc0da,2478,4342,3642386,330,0.5147486497714998,0.3465734265734265,0.8824786324786325,0.3633431085043988,0.998809343608846,0.99990940825472,2.8080000000000003,6.82,4.0120000000000005,4.0120000000000005,142.87749287749287,142.87749287749287,0,0,1.0,42.485291572496,7.8057303407869565,0.428663045167923,,small,Nonfinite HD95 and/or Dice lower Tukey fence and/or HD95 upper Tukey fence; morphology requires image review
BraTS-GLI-01050-000,BraTS-GLI-01050,5,nnunet,heldout_with_persisted_training_manifest,1.2494252808392048,1360.6455078125,nnUNet_preprocessing_inference_resampling_export_after_read_warmup,f67351ece0c762564abc2fda59ffa8c2c05483e5a11fecd2a545f947348fc0da,26129,4402,3610975,8030,0.8078219199258,0.6776017219470449,0.764922860739483,0.855818676099702,0.9987824229672314,0.9977811580807432,34.159,30.531,-3.628,3.628,-10.620919816153869,10.620919816153869,0,0,1.0,30.24896692450835,2.8831479280792087,0.7402836680412292,,medium,Nonfinite HD95 and/or Dice lower Tukey fence and/or HD95 upper Tukey fence; morphology requires image review
BraTS-GLI-01056-000,BraTS-GLI-01056,5,nnunet,heldout_with_persisted_training_manifest,1.2196920868009329,1356.763671875,nnUNet_preprocessing_inference_resampling_export_after_read_warmup,f67351ece0c762564abc2fda59ffa8c2c05483e5a11fecd2a545f947348fc0da,80710,3537,3548754,16535,0.8894055936349812,0.8008374511321467,0.8299655509280682,0.9580163091860838,0.9990043045459958,0.995362227297703,97.245,84.247,-12.998,12.998,-13.366239909506916,13.366239909506916,0,0,1.0,15.652475842498529,2.0187798555668968,0.7885571718215942,,large,Nonfinite HD95 and/or Dice lower Tukey fence and/or HD95 upper Tukey fence; morphology requires image review
BraTS-GLI-01085-000,BraTS-GLI-01085,5,nnunet,heldout_with_persisted_training_manifest,1.2236057752743363,1356.82861328125,nnUNet_preprocessing_inference_resampling_export_after_read_warmup,f67351ece0c762564abc2fda59ffa8c2c05483e5a11fecd2a545f947348fc0da,122413,910,3510117,16096,0.9350499556967826,0.8780223642401681,0.8837909449927441,0.9926210033813644,0.9997408165758908,0.9954353296298324,138.509,123.323,-15.186,15.186,-10.963908482481283,10.963908482481283,0,0,1.0,44.67661580737735,2.5438766805002957,0.8374757170677185,,large,Nonfinite HD95 and/or Dice lower Tukey fence and/or HD95 upper Tukey fence; morphology requires image review
BraTS-GLI-01111-000,BraTS-GLI-01111,5,nnunet,heldout_with_persisted_training_manifest,1.2623235266655684,1366.9501953125,nnUNet_preprocessing_inference_resampling_export_after_read_warmup,f67351ece0c762564abc2fda59ffa8c2c05483e5a11fecd2a545f947348fc0da,91292,1057,3871350,17613,0.9072316575074284,0.8302140739528201,0.8382718883430513,0.988554288622508,0.9997270431542964,0.9954710291663872,108.905,92.349,-16.556,16.556,-15.202240484826223,15.202240484826223,0,0,1.0,29.294196743916395,4.043248292283288,0.7562649846076965,,large,Nonfinite HD95 and/or Dice lower Tukey fence and/or HD95 upper Tukey fence; morphology requires image review
BraTS-GLI-01113-000,BraTS-GLI-01113,5,nnunet,heldout_with_persisted_training_manifest,1.259836613200605,1356.87646484375,nnUNet_preprocessing_inference_resampling_export_after_read_warmup,f67351ece0c762564abc2fda59ffa8c2c05483e5a11fecd2a545f947348fc0da,61795,899,3577765,9077,0.9253103334680982,0.861002354711513,0.8719240320577943,0.9856605097776502,0.9997487889335238,0.9974693616278608,70.872,62.694,-8.178,8.178,-11.539112766677954,11.539112766677954,0,0,1.0,25.86309975413182,2.000138012759201,0.8862155079841614,,large,Nonfinite HD95 and/or Dice lower Tukey fence and/or HD95 upper Tukey fence; morphology requires image review
BraTS-GLI-01188-000,BraTS-GLI-01188,5,nnunet,heldout_with_persisted_training_manifest,1.117474020458758,1338.640625,nnUNet_preprocessing_inference_resampling_export_after_read_warmup,f67351ece0c762564abc2fda59ffa8c2c05483e5a11fecd2a545f947348fc0da,138385,8521,2792984,9230,0.9397292552992824,0.886310652251883,0.937472479084104,0.941996923202592,0.996958420563233,0.99670617590234,147.615,146.906,-0.709,0.709,-0.4803034921925279,0.4803034921925279,0,0,1.0,21.908902300206645,1.6095482699829338,0.8700824975967407,,large,Nonfinite HD95 and/or Dice lower Tukey fence and/or HD95 upper Tukey fence; morphology requires image review
BraTS-GLI-01208-000,BraTS-GLI-01208,5,nnunet,heldout_with_persisted_training_manifest,1.2514760680496693,1363.57080078125,nnUNet_preprocessing_inference_resampling_export_after_read_warmup,f67351ece0c762564abc2fda59ffa8c2c05483e5a11fecd2a545f947348fc0da,31272,12389,3935477,2174,0.8111325819964464,0.6822733718773862,0.9349997010105844,0.7162456196605667,0.996861848907739,0.9994478941886928,33.446,43.661,10.215,10.215,30.541768821383723,30.541768821383723,0,0,1.0,9.0,2.323033148774232,0.5658379793167114,,medium,Nonfinite HD95 and/or Dice lower Tukey fence and/or HD95 upper Tukey fence; morphology requires image review
BraTS-GLI-01219-000,BraTS-GLI-01219,5,nnunet,heldout_with_persisted_training_manifest,1.2508135009557009,1363.7822265625,nnUNet_preprocessing_inference_resampling_export_after_read_warmup,f67351ece0c762564abc2fda59ffa8c2c05483e5a11fecd2a545f947348fc0da,93365,6140,3844832,36975,0.8124170636733451,0.6840929073856975,0.7163188583704159,0.9382945580624088,0.9984055973401,0.9904747969180332,130.34,99.505,-30.835,30.835,-23.65735767991407,23.65735767991407,0,0,1.0,19.261360284258224,3.073402660517759,0.6377184391021729,,large,Nonfinite HD95 and/or Dice lower Tukey fence and/or HD95 upper Tukey fence; morphology requires image review
BraTS-GLI-01229-000,BraTS-GLI-01229,5,nnunet,heldout_with_persisted_training_manifest,1.2550347913056612,1360.6455078125,nnUNet_preprocessing_inference_resampling_export_after_read_warmup,f67351ece0c762564abc2fda59ffa8c2c05483e5a11fecd2a545f947348fc0da,66343,42789,3540099,305,0.7548412788713165,0.6062209307638184,0.9954237186412196,0.6079151852802112,0.9880573995056502,0.9999138516395304,66.648,109.132,42.484,42.484,63.743848277517706,63.743848277517706,0,0,1.0,14.89966442575134,2.9359247407544142,0.5083994269371033,,large,Nonfinite HD95 and/or Dice lower Tukey fence and/or HD95 upper Tukey fence; morphology requires image review
BraTS-GLI-01257-000,BraTS-GLI-01257,5,nnunet,heldout_with_persisted_training_manifest,1.2408090606331823,1359.09375,nnUNet_preprocessing_inference_resampling_export_after_read_warmup,f67351ece0c762564abc2fda59ffa8c2c05483e5a11fecd2a545f947348fc0da,23852,10592,3613989,1103,0.8031111634876008,0.6709989591245393,0.9558004407934282,0.6924863546626409,0.9970777311915502,0.9996948901991982,24.955,34.444,9.489,9.489,38.02444399919856,38.02444399919856,0,0,1.0,29.49576240750525,2.897923809709708,0.6022869348526001,,medium,Nonfinite HD95 and/or Dice lower Tukey fence and/or HD95 upper Tukey fence; morphology requires image review
BraTS-GLI-01262-000,BraTS-GLI-01262,5,nnunet,heldout_with_persisted_training_manifest,1.1382155725732446,1344.755859375,nnUNet_preprocessing_inference_resampling_export_after_read_warmup,f67351ece0c762564abc2fda59ffa8c2c05483e5a11fecd2a545f947348fc0da,110183,5350,3078672,49827,0.7997517628827443,0.6663219641993227,0.6886007124554715,0.953692884284144,0.9982652523231028,0.9840731929273432,160.01,115.533,-44.477,44.477,-27.79638772576714,27.79638772576714,0,0,1.0,25.25866188063018,3.693423434716546,0.6939646601676941,,large,Nonfinite HD95 and/or Dice lower Tukey fence and/or HD95 upper Tukey fence; morphology requires image review
BraTS-GLI-01267-000,BraTS-GLI-01267,5,nnunet,heldout_with_persisted_training_manifest,1.2212324663996696,1355.3720703125,nnUNet_preprocessing_inference_resampling_export_after_read_warmup,f67351ece0c762564abc2fda59ffa8c2c05483e5a11fecd2a545f947348fc0da,80849,35529,3524818,8340,0.7865951247038678,0.6482544620664219,0.9064907107378712,0.6947103404423517,0.9900209165005546,0.9976395055075374,89.18900000000001,116.378,27.189,27.189,30.484701028153697,30.484701028153697,0,0,1.0,8.48528137423857,2.132953938150637,0.605039119720459,,large,Nonfinite HD95 and/or Dice lower Tukey fence and/or HD95 upper Tukey fence; morphology requires image review
BraTS-GLI-01297-000,BraTS-GLI-01297,5,nnunet,heldout_with_persisted_training_manifest,1.2121757110580802,1355.7158203125,nnUNet_preprocessing_inference_resampling_export_after_read_warmup,f67351ece0c762564abc2fda59ffa8c2c05483e5a11fecd2a545f947348fc0da,57828,20963,3560869,9876,0.7894876958257961,0.6521930368682824,0.8541297412265154,0.7339416938482821,0.994147408365328,0.9972341906240856,67.70400000000001,78.791,11.087,11.087,16.375694198274843,16.375694198274843,0,0,1.0,7.874007874011811,1.7556420855157857,0.6953675746917725,,large,Nonfinite HD95 and/or Dice lower Tukey fence and/or HD95 upper Tukey fence; morphology requires image review
BraTS-GLI-01342-000,BraTS-GLI-01342,5,nnunet,heldout_with_persisted_training_manifest,1.247196266427636,1359.43115234375,nnUNet_preprocessing_inference_resampling_export_after_read_warmup,f67351ece0c762564abc2fda59ffa8c2c05483e5a11fecd2a545f947348fc0da,57104,11793,3569972,10667,0.8356601399010741,0.7177115278266553,0.8426022930161868,0.8288314440396534,0.9967074891848012,0.997020922801768,67.771,68.897,1.126,1.126,1.6614776231721533,1.6614776231721533,0,0,1.0,28.284271247461906,3.4683650407785658,0.7146449089050293,,large,Nonfinite HD95 and/or Dice lower Tukey fence and/or HD95 upper Tukey fence; morphology requires image review
BraTS-GLI-01345-000,BraTS-GLI-01345,5,nnunet,heldout_with_persisted_training_manifest,1.208998128771782,1354.8095703125,nnUNet_preprocessing_inference_resampling_export_after_read_warmup,f67351ece0c762564abc2fda59ffa8c2c05483e5a11fecd2a545f947348fc0da,54459,575,3585756,8746,0.9211681424910564,0.853857008466604,0.8616248714500435,0.9895519133626486,0.9998396690099156,0.9975668395788904,63.205,55.034,-8.171,8.171,-12.927774701368564,12.927774701368564,0,0,1.0,47.01063709417264,5.165909674485116,0.870184600353241,,large,Nonfinite HD95 and/or Dice lower Tukey fence and/or HD95 upper Tukey fence; morphology requires image review
BraTS-GLI-01380-000,BraTS-GLI-01380,5,nnunet,heldout_with_persisted_training_manifest,1.247322645969689,1360.6455078125,nnUNet_preprocessing_inference_resampling_export_after_read_warmup,f67351ece0c762564abc2fda59ffa8c2c05483e5a11fecd2a545f947348fc0da,51158,2058,3909145,18951,0.8296452463004257,0.7088835617387449,0.7296923362193156,0.9613274203247144,0.9994738191804414,0.9951755252417456,70.109,53.216,-16.893,16.893,-24.095337260551428,24.095337260551428,0,0,1.0,12.36931687685298,1.6880912423352126,0.7760223150253296,,large,Nonfinite HD95 and/or Dice lower Tukey fence and/or HD95 upper Tukey fence; morphology requires image review
BraTS-GLI-01450-000,BraTS-GLI-01450,5,nnunet,heldout_with_persisted_training_manifest,1.254435896873474,1360.587890625,nnUNet_preprocessing_inference_resampling_export_after_read_warmup,f67351ece0c762564abc2fda59ffa8c2c05483e5a11fecd2a545f947348fc0da,77765,3608,3556412,11751,0.9101229453036768,0.8350693698724282,0.8687273783457706,0.9556609686259572,0.998986522547626,0.9967067087462091,89.516,81.373,-8.143,8.143,-9.09669779704187,9.09669779704187,0,0,1.0,42.532340636273474,3.235609995512186,0.8325219750404358,,large,Nonfinite HD95 and/or Dice lower Tukey fence and/or HD95 upper Tukey fence; morphology requires image review
BraTS-GLI-01478-000,BraTS-GLI-01478,5,nnunet,heldout_with_persisted_training_manifest,1.320704718120396,1359.453125,nnUNet_preprocessing_inference_resampling_export_after_read_warmup,f67351ece0c762564abc2fda59ffa8c2c05483e5a11fecd2a545f947348fc0da,196570,8052,3410602,34312,0.9027242000073478,0.8226958072103594,0.8513872887449,0.9606493925384368,0.997644687061048,0.990039809411788,230.882,204.622,-26.26,26.26,-11.373775348446392,11.373775348446392,0,0,1.0,14.7648230602334,2.2490990675115308,0.6970741748809814,,large,Nonfinite HD95 and/or Dice lower Tukey fence and/or HD95 upper Tukey fence; morphology requires image review
BraTS-GLI-00009-000,BraTS-GLI-00009,1,segresnet_baseline,heldout_with_persisted_training_manifest,0.3820785917341709,927.58642578125,MONAI_sliding_window_only_after_transfer_FP32_warmup,f67351ece0c762564abc2fda59ffa8c2c05483e5a11fecd2a545f947348fc0da,13697,225,3621858,13756,0.6620906344410876,0.494869571500831,0.498925436200051,0.9838385289469904,0.9999378810480049,0.9962163199943668,27.453,13.922,-13.531,13.531,-49.28787382071176,49.28787382071176,0,0,1.0,23.853720883753127,6.644752279240663,0.5519258975982666,96.0,medium,Nonfinite HD95 and/or Dice lower Tukey fence and/or HD95 upper Tukey fence; morphology requires image review
BraTS-GLI-00009-001,BraTS-GLI-00009,1,segresnet_baseline,heldout_with_persisted_training_manifest,0.4002489224076271,919.91455078125,MONAI_sliding_window_only_after_transfer_FP32_warmup,f67351ece0c762564abc2fda59ffa8c2c05483e5a11fecd2a545f947348fc0da,17673,303,3290366,9418,0.7842989327002019,0.6451412718113455,0.6523568712856668,0.9831441922563418,0.999907921459132,0.9971458737905268,27.091,17.976,-9.115,9.115,-33.64586024879111,33.64586024879111,0,0,1.0,6.0,1.3724992969155023,0.7015475034713745,107.0,medium,Nonfinite HD95 and/or Dice lower Tukey fence and/or HD95 upper Tukey fence; morphology requires image review
BraTS-GLI-00021-000,BraTS-GLI-00021,1,segresnet_baseline,heldout_with_persisted_training_manifest,0.2130128154531121,918.22705078125,MONAI_sliding_window_only_after_transfer_FP32_warmup,f67351ece0c762564abc2fda59ffa8c2c05483e5a11fecd2a545f947348fc0da,62362,5853,3148919,26898,0.792024130814415,0.655662212315877,0.6986556128164911,0.9141977570915488,0.9981447153708732,0.9915303684059882,89.26,68.215,-21.045,21.045,-23.577190230786467,23.577190230786467,0,0,1.0,9.9498743710662,2.235229873308472,0.5828579068183899,,large,Nonfinite HD95 and/or Dice lower Tukey fence and/or HD95 upper Tukey fence; morphology requires image review
BraTS-GLI-00284-000,BraTS-GLI-00284,1,segresnet_baseline,heldout_with_persisted_training_manifest,0.3603013837710023,927.58642578125,MONAI_sliding_window_only_after_transfer_FP32_warmup,f67351ece0c762564abc2fda59ffa8c2c05483e5a11fecd2a545f947348fc0da,14257,1990,3628396,4893,0.8055484928101252,0.6744087038789025,0.744490861618799,0.8775158490798302,0.9994518489218502,0.9986532863199156,19.15,16.247,-2.903,2.903,-15.159268929503916,15.159268929503916,0,0,1.0,9.69535971483266,1.5027798341321974,0.7614033818244934,,medium,Nonfinite HD95 and/or Dice lower Tukey fence and/or HD95 upper Tukey fence; morphology requires image review
BraTS-GLI-00387-000,BraTS-GLI-00387,1,segresnet_baseline,heldout_with_persisted_training_manifest,0.0886017112061381,910.97705078125,MONAI_sliding_window_only_after_transfer_FP32_warmup,f67351ece0c762564abc2fda59ffa8c2c05483e5a11fecd2a545f947348fc0da,16835,1060,2863048,2641,0.9009659896711354,0.8197798987144527,0.8643972068186486,0.9407655769768092,0.9996299022243574,0.9990784066240266,19.476,17.895,-1.581,1.581,-8.117683302526187,8.117683302526187,0,0,1.0,27.756979657286102,2.189930590690539,0.8555727005004883,,medium,Nonfinite HD95 and/or Dice lower Tukey fence and/or HD95 upper Tukey fence; morphology requires image review
BraTS-GLI-00440-000,BraTS-GLI-00440,1,segresnet_baseline,heldout_with_persisted_training_manifest,0.3603102909401059,935.91455078125,MONAI_sliding_window_only_after_transfer_FP32_warmup,f67351ece0c762564abc2fda59ffa8c2c05483e5a11fecd2a545f947348fc0da,82839,3179,3884082,11212,0.9200806357562934,0.8519901265041654,0.8807880830613178,0.9630426189867236,0.9991822005262831,0.997121655002164,94.051,86.018,-8.033,8.033,-8.541110673996023,8.541110673996023,0,0,1.0,17.72004514666935,1.482879476426758,0.853289783000946,,large,Nonfinite HD95 and/or Dice lower Tukey fence and/or HD95 upper Tukey fence; morphology requires image review
BraTS-GLI-00449-000,BraTS-GLI-00449,1,segresnet_baseline,heldout_with_persisted_training_manifest,0.350856832228601,919.91455078125,MONAI_sliding_window_only_after_transfer_FP32_warmup,f67351ece0c762564abc2fda59ffa8c2c05483e5a11fecd2a545f947348fc0da,215458,7439,3089745,5118,0.9716848601831451,0.9449290616845384,0.9767971130132018,0.966625840634912,0.9975981407627056,0.9983462919037128,220.576,222.897,2.321,2.321,1.0522450311910634,1.0522450311910634,0,0,1.0,27.02683125758485,2.038528243986844,0.939656674861908,,large,Nonfinite HD95 and/or Dice lower Tukey fence and/or HD95 upper Tukey fence; morphology requires image review
BraTS-GLI-00602-001,BraTS-GLI-00602,1,segresnet_baseline,heldout_with_persisted_training_manifest,0.1806611036881804,913.22705078125,MONAI_sliding_window_only_after_transfer_FP32_warmup,f67351ece0c762564abc2fda59ffa8c2c05483e5a11fecd2a545f947348fc0da,28795,1299,2915723,3303,0.9260033444816054,0.8622031919034644,0.8970963922985856,0.9568352495514056,0.999554682823784,0.998868458177488,32.098,30.094,-2.004,2.004,-6.243379649822419,6.243379649822419,0,0,1.0,24.61706725018234,1.7189819803093165,0.903979480266571,,medium,Nonfinite HD95 and/or Dice lower Tukey fence and/or HD95 upper Tukey fence; morphology requires image review
BraTS-GLI-00610-001,BraTS-GLI-00610,1,segresnet_baseline,heldout_with_persisted_training_manifest,0.4021482113748789,937.44580078125,MONAI_sliding_window_only_after_transfer_FP32_warmup,f67351ece0c762564abc2fda59ffa8c2c05483e5a11fecd2a545f947348fc0da,58672,22677,3959187,14504,0.7593852127487462,0.6121039508413926,0.8017929375751612,0.7212381221649928,0.9943049285460276,0.9963499929914028,73.176,81.349,8.173,8.173,11.168962501366568,11.168962501366568,0,0,1.0,13.379088160259652,2.889049411963425,0.5840389728546143,,large,Nonfinite HD95 and/or Dice lower Tukey fence and/or HD95 upper Tukey fence; morphology requires image review
BraTS-GLI-00613-000,BraTS-GLI-00613,1,segresnet_baseline,heldout_with_persisted_training_manifest,0.3606265503913164,927.58642578125,MONAI_sliding_window_only_after_transfer_FP32_warmup,f67351ece0c762564abc2fda59ffa8c2c05483e5a11fecd2a545f947348fc0da,54976,9121,3562918,22521,0.776530078958148,0.6346948671176892,0.7093952023949314,0.857700048364198,0.9974465564345742,0.9937187607988868,77.497,64.09700000000001,-13.4,13.4,-17.290991909364234,17.290991909364234,0,0,1.0,49.26002410170247,4.868629850216119,0.6823542714118958,,large,Nonfinite HD95 and/or Dice lower Tukey fence and/or HD95 upper Tukey fence; morphology requires image review
BraTS-GLI-00613-001,BraTS-GLI-00613,1,segresnet_baseline,heldout_with_persisted_training_manifest,0.203191258944571,913.22705078125,MONAI_sliding_window_only_after_transfer_FP32_warmup,f67351ece0c762564abc2fda59ffa8c2c05483e5a11fecd2a545f947348fc0da,42903,4251,2884945,17021,0.8013410784661649,0.668531359563693,0.7159568787130365,0.9098485812444332,0.9985286564151412,0.9941346659471544,59.924,47.154,-12.77,12.77,-21.310326413457044,21.310326413457044,0,0,1.0,50.00999900019995,5.01975646625393,0.6626064777374268,,large,Nonfinite HD95 and/or Dice lower Tukey fence and/or HD95 upper Tukey fence; morphology requires image review
BraTS-GLI-00615-000,BraTS-GLI-00615,1,segresnet_baseline,heldout_with_persisted_training_manifest,0.3564457865431905,927.58642578125,MONAI_sliding_window_only_after_transfer_FP32_warmup,f67351ece0c762564abc2fda59ffa8c2c05483e5a11fecd2a545f947348fc0da,19647,1575,3621384,6930,0.8220674072679345,0.6978900255754475,0.7392482221469692,0.9257845631891434,0.999565272474792,0.9980900219771496,26.577,21.222,-5.355,5.355,-20.149001015916017,20.149001015916017,0,0,1.0,23.04018098703134,1.959127229692745,0.7570098638534546,,medium,Nonfinite HD95 and/or Dice lower Tukey fence and/or HD95 upper Tukey fence; morphology requires image review
BraTS-GLI-00623-000,BraTS-GLI-00623,1,segresnet_baseline,heldout_with_persisted_training_manifest,0.3517559645697474,935.91455078125,MONAI_sliding_window_only_after_transfer_FP32_warmup,f67351ece0c762564abc2fda59ffa8c2c05483e5a11fecd2a545f947348fc0da,141581,6391,3809094,24246,0.9023674390294424,0.8221033805990082,0.8537873808245943,0.9568093963722868,0.9983249835866214,0.9936749675217956,165.827,147.972,-17.855,17.855,-10.767245382235703,10.767245382235703,0,0,1.0,29.842083213417887,4.273164753429831,0.7276658415794373,,large,Nonfinite HD95 and/or Dice lower Tukey fence and/or HD95 upper Tukey fence; morphology requires image review
BraTS-GLI-00641-000,BraTS-GLI-00641,1,segresnet_baseline,heldout_with_persisted_training_manifest,0.3605466084554791,927.58642578125,MONAI_sliding_window_only_after_transfer_FP32_warmup,f67351ece0c762564abc2fda59ffa8c2c05483e5a11fecd2a545f947348fc0da,30864,2397,3614098,2177,0.9310126391360743,0.8709295106947345,0.9341121636754336,0.9279336159466042,0.9993372035631184,0.9993979993225072,33.041000000000004,33.261,0.22,0.22,0.6658394116400835,0.6658394116400835,0,0,1.0,29.142749527111324,2.379675048508735,0.8980064988136292,,medium,Nonfinite HD95 and/or Dice lower Tukey fence and/or HD95 upper Tukey fence; morphology requires image review
BraTS-GLI-00641-001,BraTS-GLI-00641,1,segresnet_baseline,heldout_with_persisted_training_manifest,0.3559902822598815,927.58642578125,MONAI_sliding_window_only_after_transfer_FP32_warmup,f67351ece0c762564abc2fda59ffa8c2c05483e5a11fecd2a545f947348fc0da,34046,4089,3609917,1484,0.9243467046765764,0.8593351674701533,0.9582324795947088,0.8927756653992396,0.9988685685635276,0.9995890791413083,35.53,38.135,2.605,2.605,7.331832254432873,7.331832254432873,0,0,1.0,24.8686456592284,2.413772382384943,0.8664209842681885,,medium,Nonfinite HD95 and/or Dice lower Tukey fence and/or HD95 upper Tukey fence; morphology requires image review
BraTS-GLI-00684-000,BraTS-GLI-00684,1,segresnet_baseline,heldout_with_persisted_training_manifest,0.3606307972222566,927.58642578125,MONAI_sliding_window_only_after_transfer_FP32_warmup,f67351ece0c762564abc2fda59ffa8c2c05483e5a11fecd2a545f947348fc0da,16990,2030,3624177,6339,0.8023802214928334,0.6699791001222446,0.7282781087916327,0.8932702418506835,0.9994401863986252,0.998253967204662,23.329,19.02,-4.309,4.309,-18.470573106434053,18.470573106434053,0,0,1.0,7.273209155445239,1.7181049028339597,0.6653394103050232,,medium,Nonfinite HD95 and/or Dice lower Tukey fence and/or HD95 upper Tukey fence; morphology requires image review
BraTS-GLI-00694-000,BraTS-GLI-00694,1,segresnet_baseline,heldout_with_persisted_training_manifest,0.360661044716835,927.58642578125,MONAI_sliding_window_only_after_transfer_FP32_warmup,f67351ece0c762564abc2fda59ffa8c2c05483e5a11fecd2a545f947348fc0da,44712,1376,3577692,25756,0.7672191907752497,0.6223484215800902,0.6345007663052733,0.9701440722096858,0.9996155423702484,0.9928524013666912,70.468,46.088,-24.38,24.38,-34.5972640063575,34.5972640063575,0,0,1.0,8.06225774829855,2.0130114210631844,0.585493266582489,,large,Nonfinite HD95 and/or Dice lower Tukey fence and/or HD95 upper Tukey fence; morphology requires image review
BraTS-GLI-00764-000,BraTS-GLI-00764,1,segresnet_baseline,heldout_with_persisted_training_manifest,0.3516310388222337,935.91455078125,MONAI_sliding_window_only_after_transfer_FP32_warmup,f67351ece0c762564abc2fda59ffa8c2c05483e5a11fecd2a545f947348fc0da,53459,237,3892823,34793,0.7532194888268944,0.6041315869769124,0.6057539772469746,0.99558626340882,0.9999391224383904,0.9911414455995698,88.252,53.696,-34.556,34.556,-39.156053120609165,39.156053120609165,0,0,1.0,16.55294535724685,2.6497151281685523,0.6593391299247742,,large,Nonfinite HD95 and/or Dice lower Tukey fence and/or HD95 upper Tukey fence; morphology requires image review
BraTS-GLI-00839-000,BraTS-GLI-00839,1,segresnet_baseline,heldout_with_persisted_training_manifest,0.3605302069336176,927.58642578125,MONAI_sliding_window_only_after_transfer_FP32_warmup,f67351ece0c762564abc2fda59ffa8c2c05483e5a11fecd2a545f947348fc0da,15239,3454,3630283,560,0.8836251884494956,0.791513010959331,0.9645547186530792,0.815224950516236,0.9990494634036532,0.9998457658455626,15.799,18.693,2.894,2.894,18.317615038926515,18.317615038926515,0,0,1.0,34.1394176730618,3.795398376045089,0.7868956327438354,,medium,Nonfinite HD95 and/or Dice lower Tukey fence and/or HD95 upper Tukey fence; morphology requires image review
BraTS-GLI-01049-000,BraTS-GLI-01049,1,segresnet_baseline,heldout_with_persisted_training_manifest,0.3605253575369715,937.44580078125,MONAI_sliding_window_only_after_transfer_FP32_warmup,f67351ece0c762564abc2fda59ffa8c2c05483e5a11fecd2a545f947348fc0da,47255,7770,3989490,10525,0.8378174726297594,0.7209000762776506,0.8178435444790585,0.8587914584279873,0.9980561684754056,0.9973687598671503,57.78,55.025,-2.755,2.755,-4.768085842852198,4.768085842852198,0,0,1.0,21.62752643583153,2.3660633536865365,0.738249659538269,,large,Nonfinite HD95 and/or Dice lower Tukey fence and/or HD95 upper Tukey fence; morphology requires image review
BraTS-GLI-01104-000,BraTS-GLI-01104,1,segresnet_baseline,heldout_with_persisted_training_manifest,0.360389650799334,927.58642578125,MONAI_sliding_window_only_after_transfer_FP32_warmup,f67351ece0c762564abc2fda59ffa8c2c05483e5a11fecd2a545f947348fc0da,75162,11604,3538137,24633,0.8057632624181903,0.674709826838661,0.7531639861716519,0.866260977802365,0.9967310291088844,0.9930859976928064,99.795,86.766,-13.029,13.029,-13.055764316849542,13.055764316849542,0,0,1.0,29.78254049188856,4.3105669208898405,0.5867577791213989,,large,Nonfinite HD95 and/or Dice lower Tukey fence and/or HD95 upper Tukey fence; morphology requires image review
BraTS-GLI-01154-000,BraTS-GLI-01154,1,segresnet_baseline,heldout_with_persisted_training_manifest,0.1766148349270224,918.22705078125,MONAI_sliding_window_only_after_transfer_FP32_warmup,f67351ece0c762564abc2fda59ffa8c2c05483e5a11fecd2a545f947348fc0da,5408,1914,3227207,9503,0.4864840552332118,0.3214264487369985,0.3626852659110723,0.7385960120185742,0.9994072690369918,0.9970639939939012,14.911,7.322,-7.589,7.589,-50.895312185634765,50.895312185634765,0,0,1.0,43.88336787047768,6.225147121467783,0.4223774075508117,,medium,Nonfinite HD95 and/or Dice lower Tukey fence and/or HD95 upper Tukey fence; morphology requires image review
BraTS-GLI-01276-000,BraTS-GLI-01276,1,segresnet_baseline,heldout_with_persisted_training_manifest,0.3605960635468364,927.58642578125,MONAI_sliding_window_only_after_transfer_FP32_warmup,f67351ece0c762564abc2fda59ffa8c2c05483e5a11fecd2a545f947348fc0da,7388,834,3638601,2713,0.80641816296458,0.675628715134888,0.7314127314127314,0.8985648260763804,0.9997708435512656,0.9992549392883996,10.101,8.222,-1.879,1.879,-18.6021186021186,18.6021186021186,0,0,1.0,8.48528137423857,1.6995759557305177,0.6802693009376526,,medium,Nonfinite HD95 and/or Dice lower Tukey fence and/or HD95 upper Tukey fence; morphology requires image review
BraTS-GLI-01301-000,BraTS-GLI-01301,1,segresnet_baseline,heldout_with_persisted_training_manifest,0.3604335244745016,928.35205078125,MONAI_sliding_window_only_after_transfer_FP32_warmup,f67351ece0c762564abc2fda59ffa8c2c05483e5a11fecd2a545f947348fc0da,7286,2986,3675793,335,0.8143966914435813,0.686904874139719,0.9560425141057604,0.7093068535825545,0.99918831764561,0.9999088715082828,7.621,10.272,2.651,2.651,34.78546122556095,34.78546122556095,0,0,1.0,83.36606022094577,14.181093589224428,0.7982112765312195,,small,Nonfinite HD95 and/or Dice lower Tukey fence and/or HD95 upper Tukey fence; morphology requires image review
BraTS-GLI-01347-000,BraTS-GLI-01347,1,segresnet_baseline,heldout_with_persisted_training_manifest,0.3908783802762627,919.91455078125,MONAI_sliding_window_only_after_transfer_FP32_warmup,f67351ece0c762564abc2fda59ffa8c2c05483e5a11fecd2a545f947348fc0da,29942,3695,3282903,1220,0.9241500640441982,0.8589953237513268,0.9608497529041782,0.8901507268781401,0.9988757371604317,0.999628515740732,31.162,33.637,2.475,2.475,7.942365701816315,7.942365701816315,0,0,1.0,18.466185312619388,1.3701615677527934,0.9030139446258544,,medium,Nonfinite HD95 and/or Dice lower Tukey fence and/or HD95 upper Tukey fence; morphology requires image review
BraTS-GLI-01365-000,BraTS-GLI-01365,1,segresnet_baseline,heldout_with_persisted_training_manifest,0.1805920340120792,918.22705078125,MONAI_sliding_window_only_after_transfer_FP32_warmup,f67351ece0c762564abc2fda59ffa8c2c05483e5a11fecd2a545f947348fc0da,13390,122,3216285,14235,0.650995454213968,0.4825746927595776,0.4847058823529411,0.99097098875074,0.999962069476904,0.9955935886482672,27.625,13.512,-14.113,14.113,-51.08778280542987,51.08778280542987,0,0,1.0,15.524174696260024,4.052752686135605,0.3397115170955658,,medium,Nonfinite HD95 and/or Dice lower Tukey fence and/or HD95 upper Tukey fence; morphology requires image review
BraTS-GLI-01402-000,BraTS-GLI-01402,1,segresnet_baseline,heldout_with_persisted_training_manifest,0.3604749133810401,927.58642578125,MONAI_sliding_window_only_after_transfer_FP32_warmup,f67351ece0c762564abc2fda59ffa8c2c05483e5a11fecd2a545f947348fc0da,72805,7415,3566890,2426,0.9366938778135876,0.880925876630448,0.9677526551554544,0.9075666915981052,0.9979254708257967,0.9993203179544764,75.231,80.22,4.989,4.989,6.6315747497707065,6.6315747497707065,0,0,1.0,16.694285986084935,1.7762181038333476,0.882064938545227,,large,Nonfinite HD95 and/or Dice lower Tukey fence and/or HD95 upper Tukey fence; morphology requires image review
BraTS-GLI-01407-000,BraTS-GLI-01407,1,segresnet_baseline,heldout_with_persisted_training_manifest,0.3606553254649043,927.58642578125,MONAI_sliding_window_only_after_transfer_FP32_warmup,f67351ece0c762564abc2fda59ffa8c2c05483e5a11fecd2a545f947348fc0da,9751,1196,3638154,435,0.9228221265319644,0.8567035670356704,0.9572943255448656,0.8907463231935691,0.99967136988748,0.9998804481627356,10.186,10.947,0.761,0.761,7.471038680541921,7.471038680541921,0,0,1.0,21.11871208194288,2.032672092654773,0.8948937058448792,,medium,Nonfinite HD95 and/or Dice lower Tukey fence and/or HD95 upper Tukey fence; morphology requires image review
BraTS-GLI-01435-000,BraTS-GLI-01435,1,segresnet_baseline,heldout_with_persisted_training_manifest,0.3605187060311436,937.44580078125,MONAI_sliding_window_only_after_transfer_FP32_warmup,f67351ece0c762564abc2fda59ffa8c2c05483e5a11fecd2a545f947348fc0da,23828,5243,4024173,1796,0.8713045068104945,0.7719571062947485,0.9299094598813612,0.8196484469058511,0.9986988188859128,0.9995538962172832,25.624,29.071,3.447,3.447,13.452232282235403,13.452232282235403,0,0,1.0,84.23241428643861,9.422620496819045,0.7454332709312439,,medium,Nonfinite HD95 and/or Dice lower Tukey fence and/or HD95 upper Tukey fence; morphology requires image review
BraTS-GLI-01459-000,BraTS-GLI-01459,1,segresnet_baseline,heldout_with_persisted_training_manifest,0.3605109797790646,927.58642578125,MONAI_sliding_window_only_after_transfer_FP32_warmup,f67351ece0c762564abc2fda59ffa8c2c05483e5a11fecd2a545f947348fc0da,18882,10049,3617503,3102,0.7417067661789256,0.5894546249180532,0.8588973799126638,0.6526563202101552,0.9972298122811196,0.9991432371109248,21.984,28.931,6.947,6.947,31.60025473071325,31.60025473071325,0,0,1.0,89.2910969472413,22.6038004124058,0.5469654202461243,,medium,Nonfinite HD95 and/or Dice lower Tukey fence and/or HD95 upper Tukey fence; morphology requires image review
BraTS-GLI-01460-000,BraTS-GLI-01460,1,segresnet_baseline,heldout_with_persisted_training_manifest,0.3603929774835706,927.58642578125,MONAI_sliding_window_only_after_transfer_FP32_warmup,f67351ece0c762564abc2fda59ffa8c2c05483e5a11fecd2a545f947348fc0da,102186,8093,3530131,9126,0.9222937754692204,0.8557933084879192,0.9180142302716688,0.9266134078110974,0.9977126942782594,0.9974214927031296,111.312,110.279,-1.033,1.033,-0.9280221359781516,0.9280221359781516,0,0,1.0,47.38143096192854,3.1229946179810164,0.7626528143882751,,large,Nonfinite HD95 and/or Dice lower Tukey fence and/or HD95 upper Tukey fence; morphology requires image review
BraTS-GLI-01479-000,BraTS-GLI-01479,1,segresnet_baseline,heldout_with_persisted_training_manifest,0.3605292653664946,927.58642578125,MONAI_sliding_window_only_after_transfer_FP32_warmup,f67351ece0c762564abc2fda59ffa8c2c05483e5a11fecd2a545f947348fc0da,139360,2716,3456569,50891,0.8386920111817577,0.722196023154218,0.7325060052246769,0.9808834708184352,0.9992148666559708,0.9854906399502774,190.251,142.076,-48.175,48.175,-25.32181171189639,25.32181171189639,0,0,1.0,14.594519519326424,3.109594440431095,0.5611088871955872,,large,Nonfinite HD95 and/or Dice lower Tukey fence and/or HD95 upper Tukey fence; morphology requires image review
BraTS-GLI-01480-000,BraTS-GLI-01480,1,segresnet_baseline,heldout_with_persisted_training_manifest,0.3604069435968995,927.58642578125,MONAI_sliding_window_only_after_transfer_FP32_warmup,f67351ece0c762564abc2fda59ffa8c2c05483e5a11fecd2a545f947348fc0da,25550,18442,3596394,9150,0.6493671529507447,0.4807873245267396,0.7363112391930836,0.5807874158937989,0.994898247112732,0.997462241481452,34.7,43.992,9.292,9.292,26.77809798270893,26.77809798270893,0,0,1.0,64.66838485689897,11.646258901261442,0.5183247327804565,,medium,Nonfinite HD95 and/or Dice lower Tukey fence and/or HD95 upper Tukey fence; morphology requires image review
BraTS-GLI-01510-000,BraTS-GLI-01510,1,segresnet_baseline,heldout_with_persisted_training_manifest,0.3605240862816572,927.58642578125,MONAI_sliding_window_only_after_transfer_FP32_warmup,f67351ece0c762564abc2fda59ffa8c2c05483e5a11fecd2a545f947348fc0da,75242,2582,3521533,50179,0.7404068980786735,0.5878143481012164,0.5999154846477065,0.966822574013158,0.9992673337845104,0.9859509949290424,125.421,77.824,-47.597,47.597,-37.94978512370336,37.94978512370336,0,0,1.0,15.937377450509228,2.77700574129374,0.6521790027618408,,large,Nonfinite HD95 and/or Dice lower Tukey fence and/or HD95 upper Tukey fence; morphology requires image review
BraTS-GLI-01513-000,BraTS-GLI-01513,1,segresnet_baseline,heldout_with_persisted_training_manifest,0.3606541017070412,927.58642578125,MONAI_sliding_window_only_after_transfer_FP32_warmup,f67351ece0c762564abc2fda59ffa8c2c05483e5a11fecd2a545f947348fc0da,124022,2441,3444668,78405,0.7541852899145611,0.6053751684011168,0.6126751866104818,0.9806979116421404,0.9992918703760164,0.9777452808954,202.427,126.463,-75.964,75.964,-37.526614532646335,37.526614532646335,0,0,1.0,16.673332000533065,3.7860209045105457,0.5145252346992493,,large,Nonfinite HD95 and/or Dice lower Tukey fence and/or HD95 upper Tukey fence; morphology requires image review
BraTS-GLI-01523-000,BraTS-GLI-01523,1,segresnet_baseline,heldout_with_persisted_training_manifest,0.3603877769783139,927.58642578125,MONAI_sliding_window_only_after_transfer_FP32_warmup,f67351ece0c762564abc2fda59ffa8c2c05483e5a11fecd2a545f947348fc0da,145868,958,3436392,66318,0.8126079351108041,0.6843636227151597,0.6874534606430207,0.9934752700475392,0.9997212969293204,0.9810666598148292,212.186,146.826,-65.36,65.36,-30.803163262420707,30.803163262420707,0,0,1.0,19.72308292331602,3.3133799866980227,0.666627049446106,,large,Nonfinite HD95 and/or Dice lower Tukey fence and/or HD95 upper Tukey fence; morphology requires image review
BraTS-GLI-00061-001,BraTS-GLI-00061,2,segresnet_baseline,heldout_with_persisted_training_manifest,0.3703537154942751,935.10205078125,MONAI_sliding_window_only_after_transfer_FP32_warmup,f67351ece0c762564abc2fda59ffa8c2c05483e5a11fecd2a545f947348fc0da,41645,74148,3865364,155,0.5285133222922338,0.3591696277641701,0.996291866028708,0.3596504106465849,0.981178379454105,0.99995990189157,41.8,115.793,73.993,73.993,177.01674641148324,177.01674641148324,0,0,1.0,42.884143010341226,10.33939186033362,0.3825291991233825,,medium,Nonfinite HD95 and/or Dice lower Tukey fence and/or HD95 upper Tukey fence; morphology requires image review
BraTS-GLI-00077-000,BraTS-GLI-00077,2,segresnet_baseline,heldout_with_persisted_training_manifest,0.3979073641821742,947.10205078125,MONAI_sliding_window_only_after_transfer_FP32_warmup,f67351ece0c762564abc2fda59ffa8c2c05483e5a11fecd2a545f947348fc0da,190515,9819,4298563,6703,0.9584406568197368,0.9201978390336026,0.9660122301209828,0.9509868519572314,0.9977209541772294,0.9984430694874602,197.218,200.334,3.116,3.116,1.5799774868419718,1.5799774868419718,0,0,1.0,45.54228792182066,2.308869222722621,0.8901435136795044,,large,Nonfinite HD95 and/or Dice lower Tukey fence and/or HD95 upper Tukey fence; morphology requires image review
BraTS-GLI-00204-000,BraTS-GLI-00204,2,segresnet_baseline,heldout_with_persisted_training_manifest,0.3774810945615172,927.89892578125,MONAI_sliding_window_only_after_transfer_FP32_warmup,f67351ece0c762564abc2fda59ffa8c2c05483e5a11fecd2a545f947348fc0da,20472,2283,3617403,9378,0.7783290561733676,0.6371020446270189,0.6858291457286432,0.8996704021094265,0.9993692823079128,0.9974142359298784,29.85,22.755,-7.095,7.095,-23.768844221105528,23.768844221105528,0,0,1.0,25.30018302583008,3.290128004845957,0.7798464298248291,,medium,Nonfinite HD95 and/or Dice lower Tukey fence and/or HD95 upper Tukey fence; morphology requires image review
BraTS-GLI-00206-000,BraTS-GLI-00206,2,segresnet_baseline,heldout_with_persisted_training_manifest,0.3769104834645986,935.10205078125,MONAI_sliding_window_only_after_transfer_FP32_warmup,f67351ece0c762564abc2fda59ffa8c2c05483e5a11fecd2a545f947348fc0da,27673,1185,3945416,7038,0.8706444965313281,0.7709215511477602,0.7972400679899744,0.9589368632614872,0.9996997416257686,0.9982193341149574,34.711,28.858,-5.853,5.853,-16.862089827432225,16.862089827432225,0,0,1.0,39.91866682115224,7.218860792673061,0.7546915411949158,,medium,Nonfinite HD95 and/or Dice lower Tukey fence and/or HD95 upper Tukey fence; morphology requires image review
BraTS-GLI-00227-000,BraTS-GLI-00227,2,segresnet_baseline,heldout_with_persisted_training_manifest,0.380325086414814,927.89892578125,MONAI_sliding_window_only_after_transfer_FP32_warmup,f67351ece0c762564abc2fda59ffa8c2c05483e5a11fecd2a545f947348fc0da,15202,863,3619434,14037,0.6711107187003356,0.5050162779881735,0.5199220219569752,0.9462807345160288,0.9997616217674958,0.996136751882704,29.239,16.065,-13.174,13.174,-45.05626047402442,45.05626047402442,0,0,1.0,17.72004514666935,4.754051061378818,0.3878061771392822,,medium,Nonfinite HD95 and/or Dice lower Tukey fence and/or HD95 upper Tukey fence; morphology requires image review
BraTS-GLI-00236-000,BraTS-GLI-00236,2,segresnet_baseline,heldout_with_persisted_training_manifest,0.4007769525051117,927.89892578125,MONAI_sliding_window_only_after_transfer_FP32_warmup,f67351ece0c762564abc2fda59ffa8c2c05483e5a11fecd2a545f947348fc0da,39742,1265,3603195,5334,0.9233414262978752,0.8575991023068126,0.8816665187683024,0.969151608262004,0.9996490459042408,0.9985218353517458,45.076,41.007,-4.069,4.069,-9.026976661638122,9.026976661638122,0,0,1.0,17.916472867168917,1.6902237951350938,0.8798995018005371,,medium,Nonfinite HD95 and/or Dice lower Tukey fence and/or HD95 upper Tukey fence; morphology requires image review
BraTS-GLI-00286-000,BraTS-GLI-00286,2,segresnet_baseline,heldout_with_persisted_training_manifest,0.3878997946158051,935.10205078125,MONAI_sliding_window_only_after_transfer_FP32_warmup,f67351ece0c762564abc2fda59ffa8c2c05483e5a11fecd2a545f947348fc0da,47503,4693,3898804,30312,0.7307535516225551,0.5757381102438551,0.6104607080896999,0.91008889570082,0.9987977446889288,0.9922852875812268,77.815,52.196,-25.619,25.619,-32.92295829852856,32.92295829852856,0,0,1.0,30.870698080866266,5.447404081755318,0.6126590371131897,,large,Nonfinite HD95 and/or Dice lower Tukey fence and/or HD95 upper Tukey fence; morphology requires image review
BraTS-GLI-00331-000,BraTS-GLI-00331,2,segresnet_baseline,heldout_with_persisted_training_manifest,0.3880706075578928,936.91455078125,MONAI_sliding_window_only_after_transfer_FP32_warmup,f67351ece0c762564abc2fda59ffa8c2c05483e5a11fecd2a545f947348fc0da,17973,429,4027805,8833,0.7951247566802336,0.6599228933357811,0.6704842199507572,0.976687316596022,0.9998935017181226,0.9978117928830874,26.806,18.402,-8.404,8.404,-31.35119003208237,31.35119003208237,0,0,1.0,7.0,1.7836358384354976,0.5756734609603882,,medium,Nonfinite HD95 and/or Dice lower Tukey fence and/or HD95 upper Tukey fence; morphology requires image review
BraTS-GLI-00340-000,BraTS-GLI-00340,2,segresnet_baseline,heldout_with_persisted_training_manifest,0.394958283752203,936.91455078125,MONAI_sliding_window_only_after_transfer_FP32_warmup,f67351ece0c762564abc2fda59ffa8c2c05483e5a11fecd2a545f947348fc0da,22300,1291,4020743,10706,0.7880276339735321,0.6502026416304633,0.6756347330788341,0.9452757407485906,0.9996790181286384,0.9973443791549886,33.006,23.591,-9.415,9.415,-28.5251166454584,28.5251166454584,0,0,1.0,8.12403840463596,1.7062916728932915,0.6862232089042664,,medium,Nonfinite HD95 and/or Dice lower Tukey fence and/or HD95 upper Tukey fence; morphology requires image review
BraTS-GLI-00442-000,BraTS-GLI-00442,2,segresnet_baseline,heldout_with_persisted_training_manifest,0.3861581422388553,927.89892578125,MONAI_sliding_window_only_after_transfer_FP32_warmup,f67351ece0c762564abc2fda59ffa8c2c05483e5a11fecd2a545f947348fc0da,38615,391,3604159,6371,0.919492332603105,0.850981774907993,0.8583781620948739,0.9899759011434138,0.9998915259879874,0.9982354391183564,44.986,39.006,-5.98,5.98,-13.293024496510023,13.293024496510023,0,0,1.0,15.475711658400767,1.9502471198626508,0.8044112920761108,,medium,Nonfinite HD95 and/or Dice lower Tukey fence and/or HD95 upper Tukey fence; morphology requires image review
BraTS-GLI-00513-000,BraTS-GLI-00513,2,segresnet_baseline,heldout_with_persisted_training_manifest,0.3752488642930984,935.10205078125,MONAI_sliding_window_only_after_transfer_FP32_warmup,f67351ece0c762564abc2fda59ffa8c2c05483e5a11fecd2a545f947348fc0da,122686,1324,3797553,59749,0.800704857315342,0.6676462105257429,0.6724915723408337,0.9893234416579308,0.9996514759493398,0.9845101576179413,182.435,124.01,-58.425,58.425,-32.025104831857924,32.025104831857924,0,0,1.0,11.704699910719626,3.2546058507345497,0.5108548998832703,,large,Nonfinite HD95 and/or Dice lower Tukey fence and/or HD95 upper Tukey fence; morphology requires image review
BraTS-GLI-00611-000,BraTS-GLI-00611,2,segresnet_baseline,heldout_with_persisted_training_manifest,0.3730063140392303,919.91455078125,MONAI_sliding_window_only_after_transfer_FP32_warmup,f67351ece0c762564abc2fda59ffa8c2c05483e5a11fecd2a545f947348fc0da,34423,1917,3226375,55045,0.5472307007503497,0.376681074574602,0.3847520901327849,0.9472482113373693,0.9994061875443732,0.983225250044188,89.468,36.34,-53.128,53.128,-59.382125452675815,59.382125452675815,0,0,1.0,36.12478373637688,10.100212164046756,0.3869865238666534,,large,Nonfinite HD95 and/or Dice lower Tukey fence and/or HD95 upper Tukey fence; morphology requires image review
BraTS-GLI-00621-000,BraTS-GLI-00621,2,segresnet_baseline,heldout_with_persisted_training_manifest,0.3801581095904112,935.10205078125,MONAI_sliding_window_only_after_transfer_FP32_warmup,f67351ece0c762564abc2fda59ffa8c2c05483e5a11fecd2a545f947348fc0da,20248,5695,3948782,6587,0.7672894008867331,0.6224408238549032,0.7545369852804173,0.7804802836988783,0.9985598601281536,0.9983346686491196,26.835,25.943,-0.892,0.892,-3.324017141792435,3.324017141792435,0,0,1.0,11.575836902790224,3.0469630670265966,0.7191779613494873,,medium,Nonfinite HD95 and/or Dice lower Tukey fence and/or HD95 upper Tukey fence; morphology requires image review
BraTS-GLI-00675-001,BraTS-GLI-00675,2,segresnet_baseline,heldout_with_persisted_training_manifest,0.2137377392500639,924.97705078125,MONAI_sliding_window_only_after_transfer_FP32_warmup,f67351ece0c762564abc2fda59ffa8c2c05483e5a11fecd2a545f947348fc0da,4026,3306,3528549,3063,0.5583524027459954,0.3873015873015873,0.5679221328819297,0.5490998363338789,0.9990639479820096,0.9991326906806296,7.089,7.332,0.243,0.243,3.427845958527296,3.427845958527296,0,0,1.0,94.49497338017834,7.517032201677975,0.4550340473651886,,small,Nonfinite HD95 and/or Dice lower Tukey fence and/or HD95 upper Tukey fence; morphology requires image review
BraTS-GLI-00732-000,BraTS-GLI-00732,2,segresnet_baseline,heldout_with_persisted_training_manifest,0.3884685821831226,927.89892578125,MONAI_sliding_window_only_after_transfer_FP32_warmup,f67351ece0c762564abc2fda59ffa8c2c05483e5a11fecd2a545f947348fc0da,5475,3219,3640271,571,0.742876526458616,0.590933621154884,0.905557393317896,0.6297446514837819,0.9991165064265306,0.9998431681462696,6.046,8.694,2.648,2.648,43.79755210056236,43.79755210056236,0,0,1.0,40.82278729455216,6.079447870711737,0.7884994149208069,,small,Nonfinite HD95 and/or Dice lower Tukey fence and/or HD95 upper Tukey fence; morphology requires image review
BraTS-GLI-00732-001,BraTS-GLI-00732,2,segresnet_baseline,heldout_with_persisted_training_manifest,0.3831655904650688,927.89892578125,MONAI_sliding_window_only_after_transfer_FP32_warmup,f67351ece0c762564abc2fda59ffa8c2c05483e5a11fecd2a545f947348fc0da,2228,2976,3643742,590,0.5554724507604089,0.3845357266137383,0.7906316536550745,0.4281322059953881,0.9991839237363568,0.9998381047610372,2.818,5.204,2.386,2.386,84.66997870830376,84.66997870830376,0,0,1.0,66.40067768710611,19.270684651742663,0.5034005045890808,,small,Nonfinite HD95 and/or Dice lower Tukey fence and/or HD95 upper Tukey fence; morphology requires image review
BraTS-GLI-00733-001,BraTS-GLI-00733,2,segresnet_baseline,heldout_with_persisted_training_manifest,0.4038769882172346,928.35205078125,MONAI_sliding_window_only_after_transfer_FP32_warmup,f67351ece0c762564abc2fda59ffa8c2c05483e5a11fecd2a545f947348fc0da,6506,33938,3645414,542,0.2739829866082708,0.1587371297516225,0.9230987514188422,0.1608644051033528,0.9907760931816254,0.9998513421445568,7.048,40.444,33.396,33.396,473.8365493757094,473.8365493757094,0,0,1.0,94.68579588885416,52.24818319555803,0.3269699215888977,,small,Nonfinite HD95 and/or Dice lower Tukey fence and/or HD95 upper Tukey fence; morphology requires image review
BraTS-GLI-00788-000,BraTS-GLI-00788,2,segresnet_baseline,heldout_with_persisted_training_manifest,0.3945094235241413,927.89892578125,MONAI_sliding_window_only_after_transfer_FP32_warmup,f67351ece0c762564abc2fda59ffa8c2c05483e5a11fecd2a545f947348fc0da,19191,6875,3622678,792,0.8335034419857109,0.7145357063072455,0.96036631136466,0.7362464513158904,0.998105827356702,0.99978142498765,19.983,26.066,6.083,6.083,30.440874743532003,30.440874743532003,0,0,1.0,76.3544366752843,13.73642243382346,0.7515054941177368,,medium,Nonfinite HD95 and/or Dice lower Tukey fence and/or HD95 upper Tukey fence; morphology requires image review
BraTS-GLI-01003-000,BraTS-GLI-01003,2,segresnet_baseline,heldout_with_persisted_training_manifest,0.3721991535276174,927.89892578125,MONAI_sliding_window_only_after_transfer_FP32_warmup,f67351ece0c762564abc2fda59ffa8c2c05483e5a11fecd2a545f947348fc0da,107643,881,3520843,20169,0.9109318935752488,0.8364324399928512,0.8421979156886678,0.991881980022852,0.9997498384314046,0.994304170672113,127.812,108.524,-19.288,19.288,-15.090914781084718,15.090914781084718,0,0,1.0,17.60681686165901,2.4063813211797003,0.6980869174003601,,large,Nonfinite HD95 and/or Dice lower Tukey fence and/or HD95 upper Tukey fence; morphology requires image review
BraTS-GLI-01027-000,BraTS-GLI-01027,2,segresnet_baseline,heldout_with_persisted_training_manifest,0.3866806635633111,935.10205078125,MONAI_sliding_window_only_after_transfer_FP32_warmup,f67351ece0c762564abc2fda59ffa8c2c05483e5a11fecd2a545f947348fc0da,58289,3632,3911569,7822,0.9105379905023744,0.8357684642186313,0.8816838347627475,0.9413446165275108,0.9990723337064944,0.9980042817876552,66.111,61.921,-4.19,4.19,-6.33782577785845,6.33782577785845,0,0,1.0,65.63840302180941,3.473462184036095,0.8205528259277344,,large,Nonfinite HD95 and/or Dice lower Tukey fence and/or HD95 upper Tukey fence; morphology requires image review
BraTS-GLI-01071-000,BraTS-GLI-01071,2,segresnet_baseline,heldout_with_persisted_training_manifest,0.3833045242354274,927.89892578125,MONAI_sliding_window_only_after_transfer_FP32_warmup,f67351ece0c762564abc2fda59ffa8c2c05483e5a11fecd2a545f947348fc0da,98865,10269,3530389,10013,0.9069684237564904,0.8297733052447817,0.9080346810191224,0.9059046676562758,0.9970996916392376,0.997171790096153,108.878,109.134,0.256,0.256,0.2351255533716637,0.2351255533716637,0,0,1.0,25.079872407968907,2.065278421748505,0.8084223866462708,,large,Nonfinite HD95 and/or Dice lower Tukey fence and/or HD95 upper Tukey fence; morphology requires image review
BraTS-GLI-01077-000,BraTS-GLI-01077,2,segresnet_baseline,heldout_with_persisted_training_manifest,0.3833070090040564,935.10205078125,MONAI_sliding_window_only_after_transfer_FP32_warmup,f67351ece0c762564abc2fda59ffa8c2c05483e5a11fecd2a545f947348fc0da,5423,1587,3974202,100,0.865395356259475,0.7627285513361463,0.981893898243708,0.7736091298145507,0.9996008339476768,0.9999748383489728,5.523,7.01,1.487,1.487,26.923773311606013,26.923773311606013,0,0,1.0,51.56549233741495,4.736998640890301,0.8726865649223328,,small,Nonfinite HD95 and/or Dice lower Tukey fence and/or HD95 upper Tukey fence; morphology requires image review
BraTS-GLI-01099-000,BraTS-GLI-01099,2,segresnet_baseline,heldout_with_persisted_training_manifest,0.3774528224021196,935.10205078125,MONAI_sliding_window_only_after_transfer_FP32_warmup,f67351ece0c762564abc2fda59ffa8c2c05483e5a11fecd2a545f947348fc0da,59346,5689,3901600,14677,0.8535431258899164,0.7445052187876355,0.8017237885522067,0.9125240255247176,0.9985440032718338,0.9962523079955784,74.023,65.035,-8.988,8.988,-12.14217202761304,12.14217202761304,0,0,1.0,26.87005768508881,3.1795937309524978,0.71101313829422,,large,Nonfinite HD95 and/or Dice lower Tukey fence and/or HD95 upper Tukey fence; morphology requires image review
BraTS-GLI-01116-000,BraTS-GLI-01116,2,segresnet_baseline,heldout_with_persisted_training_manifest,0.3889475697651505,927.89892578125,MONAI_sliding_window_only_after_transfer_FP32_warmup,f67351ece0c762564abc2fda59ffa8c2c05483e5a11fecd2a545f947348fc0da,40292,661,3578999,29584,0.7271021122630359,0.5712179423564937,0.576621443700269,0.9838595463091836,0.9998153455914808,0.9918017681732691,69.876,40.953,-28.923,28.923,-41.39189421260519,41.39189421260519,0,0,1.0,14.071247279470288,3.382187892837568,0.5003692507743835,,large,Nonfinite HD95 and/or Dice lower Tukey fence and/or HD95 upper Tukey fence; morphology requires image review
BraTS-GLI-01117-000,BraTS-GLI-01117,2,segresnet_baseline,heldout_with_persisted_training_manifest,0.3828109176829457,935.10205078125,MONAI_sliding_window_only_after_transfer_FP32_warmup,f67351ece0c762564abc2fda59ffa8c2c05483e5a11fecd2a545f947348fc0da,29432,1615,3948203,2062,0.94120656849107,0.8889425835875442,0.9345272115323554,0.947982091667472,0.9995911204009906,0.9994780097031464,31.494,31.047,-0.447,0.447,-1.419317965326729,1.419317965326729,0,0,1.0,17.4928556845359,1.481423610194755,0.8873776197433472,,medium,Nonfinite HD95 and/or Dice lower Tukey fence and/or HD95 upper Tukey fence; morphology requires image review
BraTS-GLI-01138-000,BraTS-GLI-01138,2,segresnet_baseline,heldout_with_persisted_training_manifest,0.3918282901868224,927.89892578125,MONAI_sliding_window_only_after_transfer_FP32_warmup,f67351ece0c762564abc2fda59ffa8c2c05483e5a11fecd2a545f947348fc0da,97750,15202,3500239,36345,0.7913473954348768,0.6547351922677616,0.728960811365077,0.8654118563637652,0.9956756492286458,0.989723133962038,134.095,112.952,-21.143,21.143,-15.76717998433946,15.76717998433946,0,0,1.0,12.041594578792296,2.39138945948284,0.6377246379852295,,large,Nonfinite HD95 and/or Dice lower Tukey fence and/or HD95 upper Tukey fence; morphology requires image review
BraTS-GLI-01150-000,BraTS-GLI-01150,2,segresnet_baseline,heldout_with_persisted_training_manifest,0.3950678305700421,935.10205078125,MONAI_sliding_window_only_after_transfer_FP32_warmup,f67351ece0c762564abc2fda59ffa8c2c05483e5a11fecd2a545f947348fc0da,70656,15453,3869378,25825,0.7739306643299195,0.6312291171583254,0.7323307179651952,0.8205414068215866,0.9960222207864384,0.993370050290062,96.481,86.10900000000001,-10.372,10.372,-10.750303168499498,10.750303168499498,0,0,1.0,23.853720883753127,3.63868411692859,0.5711731314659119,,large,Nonfinite HD95 and/or Dice lower Tukey fence and/or HD95 upper Tukey fence; morphology requires image review
BraTS-GLI-01205-000,BraTS-GLI-01205,2,segresnet_baseline,heldout_with_persisted_training_manifest,0.3828564947471022,927.89892578125,MONAI_sliding_window_only_after_transfer_FP32_warmup,f67351ece0c762564abc2fda59ffa8c2c05483e5a11fecd2a545f947348fc0da,12623,701,3626872,9340,0.7154476152690793,0.5569625838333921,0.574739334335018,0.9473881717202042,0.9998067578515994,0.9974313928890834,21.963,13.324,-8.639,8.639,-39.33433501798479,39.33433501798479,0,0,1.0,35.101993876957046,7.112726209333218,0.6326258182525635,,medium,Nonfinite HD95 and/or Dice lower Tukey fence and/or HD95 upper Tukey fence; morphology requires image review
BraTS-GLI-01222-000,BraTS-GLI-01222,2,segresnet_baseline,heldout_with_persisted_training_manifest,0.3981544822454452,919.91455078125,MONAI_sliding_window_only_after_transfer_FP32_warmup,f67351ece0c762564abc2fda59ffa8c2c05483e5a11fecd2a545f947348fc0da,27439,5711,3275191,9419,0.7838818420751914,0.6445770396297775,0.7444516794183081,0.8277224736048265,0.9982593201503732,0.9971323840577724,36.858,33.15,-3.708,3.708,-10.060231157414943,10.060231157414943,0,0,1.0,10.099504938362076,2.045877187129857,0.6459020972251892,,medium,Nonfinite HD95 and/or Dice lower Tukey fence and/or HD95 upper Tukey fence; morphology requires image review
BraTS-GLI-01245-000,BraTS-GLI-01245,2,segresnet_baseline,heldout_with_persisted_training_manifest,0.3812377760186791,927.89892578125,MONAI_sliding_window_only_after_transfer_FP32_warmup,f67351ece0c762564abc2fda59ffa8c2c05483e5a11fecd2a545f947348fc0da,68658,31318,3526572,22988,0.7165983029088518,0.558358543964087,0.7491652663509591,0.6867448187565015,0.9911975918311132,0.9935237043464542,91.646,99.976,8.33,8.33,9.089321956222856,9.089321956222856,0,0,1.0,9.273618495495704,2.708926977382049,0.4885015785694122,,large,Nonfinite HD95 and/or Dice lower Tukey fence and/or HD95 upper Tukey fence; morphology requires image review
BraTS-GLI-01253-000,BraTS-GLI-01253,2,segresnet_baseline,heldout_with_persisted_training_manifest,0.2075046645477414,918.22705078125,MONAI_sliding_window_only_after_transfer_FP32_warmup,f67351ece0c762564abc2fda59ffa8c2c05483e5a11fecd2a545f947348fc0da,79721,6966,3141251,16094,0.8736452203263526,0.7756394664383495,0.8320304753952931,0.9196419301625388,0.9977873189808708,0.9949026793080896,95.815,86.687,-9.128,9.128,-9.526692062829412,9.526692062829412,0,0,1.0,16.15549442140351,2.236657519293253,0.634002149105072,,large,Nonfinite HD95 and/or Dice lower Tukey fence and/or HD95 upper Tukey fence; morphology requires image review
BraTS-GLI-01288-000,BraTS-GLI-01288,2,segresnet_baseline,heldout_with_persisted_training_manifest,0.3773978380486369,927.89892578125,MONAI_sliding_window_only_after_transfer_FP32_warmup,f67351ece0c762564abc2fda59ffa8c2c05483e5a11fecd2a545f947348fc0da,122543,8183,3517721,1089,0.9635474410083426,0.9296589917687668,0.9911916008800312,0.9374034239554488,0.9976791767444604,0.9996905203747858,123.632,130.726,7.094,7.094,5.737996635175359,5.737996635175359,0,0,1.0,45.65084884205331,3.172805168090809,0.893958330154419,,large,Nonfinite HD95 and/or Dice lower Tukey fence and/or HD95 upper Tukey fence; morphology requires image review
BraTS-GLI-01308-000,BraTS-GLI-01308,2,segresnet_baseline,heldout_with_persisted_training_manifest,0.3961180122569203,927.89892578125,MONAI_sliding_window_only_after_transfer_FP32_warmup,f67351ece0c762564abc2fda59ffa8c2c05483e5a11fecd2a545f947348fc0da,5993,8316,3634700,527,0.575447693120169,0.4039498517120518,0.9191717791411044,0.4188273114822838,0.9977172760152576,0.999855029685904,6.5200000000000005,14.309,7.789000000000001,7.789000000000001,119.46319018404908,119.46319018404908,0,0,1.0,76.49117468013338,18.735343476288715,0.4900830686092376,,small,Nonfinite HD95 and/or Dice lower Tukey fence and/or HD95 upper Tukey fence; morphology requires image review
BraTS-GLI-01311-000,BraTS-GLI-01311,2,segresnet_baseline,heldout_with_persisted_training_manifest,0.4022061321884393,927.89892578125,MONAI_sliding_window_only_after_transfer_FP32_warmup,f67351ece0c762564abc2fda59ffa8c2c05483e5a11fecd2a545f947348fc0da,78927,731,3551326,18552,0.8911407554604628,0.803655432237043,0.8096820853722341,0.9908232694770144,0.999794203752924,0.994803183750257,97.479,79.658,-17.821,17.821,-18.2818863550098,18.2818863550098,0,0,1.0,65.09032041702707,13.518747396171513,0.7336372137069702,,large,Nonfinite HD95 and/or Dice lower Tukey fence and/or HD95 upper Tukey fence; morphology requires image review
BraTS-GLI-01341-000,BraTS-GLI-01341,2,segresnet_baseline,heldout_with_persisted_training_manifest,0.3881252622231841,935.10205078125,MONAI_sliding_window_only_after_transfer_FP32_warmup,f67351ece0c762564abc2fda59ffa8c2c05483e5a11fecd2a545f947348fc0da,3208,7257,3970715,132,0.4647591452372329,0.3027271869396999,0.9604790419161676,0.3065456282847587,0.9981757035997236,0.9999667577219672,3.34,10.465,7.125,7.125,213.3233532934132,213.3233532934132,0,0,1.0,24.94391011212793,7.958707437376724,0.4973784983158111,,small,Nonfinite HD95 and/or Dice lower Tukey fence and/or HD95 upper Tukey fence; morphology requires image review
BraTS-GLI-01349-000,BraTS-GLI-01349,2,segresnet_baseline,heldout_with_persisted_training_manifest,0.378681119531393,927.89892578125,MONAI_sliding_window_only_after_transfer_FP32_warmup,f67351ece0c762564abc2fda59ffa8c2c05483e5a11fecd2a545f947348fc0da,8683,1638,3637905,1310,0.8548784089790292,0.7465394205141432,0.8689082357650355,0.8412944482123825,0.9995499434956532,0.9996400322597044,9.993,10.321,0.328,0.328,3.282297608325828,3.282297608325828,0,0,1.0,24.631273316775083,2.43768056498871,0.8870148658752441,,small,Nonfinite HD95 and/or Dice lower Tukey fence and/or HD95 upper Tukey fence; morphology requires image review
BraTS-GLI-01354-000,BraTS-GLI-01354,2,segresnet_baseline,heldout_with_persisted_training_manifest,0.3867204086855054,927.89892578125,MONAI_sliding_window_only_after_transfer_FP32_warmup,f67351ece0c762564abc2fda59ffa8c2c05483e5a11fecd2a545f947348fc0da,53737,3781,3584176,7842,0.9024072814596504,0.8221695226438188,0.8726513908962471,0.9342640564692792,0.9989461969583248,0.9978168260849472,61.579,57.518,-4.061,4.061,-6.594780688221634,6.594780688221634,0,0,1.0,16.15549442140351,2.053938284511823,0.8088738918304443,,large,Nonfinite HD95 and/or Dice lower Tukey fence and/or HD95 upper Tukey fence; morphology requires image review
BraTS-GLI-01366-000,BraTS-GLI-01366,2,segresnet_baseline,heldout_with_persisted_training_manifest,0.4031646894291043,927.89892578125,MONAI_sliding_window_only_after_transfer_FP32_warmup,f67351ece0c762564abc2fda59ffa8c2c05483e5a11fecd2a545f947348fc0da,11935,1920,3632590,3091,0.8264949274609605,0.7042959990558244,0.794289897510981,0.8614218693612414,0.9994717307147318,0.9991498153990958,15.026,13.855,-1.171,1.171,-7.793158525222947,7.793158525222947,0,0,1.0,31.396655115398985,3.7347239229419023,0.7573170065879822,,medium,Nonfinite HD95 and/or Dice lower Tukey fence and/or HD95 upper Tukey fence; morphology requires image review
BraTS-GLI-01368-000,BraTS-GLI-01368,2,segresnet_baseline,heldout_with_persisted_training_manifest,0.3888535024598241,927.89892578125,MONAI_sliding_window_only_after_transfer_FP32_warmup,f67351ece0c762564abc2fda59ffa8c2c05483e5a11fecd2a545f947348fc0da,176370,5904,3452982,14280,0.9458763715931396,0.8973106627186422,0.9250983477576712,0.9676092037262582,0.9982930920533374,0.9958814765079766,190.65,182.274,-8.376,8.376,-4.3933910306845005,4.3933910306845005,0,0,1.0,23.38802135626755,2.053319062444768,0.8168807029724121,,large,Nonfinite HD95 and/or Dice lower Tukey fence and/or HD95 upper Tukey fence; morphology requires image review
BraTS-GLI-01370-000,BraTS-GLI-01370,2,segresnet_baseline,heldout_with_persisted_training_manifest,0.3879423355683684,919.91455078125,MONAI_sliding_window_only_after_transfer_FP32_warmup,f67351ece0c762564abc2fda59ffa8c2c05483e5a11fecd2a545f947348fc0da,56080,2682,3238314,20684,0.8275902778802592,0.7058882763134707,0.7305507790109947,0.9543582587386408,0.9991724766090424,0.993653263978683,76.764,58.762,-18.002,18.002,-23.45109686832369,23.45109686832369,0,0,1.0,28.109604496887705,5.523918616213238,0.6398418545722961,,large,Nonfinite HD95 and/or Dice lower Tukey fence and/or HD95 upper Tukey fence; morphology requires image review
BraTS-GLI-01429-000,BraTS-GLI-01429,2,segresnet_baseline,heldout_with_persisted_training_manifest,0.3877709805965423,927.89892578125,MONAI_sliding_window_only_after_transfer_FP32_warmup,f67351ece0c762564abc2fda59ffa8c2c05483e5a11fecd2a545f947348fc0da,112569,30562,3469633,36772,0.7697762520856697,0.6257205271729765,0.7537715697631595,0.7864753267985273,0.9912684864700396,0.9895129056683412,149.341,143.131,-6.21,6.21,-4.158268660314314,4.158268660314314,0,0,1.0,19.1049731745428,3.0498121117083987,0.5780692100524902,,large,Nonfinite HD95 and/or Dice lower Tukey fence and/or HD95 upper Tukey fence; morphology requires image review
BraTS-GLI-01482-000,BraTS-GLI-01482,2,segresnet_baseline,heldout_with_persisted_training_manifest,0.3787867110222578,945.72705078125,MONAI_sliding_window_only_after_transfer_FP32_warmup,f67351ece0c762564abc2fda59ffa8c2c05483e5a11fecd2a545f947348fc0da,20038,35316,4358291,10035,0.4691256862584428,0.3064429797060667,0.6663119741961228,0.3619973262998157,0.9919619574531814,0.9977027813400372,30.073,55.354,25.281,25.281,84.06544076081535,84.06544076081535,0,0,1.0,108.39487992859172,31.06720654935308,0.3277052044868469,,medium,Nonfinite HD95 and/or Dice lower Tukey fence and/or HD95 upper Tukey fence; morphology requires image review
BraTS-GLI-01490-000,BraTS-GLI-01490,2,segresnet_baseline,heldout_with_persisted_training_manifest,0.4008600898087024,927.89892578125,MONAI_sliding_window_only_after_transfer_FP32_warmup,f67351ece0c762564abc2fda59ffa8c2c05483e5a11fecd2a545f947348fc0da,74996,2139,3534108,38293,0.7876738226273999,0.6497210382229615,0.6619883660373028,0.972269397809036,0.999395121438067,0.989280878602374,113.289,77.135,-36.154,36.154,-31.913071878117027,31.913071878117027,0,0,1.0,22.02271554554524,4.093127062295856,0.5894303321838379,,large,Nonfinite HD95 and/or Dice lower Tukey fence and/or HD95 upper Tukey fence; morphology requires image review
BraTS-GLI-00002-000,BraTS-GLI-00002,3,segresnet_baseline,heldout_with_persisted_training_manifest,0.3610983313992619,927.89892578125,MONAI_sliding_window_only_after_transfer_FP32_warmup,f67351ece0c762564abc2fda59ffa8c2c05483e5a11fecd2a545f947348fc0da,121622,3016,3455926,68972,0.7716348594051365,0.6281803625845772,0.6381208222714251,0.9758019223671752,0.9991280570764124,0.9804329089806286,190.594,124.638,-65.956,65.956,-34.605496500414496,34.605496500414496,0,0,1.0,17.74823934929885,4.360663448036677,0.4821036458015442,72.0,large,Nonfinite HD95 and/or Dice lower Tukey fence and/or HD95 upper Tukey fence; morphology requires image review
BraTS-GLI-00136-000,BraTS-GLI-00136,3,segresnet_baseline,heldout_with_persisted_training_manifest,0.3965788660570979,927.89892578125,MONAI_sliding_window_only_after_transfer_FP32_warmup,f67351ece0c762564abc2fda59ffa8c2c05483e5a11fecd2a545f947348fc0da,54058,17467,3574901,3110,0.8401078535740094,0.7242982514905876,0.945598936467954,0.755791681230339,0.995137747580426,0.9991308020014472,57.168,71.525,14.357,14.357,25.11369997201232,25.11369997201232,0,0,1.0,20.808652046684813,3.583696858765649,0.7181363701820374,,large,Nonfinite HD95 and/or Dice lower Tukey fence and/or HD95 upper Tukey fence; morphology requires image review
BraTS-GLI-00143-000,BraTS-GLI-00143,3,segresnet_baseline,heldout_with_persisted_training_manifest,0.4033106453716755,927.89892578125,MONAI_sliding_window_only_after_transfer_FP32_warmup,f67351ece0c762564abc2fda59ffa8c2c05483e5a11fecd2a545f947348fc0da,152445,64255,3422658,10178,0.8037740922643762,0.6719249993388517,0.937413526991877,0.7034840793724042,0.9815725256121962,0.9970351045025164,162.623,216.7,54.077,54.077,33.252983895266965,33.252983895266965,0,0,1.0,50.36069880601575,7.573741174419043,0.6757525205612183,,large,Nonfinite HD95 and/or Dice lower Tukey fence and/or HD95 upper Tukey fence; morphology requires image review
BraTS-GLI-00149-000,BraTS-GLI-00149,3,segresnet_baseline,heldout_with_persisted_training_manifest,0.3877956159412861,927.89892578125,MONAI_sliding_window_only_after_transfer_FP32_warmup,f67351ece0c762564abc2fda59ffa8c2c05483e5a11fecd2a545f947348fc0da,18443,1085,3624017,5991,0.8390428096992858,0.7227164073827345,0.7548088728820496,0.9444387546087668,0.9997006980769092,0.998349590414126,24.434,19.528,-4.906,4.906,-20.078579029221576,20.078579029221576,0,0,1.0,21.40093455903269,2.7320735771438778,0.7013108134269714,,medium,Nonfinite HD95 and/or Dice lower Tukey fence and/or HD95 upper Tukey fence; morphology requires image review
BraTS-GLI-00176-000,BraTS-GLI-00176,3,segresnet_baseline,heldout_with_persisted_training_manifest,0.3887940375134349,927.89892578125,MONAI_sliding_window_only_after_transfer_FP32_warmup,f67351ece0c762564abc2fda59ffa8c2c05483e5a11fecd2a545f947348fc0da,125852,12081,3508183,3420,0.9419883609962388,0.8903383727264367,0.9735441549600842,0.912413998100527,0.996568155115639,0.9990260858075356,129.272,137.933,8.661,8.661,6.699826721950616,6.699826721950616,0,0,1.0,38.17066936798463,3.23816226498732,0.8839924931526184,,large,Nonfinite HD95 and/or Dice lower Tukey fence and/or HD95 upper Tukey fence; morphology requires image review
BraTS-GLI-00192-000,BraTS-GLI-00192,3,segresnet_baseline,heldout_with_persisted_training_manifest,0.4024661164730787,935.10205078125,MONAI_sliding_window_only_after_transfer_FP32_warmup,f67351ece0c762564abc2fda59ffa8c2c05483e5a11fecd2a545f947348fc0da,34378,2096,3943494,1344,0.952351930854895,0.9090380242212704,0.9623761267566204,0.942534408071503,0.999468773998312,0.9996593015986968,35.722,36.474,0.752,0.752,2.1051452886176585,2.1051452886176585,0,0,1.0,66.87376163316414,3.5920416803289124,0.9394741654396056,,medium,Nonfinite HD95 and/or Dice lower Tukey fence and/or HD95 upper Tukey fence; morphology requires image review
BraTS-GLI-00238-000,BraTS-GLI-00238,3,segresnet_baseline,heldout_with_persisted_training_manifest,0.4005080135539174,927.89892578125,MONAI_sliding_window_only_after_transfer_FP32_warmup,f67351ece0c762564abc2fda59ffa8c2c05483e5a11fecd2a545f947348fc0da,58121,8627,3582555,233,0.9291777909226072,0.867723682835431,0.996007128902903,0.8707526817282915,0.9975977268765548,0.9999349668470476,58.354,66.748,8.394,8.394,14.384618021043972,14.384618021043972,0,0,1.0,31.6227766016838,2.4116249004125736,0.9158895015716552,,large,Nonfinite HD95 and/or Dice lower Tukey fence and/or HD95 upper Tukey fence; morphology requires image review
BraTS-GLI-00242-000,BraTS-GLI-00242,3,segresnet_baseline,heldout_with_persisted_training_manifest,0.3928159922361374,927.89892578125,MONAI_sliding_window_only_after_transfer_FP32_warmup,f67351ece0c762564abc2fda59ffa8c2c05483e5a11fecd2a545f947348fc0da,93622,4321,3478219,73374,0.7067438165011569,0.5464840033388397,0.560624206567822,0.9558825030885312,0.9987592389462864,0.9793405381754048,166.996,97.943,-69.053,69.053,-41.35009221777767,41.35009221777767,0,0,1.0,60.81118318204309,16.378142990604896,0.4961080849170685,,large,Nonfinite HD95 and/or Dice lower Tukey fence and/or HD95 upper Tukey fence; morphology requires image review
BraTS-GLI-00296-000,BraTS-GLI-00296,3,segresnet_baseline,heldout_with_persisted_training_manifest,0.4035970084369182,927.89892578125,MONAI_sliding_window_only_after_transfer_FP32_warmup,f67351ece0c762564abc2fda59ffa8c2c05483e5a11fecd2a545f947348fc0da,31521,4960,3611164,1891,0.9019787389295064,0.8214583550505578,0.94340356758051,0.8640388147254735,0.9986283656202056,0.9994766202009104,33.412,36.481,3.069,3.069,9.185322638572968,9.185322638572968,0,0,1.0,39.25557285278104,2.343418419558114,0.8508614301681519,,medium,Nonfinite HD95 and/or Dice lower Tukey fence and/or HD95 upper Tukey fence; morphology requires image review
BraTS-GLI-00314-000,BraTS-GLI-00314,3,segresnet_baseline,heldout_with_persisted_training_manifest,0.3811400784179568,927.89892578125,MONAI_sliding_window_only_after_transfer_FP32_warmup,f67351ece0c762564abc2fda59ffa8c2c05483e5a11fecd2a545f947348fc0da,21467,13359,3613966,744,0.7527394498308115,0.6035141973573236,0.966503084057449,0.6164072819158101,0.9963171207432474,0.9997941743597688,22.211,34.826,12.615,12.615,56.79618207194633,56.79618207194633,0,0,1.0,43.32435804486894,4.799598693517411,0.6572530269622803,,medium,Nonfinite HD95 and/or Dice lower Tukey fence and/or HD95 upper Tukey fence; morphology requires image review
BraTS-GLI-00431-000,BraTS-GLI-00431,3,segresnet_baseline,heldout_with_persisted_training_manifest,0.3929389044642448,927.89892578125,MONAI_sliding_window_only_after_transfer_FP32_warmup,f67351ece0c762564abc2fda59ffa8c2c05483e5a11fecd2a545f947348fc0da,16062,7616,3624434,1424,0.7803906325915849,0.6398693331208669,0.9185634221663044,0.6783512120956162,0.9979031125672828,0.9996072653700172,17.486,23.678,6.192,6.192,35.41118609173053,35.41118609173053,0,0,1.0,63.58537475801239,8.319007338687134,0.6450676918029785,,medium,Nonfinite HD95 and/or Dice lower Tukey fence and/or HD95 upper Tukey fence; morphology requires image review
BraTS-GLI-00540-000,BraTS-GLI-00540,3,segresnet_baseline,heldout_with_persisted_training_manifest,0.3931527910754084,935.10205078125,MONAI_sliding_window_only_after_transfer_FP32_warmup,f67351ece0c762564abc2fda59ffa8c2c05483e5a11fecd2a545f947348fc0da,10474,2419,3966407,2012,0.8254068324205052,0.7027172089902717,0.8388595226653852,0.8123788102070891,0.999390499860664,0.9994929970852372,12.486,12.893,0.407,0.407,3.259650808905975,3.259650808905975,0,0,1.0,37.50199653775853,5.409517725360971,0.7214608192443848,,medium,Nonfinite HD95 and/or Dice lower Tukey fence and/or HD95 upper Tukey fence; morphology requires image review
BraTS-GLI-00540-001,BraTS-GLI-00540,3,segresnet_baseline,heldout_with_persisted_training_manifest,0.3777164090424776,927.89892578125,MONAI_sliding_window_only_after_transfer_FP32_warmup,f67351ece0c762564abc2fda59ffa8c2c05483e5a11fecd2a545f947348fc0da,7501,1973,3639496,566,0.8552534063052277,0.7471115537848606,0.9298376100161152,0.7917458306945324,0.9994581856937408,0.9998445081429932,8.067,9.474,1.407,1.407,17.44142804016363,17.44142804016363,0,0,1.0,45.967379738244816,4.807213352905808,0.7999387979507446,,small,Nonfinite HD95 and/or Dice lower Tukey fence and/or HD95 upper Tukey fence; morphology requires image review
BraTS-GLI-00559-000,BraTS-GLI-00559,3,segresnet_baseline,heldout_with_persisted_training_manifest,0.3791116531938314,927.89892578125,MONAI_sliding_window_only_after_transfer_FP32_warmup,f67351ece0c762564abc2fda59ffa8c2c05483e5a11fecd2a545f947348fc0da,96283,616,3490087,62550,0.7529992335726463,0.6038482524192689,0.6061901494022023,0.9936428652514474,0.9998235312485766,0.9823933601997614,158.833,96.899,-61.934000000000005,61.934000000000005,-38.9931563340112,38.9931563340112,0,0,1.0,77.33692520394123,28.37074119442908,0.41397225856781,,large,Nonfinite HD95 and/or Dice lower Tukey fence and/or HD95 upper Tukey fence; morphology requires image review
BraTS-GLI-00559-001,BraTS-GLI-00559,3,segresnet_baseline,heldout_with_persisted_training_manifest,0.3905320931226015,927.89892578125,MONAI_sliding_window_only_after_transfer_FP32_warmup,f67351ece0c762564abc2fda59ffa8c2c05483e5a11fecd2a545f947348fc0da,111644,1822,3442278,93792,0.7001774839919473,0.5386716073685938,0.5434490546934325,0.9839423263356424,0.9994709793560002,0.9734756382085196,205.436,113.466,-91.97,91.97,-44.768200315426704,44.768200315426704,0,0,1.0,68.38859554048467,23.7156254804273,0.4561443328857422,,large,Nonfinite HD95 and/or Dice lower Tukey fence and/or HD95 upper Tukey fence; morphology requires image review
BraTS-GLI-00582-000,BraTS-GLI-00582,3,segresnet_baseline,heldout_with_persisted_training_manifest,0.3845277316868305,935.10205078125,MONAI_sliding_window_only_after_transfer_FP32_warmup,f67351ece0c762564abc2fda59ffa8c2c05483e5a11fecd2a545f947348fc0da,51439,9440,3920090,343,0.9131642715757892,0.8402045016497337,0.9933760766289444,0.8449383202746431,0.9975976770758844,0.999912509664111,51.782,60.879,9.097,9.097,17.56788073075586,17.56788073075586,0,0,1.0,24.125694212668304,2.8848580910605706,0.7665997743606567,,large,Nonfinite HD95 and/or Dice lower Tukey fence and/or HD95 upper Tukey fence; morphology requires image review
BraTS-GLI-00589-000,BraTS-GLI-00589,3,segresnet_baseline,heldout_with_persisted_training_manifest,0.1076184241101145,943.97705078125,MONAI_sliding_window_only_after_transfer_FP32_warmup,f67351ece0c762564abc2fda59ffa8c2c05483e5a11fecd2a545f947348fc0da,98288,44942,2019234,224,0.8131644480479189,0.6851534289737476,0.9977261653402631,0.6862249528730014,0.9782276317523312,0.9998890791489596,98.512,143.23,44.718,44.718,45.39345460451519,45.39345460451519,0,0,1.0,21.2544088645008,3.729377588925925,0.5821364521980286,,large,Nonfinite HD95 and/or Dice lower Tukey fence and/or HD95 upper Tukey fence; morphology requires image review
BraTS-GLI-00606-000,BraTS-GLI-00606,3,segresnet_baseline,heldout_with_persisted_training_manifest,0.3803153866901994,935.10205078125,MONAI_sliding_window_only_after_transfer_FP32_warmup,f67351ece0c762564abc2fda59ffa8c2c05483e5a11fecd2a545f947348fc0da,164485,11235,3792886,12706,0.9321613664634992,0.8729421629711399,0.928292069010277,0.9360630548600044,0.9970466239112794,0.9966612290545072,177.191,175.72,-1.471,1.471,-0.8301776049573624,0.8301776049573624,0,0,1.0,27.09243436828813,1.973489790986304,0.8555405139923096,,large,Nonfinite HD95 and/or Dice lower Tukey fence and/or HD95 upper Tukey fence; morphology requires image review
BraTS-GLI-00630-000,BraTS-GLI-00630,3,segresnet_baseline,heldout_with_persisted_training_manifest,0.401334629394114,947.10205078125,MONAI_sliding_window_only_after_transfer_FP32_warmup,f67351ece0c762564abc2fda59ffa8c2c05483e5a11fecd2a545f947348fc0da,59410,16707,4427335,2148,0.8630470310513891,0.7590877148150514,0.9651060788199748,0.7805089533218598,0.996240584584934,0.9995150675598032,61.558,76.117,14.559,14.559,23.6508658500926,23.6508658500926,0,0,1.0,28.738475477028853,2.744329201845201,0.8031445741653442,,large,Nonfinite HD95 and/or Dice lower Tukey fence and/or HD95 upper Tukey fence; morphology requires image review
BraTS-GLI-00659-000,BraTS-GLI-00659,3,segresnet_baseline,heldout_with_persisted_training_manifest,0.4000096395611763,935.10205078125,MONAI_sliding_window_only_after_transfer_FP32_warmup,f67351ece0c762564abc2fda59ffa8c2c05483e5a11fecd2a545f947348fc0da,29707,8927,3942292,386,0.8644928485165947,0.761327524346489,0.9871730967334597,0.7689340994978516,0.9977406972379916,0.999902097001074,30.093,38.634,8.541,8.541,28.38201575117137,28.38201575117137,0,0,1.0,30.828555460092502,3.5554319069517835,0.763278067111969,,medium,Nonfinite HD95 and/or Dice lower Tukey fence and/or HD95 upper Tukey fence; morphology requires image review
BraTS-GLI-00705-000,BraTS-GLI-00705,3,segresnet_baseline,heldout_with_persisted_training_manifest,0.3929270720109343,956.97705078125,MONAI_sliding_window_only_after_transfer_FP32_warmup,f67351ece0c762564abc2fda59ffa8c2c05483e5a11fecd2a545f947348fc0da,12995,3827,4894044,4334,0.7610318877924511,0.6142465494422386,0.7498990132148422,0.7725002972298181,0.9992186400989328,0.9991152173229588,17.329,16.822,-0.507,0.507,-2.9257314328582145,2.9257314328582145,0,0,1.0,42.81354925721529,7.498518743076979,0.619517982006073,,medium,Nonfinite HD95 and/or Dice lower Tukey fence and/or HD95 upper Tukey fence; morphology requires image review
BraTS-GLI-00757-000,BraTS-GLI-00757,3,segresnet_baseline,heldout_with_persisted_training_manifest,0.3689069887623191,927.89892578125,MONAI_sliding_window_only_after_transfer_FP32_warmup,f67351ece0c762564abc2fda59ffa8c2c05483e5a11fecd2a545f947348fc0da,52145,5779,3576760,14852,0.8348476236981772,0.7165136858304936,0.7783184321686045,0.9002313376148056,0.9983868982305566,0.995864809450464,66.997,57.924,-9.073,9.073,-13.542397420780034,13.542397420780034,0,0,1.0,15.297058540778355,1.942874379218548,0.7580487132072449,,large,Nonfinite HD95 and/or Dice lower Tukey fence and/or HD95 upper Tukey fence; morphology requires image review
BraTS-GLI-01035-000,BraTS-GLI-01035,3,segresnet_baseline,heldout_with_persisted_training_manifest,0.3726802933961153,919.91455078125,MONAI_sliding_window_only_after_transfer_FP32_warmup,f67351ece0c762564abc2fda59ffa8c2c05483e5a11fecd2a545f947348fc0da,2647,7091,3306924,1098,0.3926425869613587,0.2442783314876338,0.7068090787716956,0.2718217293078661,0.9978602993649696,0.9996680795956012,3.745,9.738,5.993,5.993,160.02670226969292,160.02670226969292,0,0,1.0,97.1063849289448,55.70541382755921,0.2616835832595825,,small,Nonfinite HD95 and/or Dice lower Tukey fence and/or HD95 upper Tukey fence; morphology requires image review
BraTS-GLI-01075-000,BraTS-GLI-01075,3,segresnet_baseline,heldout_with_persisted_training_manifest,0.2134439889341592,918.22705078125,MONAI_sliding_window_only_after_transfer_FP32_warmup,f67351ece0c762564abc2fda59ffa8c2c05483e5a11fecd2a545f947348fc0da,90847,6015,3097307,49863,0.7647955146229354,0.6191651047878685,0.645632861914576,0.9379013441803804,0.9980617544682764,0.98415624195706,140.71,96.862,-43.848,43.848,-31.16196432378651,31.16196432378651,0,0,1.0,15.0,2.9241446206173545,0.5740193128585815,,large,Nonfinite HD95 and/or Dice lower Tukey fence and/or HD95 upper Tukey fence; morphology requires image review
BraTS-GLI-01089-000,BraTS-GLI-01089,3,segresnet_baseline,heldout_with_persisted_training_manifest,0.3782308138906955,927.89892578125,MONAI_sliding_window_only_after_transfer_FP32_warmup,f67351ece0c762564abc2fda59ffa8c2c05483e5a11fecd2a545f947348fc0da,152416,7515,3478371,11234,0.942057784604164,0.8904624193030117,0.9313534983195844,0.9530109859877072,0.9978441635784993,0.9967807244659496,163.65,159.931,-3.719,3.719,-2.272532844485182,2.272532844485182,0,0,1.0,40.85339643163099,2.438784791993473,0.8925055861473083,,large,Nonfinite HD95 and/or Dice lower Tukey fence and/or HD95 upper Tukey fence; morphology requires image review
BraTS-GLI-01091-000,BraTS-GLI-01091,3,segresnet_baseline,heldout_with_persisted_training_manifest,0.3846244551241398,927.89892578125,MONAI_sliding_window_only_after_transfer_FP32_warmup,f67351ece0c762564abc2fda59ffa8c2c05483e5a11fecd2a545f947348fc0da,3467,1362,3641384,3323,0.5967811343489112,0.4252944062806673,0.5106038291605302,0.7179540277490164,0.9996261062396335,0.9990882669032106,6.79,4.829,-1.961,1.961,-28.88070692194404,28.88070692194404,0,0,1.0,8.602325267042627,2.11238763035134,0.5631836652755737,,small,Nonfinite HD95 and/or Dice lower Tukey fence and/or HD95 upper Tukey fence; morphology requires image review
BraTS-GLI-01240-000,BraTS-GLI-01240,3,segresnet_baseline,heldout_with_persisted_training_manifest,0.3863788107410073,927.89892578125,MONAI_sliding_window_only_after_transfer_FP32_warmup,f67351ece0c762564abc2fda59ffa8c2c05483e5a11fecd2a545f947348fc0da,17622,2249,3610945,18720,0.6269724085176027,0.4566349667020808,0.4848935116394254,0.8868199889285894,0.999377559023955,0.9948424992389104,36.342,19.871,-16.471,16.471,-45.32221671894777,45.32221671894777,0,0,1.0,17.74823934929885,4.800337684827338,0.4009114801883697,,medium,Nonfinite HD95 and/or Dice lower Tukey fence and/or HD95 upper Tukey fence; morphology requires image review
BraTS-GLI-01249-000,BraTS-GLI-01249,3,segresnet_baseline,heldout_with_persisted_training_manifest,0.382936573587358,927.89892578125,MONAI_sliding_window_only_after_transfer_FP32_warmup,f67351ece0c762564abc2fda59ffa8c2c05483e5a11fecd2a545f947348fc0da,19273,3681,3624979,1603,0.8794433036732832,0.7848271368652523,0.923213259245066,0.839635793325782,0.9989855759426344,0.9995579860044528,20.876,22.954,2.078,2.078,9.954014178961486,9.954014178961486,0,0,1.0,16.97788363132194,2.171212646562059,0.7974212765693665,,medium,Nonfinite HD95 and/or Dice lower Tukey fence and/or HD95 upper Tukey fence; morphology requires image review
BraTS-GLI-01279-000,BraTS-GLI-01279,3,segresnet_baseline,heldout_with_persisted_training_manifest,0.3906012829393148,919.91455078125,MONAI_sliding_window_only_after_transfer_FP32_warmup,f67351ece0c762564abc2fda59ffa8c2c05483e5a11fecd2a545f947348fc0da,12740,3055,3298987,2978,0.8085551994415003,0.6786342087039898,0.8105356915638122,0.8065843621399177,0.9990748149175572,0.9990981127904142,15.718,15.795,0.077,0.077,0.4898842091869194,0.4898842091869194,0,0,1.0,42.705376145160336,3.2176920809574137,0.723415732383728,,medium,Nonfinite HD95 and/or Dice lower Tukey fence and/or HD95 upper Tukey fence; morphology requires image review
BraTS-GLI-01461-000,BraTS-GLI-01461,3,segresnet_baseline,heldout_with_persisted_training_manifest,0.3846866218373179,927.89892578125,MONAI_sliding_window_only_after_transfer_FP32_warmup,f67351ece0c762564abc2fda59ffa8c2c05483e5a11fecd2a545f947348fc0da,64665,2701,3569557,12613,0.8941262686319515,0.8085247377436577,0.836784078262895,0.9599055903571536,0.9992438955976864,0.99647894991025,77.278,67.366,-9.912,9.912,-12.826418903180723,12.826418903180723,0,0,1.0,15.0,2.234792479220247,0.7039422392845154,,large,Nonfinite HD95 and/or Dice lower Tukey fence and/or HD95 upper Tukey fence; morphology requires image review
BraTS-GLI-01469-000,BraTS-GLI-01469,3,segresnet_baseline,heldout_with_persisted_training_manifest,0.3955413680523634,927.89892578125,MONAI_sliding_window_only_after_transfer_FP32_warmup,f67351ece0c762564abc2fda59ffa8c2c05483e5a11fecd2a545f947348fc0da,37365,3420,3593400,15351,0.7992427888471781,0.6656156477126978,0.7087980878670612,0.9161456417800662,0.999049160091414,0.9957461736761556,52.716,40.785,-11.931,11.931,-22.63259731390849,22.63259731390849,0,0,1.0,17.38675739694166,2.689944518847954,0.6643404364585876,,large,Nonfinite HD95 and/or Dice lower Tukey fence and/or HD95 upper Tukey fence; morphology requires image review
BraTS-GLI-00098-000,BraTS-GLI-00098,4,segresnet_baseline,heldout_with_persisted_training_manifest,0.380260931327939,927.89892578125,MONAI_sliding_window_only_after_transfer_FP32_warmup,f67351ece0c762564abc2fda59ffa8c2c05483e5a11fecd2a545f947348fc0da,30787,4298,3579069,35382,0.6081142473383767,0.4368995416294152,0.4652783025283743,0.8774975060567194,0.9988005694086036,0.9902109614987172,66.169,35.085,-31.084,31.084,-46.97668092309088,46.97668092309088,0,0,1.0,38.35817542010479,4.155639330152734,0.4969666302204132,,large,Nonfinite HD95 and/or Dice lower Tukey fence and/or HD95 upper Tukey fence; morphology requires image review
BraTS-GLI-00116-000,BraTS-GLI-00116,4,segresnet_baseline,heldout_with_persisted_training_manifest,0.384502531029284,927.89892578125,MONAI_sliding_window_only_after_transfer_FP32_warmup,f67351ece0c762564abc2fda59ffa8c2c05483e5a11fecd2a545f947348fc0da,109026,6032,3473586,60892,0.7651591712986356,0.6196419437340154,0.6416389081792394,0.9475742668914808,0.9982664763775794,0.9827719963174194,169.918,115.058,-54.86,54.86,-32.28616156028202,32.28616156028202,0,0,1.0,11.704699910719626,2.4321172921030154,0.625443696975708,,large,Nonfinite HD95 and/or Dice lower Tukey fence and/or HD95 upper Tukey fence; morphology requires image review
BraTS-GLI-00239-000,BraTS-GLI-00239,4,segresnet_baseline,heldout_with_persisted_training_manifest,0.4011036269366741,935.10205078125,MONAI_sliding_window_only_after_transfer_FP32_warmup,f67351ece0c762564abc2fda59ffa8c2c05483e5a11fecd2a545f947348fc0da,64164,8170,3904479,4499,0.9101470244047746,0.8351099137089532,0.9344770837277718,0.8870517322420991,0.9979119006074912,0.9988490597798196,68.663,72.334,3.671,3.671,5.346401992339397,5.346401992339397,0,0,1.0,41.30375285612676,2.53075308997415,0.8562605381011963,,large,Nonfinite HD95 and/or Dice lower Tukey fence and/or HD95 upper Tukey fence; morphology requires image review
BraTS-GLI-00285-000,BraTS-GLI-00285,4,segresnet_baseline,heldout_with_persisted_training_manifest,0.399258891120553,927.89892578125,MONAI_sliding_window_only_after_transfer_FP32_warmup,f67351ece0c762564abc2fda59ffa8c2c05483e5a11fecd2a545f947348fc0da,6334,2781,3640268,153,0.8119471862581721,0.683426845058265,0.9764143671959304,0.6948985189248491,0.9992366284395297,0.99995797189391,6.487,9.115,2.628,2.628,40.51179281640204,40.51179281640204,0,0,1.0,56.60827068828566,9.61694421632336,0.7657754421234131,,small,Nonfinite HD95 and/or Dice lower Tukey fence and/or HD95 upper Tukey fence; morphology requires image review
BraTS-GLI-00410-000,BraTS-GLI-00410,4,segresnet_baseline,heldout_with_persisted_training_manifest,0.4006851948797703,927.89892578125,MONAI_sliding_window_only_after_transfer_FP32_warmup,f67351ece0c762564abc2fda59ffa8c2c05483e5a11fecd2a545f947348fc0da,45284,6526,3591172,6554,0.8738036430997221,0.7758892467959702,0.8735676530730352,0.8740397606639645,0.9981860623098436,0.9981782937333192,51.838,51.81,-0.028,0.028,-0.054014429569042,0.054014429569042,0,0,1.0,17.60681686165901,1.9074177111273545,0.8296965956687927,,large,Nonfinite HD95 and/or Dice lower Tukey fence and/or HD95 upper Tukey fence; morphology requires image review
BraTS-GLI-00419-000,BraTS-GLI-00419,4,segresnet_baseline,heldout_with_persisted_training_manifest,0.3934079809114337,927.89892578125,MONAI_sliding_window_only_after_transfer_FP32_warmup,f67351ece0c762564abc2fda59ffa8c2c05483e5a11fecd2a545f947348fc0da,24029,4545,3612801,8161,0.7908959252188796,0.6541173268000544,0.7464740602671637,0.8409393154616085,0.99874355397576,0.9977461790540746,32.19,28.574,-3.616,3.616,-11.233302267785026,11.233302267785026,0,0,1.0,7.0,1.5595042064900906,0.6870171427726746,,medium,Nonfinite HD95 and/or Dice lower Tukey fence and/or HD95 upper Tukey fence; morphology requires image review
BraTS-GLI-00493-000,BraTS-GLI-00493,4,segresnet_baseline,heldout_with_persisted_training_manifest,0.3894705781713128,927.89892578125,MONAI_sliding_window_only_after_transfer_FP32_warmup,f67351ece0c762564abc2fda59ffa8c2c05483e5a11fecd2a545f947348fc0da,4250,65800,3549285,30201,0.0813389345556501,0.0423935920838694,0.1233636178920786,0.0606709493219129,0.9817984915983996,0.9915627550994752,34.451,70.05,35.599000000000004,35.599000000000004,103.3322690197672,103.3322690197672,0,0,1.0,42.04521315282164,21.55685001179292,0.0295801218599081,,medium,Nonfinite HD95 and/or Dice lower Tukey fence and/or HD95 upper Tukey fence; morphology requires image review
BraTS-GLI-00494-000,BraTS-GLI-00494,4,segresnet_baseline,heldout_with_persisted_training_manifest,0.3820075513795018,927.89892578125,MONAI_sliding_window_only_after_transfer_FP32_warmup,f67351ece0c762564abc2fda59ffa8c2c05483e5a11fecd2a545f947348fc0da,95947,519,3474667,78403,0.7085770412383315,0.5486792970738096,0.5503125896185833,0.9946198660668008,0.999850655475707,0.9779337305485116,174.35,96.466,-77.884,77.884,-44.67106395182105,44.67106395182105,0,0,1.0,26.19160170741759,5.188180066421827,0.5088977217674255,,large,Nonfinite HD95 and/or Dice lower Tukey fence and/or HD95 upper Tukey fence; morphology requires image review
BraTS-GLI-00501-000,BraTS-GLI-00501,4,segresnet_baseline,heldout_with_persisted_training_manifest,0.3945683808997273,927.89892578125,MONAI_sliding_window_only_after_transfer_FP32_warmup,f67351ece0c762564abc2fda59ffa8c2c05483e5a11fecd2a545f947348fc0da,135168,2592,3452794,58982,0.8144858545991384,0.6870317471612569,0.6962039660056657,0.981184668989547,0.9992498667297952,0.9832045096270378,194.15,137.76,-56.39,56.39,-29.04455318053052,29.04455318053052,0,0,1.0,17.233687939614086,3.7384017072172178,0.5473684072494507,,large,Nonfinite HD95 and/or Dice lower Tukey fence and/or HD95 upper Tukey fence; morphology requires image review
BraTS-GLI-00502-000,BraTS-GLI-00502,4,segresnet_baseline,heldout_with_persisted_training_manifest,0.3786539351567626,927.89892578125,MONAI_sliding_window_only_after_transfer_FP32_warmup,f67351ece0c762564abc2fda59ffa8c2c05483e5a11fecd2a545f947348fc0da,47833,62,3553927,47714,0.6669315821028708,0.5002980890920311,0.5006227301746784,0.998705501618123,0.99998255481376,0.9867521499227712,95.547,47.895,-47.652,47.652,-49.87283745172533,49.87283745172533,0,0,1.0,8.306623862918075,3.337088264342756,0.2742714583873749,,large,Nonfinite HD95 and/or Dice lower Tukey fence and/or HD95 upper Tukey fence; morphology requires image review
BraTS-GLI-00502-001,BraTS-GLI-00502,4,segresnet_baseline,heldout_with_persisted_training_manifest,0.38034971896559,927.89892578125,MONAI_sliding_window_only_after_transfer_FP32_warmup,f67351ece0c762564abc2fda59ffa8c2c05483e5a11fecd2a545f947348fc0da,61885,963,3571892,14796,0.887055737516932,0.7970351862346092,0.8070447698908465,0.984677316700611,0.99973046765122,0.9958747457264194,76.681,62.848,-13.833,13.833,-18.039670844146528,18.039670844146528,0,0,1.0,16.0312195418814,2.2125196724468745,0.7643129229545593,,large,Nonfinite HD95 and/or Dice lower Tukey fence and/or HD95 upper Tukey fence; morphology requires image review
BraTS-GLI-00514-000,BraTS-GLI-00514,4,segresnet_baseline,heldout_with_persisted_training_manifest,0.3894412228837609,927.89892578125,MONAI_sliding_window_only_after_transfer_FP32_warmup,f67351ece0c762564abc2fda59ffa8c2c05483e5a11fecd2a545f947348fc0da,29241,6753,3602433,11109,0.7660326941213454,0.6207884848098847,0.7246840148698884,0.812385397566261,0.9981289409855852,0.9969257310417312,40.35,35.994,-4.356,4.356,-10.79553903345725,10.79553903345725,0,0,1.0,46.281745861624536,6.064507438488384,0.6605935096740723,,medium,Nonfinite HD95 and/or Dice lower Tukey fence and/or HD95 upper Tukey fence; morphology requires image review
BraTS-GLI-00514-001,BraTS-GLI-00514,4,segresnet_baseline,heldout_with_persisted_training_manifest,0.387522785924375,936.91455078125,MONAI_sliding_window_only_after_transfer_FP32_warmup,f67351ece0c762564abc2fda59ffa8c2c05483e5a11fecd2a545f947348fc0da,107285,3833,3931154,12768,0.9281873591410688,0.8659977721453594,0.8936469725871073,0.9655051386814018,0.999025918001762,0.996762613459394,120.053,111.118,-8.935,8.935,-7.442546208757799,7.442546208757799,0,0,1.0,33.555923471125034,1.862503546571025,0.8680499196052551,,large,Nonfinite HD95 and/or Dice lower Tukey fence and/or HD95 upper Tukey fence; morphology requires image review
BraTS-GLI-00518-000,BraTS-GLI-00518,4,segresnet_baseline,heldout_with_persisted_training_manifest,0.3985299887135625,935.10205078125,MONAI_sliding_window_only_after_transfer_FP32_warmup,f67351ece0c762564abc2fda59ffa8c2c05483e5a11fecd2a545f947348fc0da,53127,2225,3922772,3188,0.9515255178342752,0.907533310556884,0.9433898606055224,0.9598027171556583,0.9994331205858248,0.9991879693119644,56.315,55.352,-0.963,0.963,-1.710023972298677,1.710023972298677,0,0,1.0,28.231188426986208,1.5651688657428882,0.924677848815918,,large,Nonfinite HD95 and/or Dice lower Tukey fence and/or HD95 upper Tukey fence; morphology requires image review
BraTS-GLI-00588-000,BraTS-GLI-00588,4,segresnet_baseline,heldout_with_persisted_training_manifest,0.4014150481671095,928.35205078125,MONAI_sliding_window_only_after_transfer_FP32_warmup,f67351ece0c762564abc2fda59ffa8c2c05483e5a11fecd2a545f947348fc0da,77535,6865,3583747,18253,0.860601149910094,0.7553115836848412,0.8094437716624212,0.9186611374407584,0.9980880696661182,0.9949325374791782,95.788,84.4,-11.388,11.388,-11.888754332484236,11.888754332484236,0,0,1.0,17.11724276862369,2.240946020800234,0.7719631195068359,,large,Nonfinite HD95 and/or Dice lower Tukey fence and/or HD95 upper Tukey fence; morphology requires image review
BraTS-GLI-00604-000,BraTS-GLI-00604,4,segresnet_baseline,heldout_with_persisted_training_manifest,0.3834699830040335,945.72705078125,MONAI_sliding_window_only_after_transfer_FP32_warmup,f67351ece0c762564abc2fda59ffa8c2c05483e5a11fecd2a545f947348fc0da,146492,12126,4261768,3294,0.9500006485000194,0.9047630811799002,0.9780086256392452,0.9235521819717812,0.9971627747435944,0.99922767828463,149.786,158.618,8.832,8.832,5.896412214759724,5.896412214759724,0,0,1.0,69.92710484368135,6.479114094952069,0.877590000629425,,large,Nonfinite HD95 and/or Dice lower Tukey fence and/or HD95 upper Tukey fence; morphology requires image review
BraTS-GLI-00607-000,BraTS-GLI-00607,4,segresnet_baseline,heldout_with_persisted_training_manifest,0.3845582166686654,927.89892578125,MONAI_sliding_window_only_after_transfer_FP32_warmup,f67351ece0c762564abc2fda59ffa8c2c05483e5a11fecd2a545f947348fc0da,53747,7570,3550838,37381,0.7051329987864475,0.5445601734584288,0.5897967693793346,0.8765432098765432,0.9978726441712136,0.9895822969556765,91.128,61.317,-29.811,29.811,-32.71332631024493,32.71332631024493,0,0,1.0,24.20743687382041,5.044858232348963,0.5726612210273743,,large,Nonfinite HD95 and/or Dice lower Tukey fence and/or HD95 upper Tukey fence; morphology requires image review
BraTS-GLI-00607-001,BraTS-GLI-00607,4,segresnet_baseline,heldout_with_persisted_training_manifest,0.4009976666420698,936.91455078125,MONAI_sliding_window_only_after_transfer_FP32_warmup,f67351ece0c762564abc2fda59ffa8c2c05483e5a11fecd2a545f947348fc0da,70757,3615,3953720,26948,0.8223876520394939,0.6983517568101066,0.7241901642699964,0.9513929973645996,0.999086506449416,0.9932302819526772,97.705,74.372,-23.333,23.333,-23.88107056957167,23.88107056957167,0,0,1.0,26.628931039144646,4.769858787010179,0.6855764985084534,,large,Nonfinite HD95 and/or Dice lower Tukey fence and/or HD95 upper Tukey fence; morphology requires image review
BraTS-GLI-00642-000,BraTS-GLI-00642,4,segresnet_baseline,heldout_with_persisted_training_manifest,0.392003227956593,927.89892578125,MONAI_sliding_window_only_after_transfer_FP32_warmup,f67351ece0c762564abc2fda59ffa8c2c05483e5a11fecd2a545f947348fc0da,14662,1938,3628060,4876,0.8114450163263047,0.6827155894952505,0.750435049646842,0.8832530120481927,0.999466115408328,0.9986578348751534,19.538,16.6,-2.938,2.938,-15.037363087317024,15.037363087317024,0,0,1.0,11.180339887498947,1.448132488898266,0.7645150423049927,,medium,Nonfinite HD95 and/or Dice lower Tukey fence and/or HD95 upper Tukey fence; morphology requires image review
BraTS-GLI-00656-000,BraTS-GLI-00656,4,segresnet_baseline,heldout_with_persisted_training_manifest,0.3785993717610836,927.89892578125,MONAI_sliding_window_only_after_transfer_FP32_warmup,f67351ece0c762564abc2fda59ffa8c2c05483e5a11fecd2a545f947348fc0da,118292,5629,3518364,7251,0.94836930378732,0.9018083127496722,0.9422428968560572,0.9545758991615626,0.9984026642504682,0.9979433375453644,125.543,123.921,-1.622,1.622,-1.29198760584023,1.29198760584023,0,0,1.0,48.05205510693585,4.26296735379598,0.8001514077186584,,large,Nonfinite HD95 and/or Dice lower Tukey fence and/or HD95 upper Tukey fence; morphology requires image review
BraTS-GLI-00676-000,BraTS-GLI-00676,4,segresnet_baseline,heldout_with_persisted_training_manifest,0.3869045339524746,936.91455078125,MONAI_sliding_window_only_after_transfer_FP32_warmup,f67351ece0c762564abc2fda59ffa8c2c05483e5a11fecd2a545f947348fc0da,66096,10797,3968240,9907,0.8645876935956467,0.7614746543778802,0.8696498822414904,0.8595840973820764,0.9972865293788422,0.9975096445656734,76.003,76.893,0.89,0.89,1.1710064076418036,1.1710064076418036,0,0,1.0,25.36138674914933,3.299295127518957,0.7408939003944397,,large,Nonfinite HD95 and/or Dice lower Tukey fence and/or HD95 upper Tukey fence; morphology requires image review
BraTS-GLI-00676-001,BraTS-GLI-00676,4,segresnet_baseline,heldout_with_persisted_training_manifest,0.3948946883901953,927.89892578125,MONAI_sliding_window_only_after_transfer_FP32_warmup,f67351ece0c762564abc2fda59ffa8c2c05483e5a11fecd2a545f947348fc0da,58966,10960,3577019,2591,0.8969372466402501,0.8131334721513576,0.9579089299348572,0.8432628778994937,0.9969453555887592,0.9992761781311372,61.557,69.926,8.369,8.369,13.59552934678428,13.59552934678428,0,0,1.0,45.61359335863565,4.937764031561442,0.827887773513794,,large,Nonfinite HD95 and/or Dice lower Tukey fence and/or HD95 upper Tukey fence; morphology requires image review
BraTS-GLI-00685-000,BraTS-GLI-00685,4,segresnet_baseline,heldout_with_persisted_training_manifest,0.393710152246058,935.10205078125,MONAI_sliding_window_only_after_transfer_FP32_warmup,f67351ece0c762564abc2fda59ffa8c2c05483e5a11fecd2a545f947348fc0da,63888,2254,3889725,25445,0.8218427399903522,0.697566248485047,0.7151668476374912,0.9659218046022194,0.9994208601844974,0.9935009207773864,89.333,66.142,-23.191,23.191,-25.960171493177214,25.960171493177214,0,0,1.0,17.522841133277662,2.6200566818145847,0.762988805770874,,large,Nonfinite HD95 and/or Dice lower Tukey fence and/or HD95 upper Tukey fence; morphology requires image review
BraTS-GLI-00685-001,BraTS-GLI-00685,4,segresnet_baseline,heldout_with_persisted_training_manifest,0.4024375770241022,927.89892578125,MONAI_sliding_window_only_after_transfer_FP32_warmup,f67351ece0c762564abc2fda59ffa8c2c05483e5a11fecd2a545f947348fc0da,87994,2634,3532846,26062,0.8598034042719509,0.7540834690204816,0.7714982114049239,0.9709361345279603,0.9992549809361104,0.992676967204547,114.056,90.628,-23.428,23.428,-20.540786981833485,20.540786981833485,0,0,1.0,16.510595986103194,2.024913245038974,0.8132911920547485,,large,Nonfinite HD95 and/or Dice lower Tukey fence and/or HD95 upper Tukey fence; morphology requires image review
BraTS-GLI-00729-000,BraTS-GLI-00729,4,segresnet_baseline,heldout_with_persisted_training_manifest,0.1045195925980806,910.97705078125,MONAI_sliding_window_only_after_transfer_FP32_warmup,f67351ece0c762564abc2fda59ffa8c2c05483e5a11fecd2a545f947348fc0da,12067,550,2866677,4290,0.832953682611997,0.7137280416395576,0.7377269670477471,0.95640802092415,0.9998081770295828,0.998505729950919,16.357,12.617,-3.74,3.74,-22.864828513786147,22.864828513786147,0,0,1.0,19.88592073685306,3.567926742570325,0.7049753665924072,,medium,Nonfinite HD95 and/or Dice lower Tukey fence and/or HD95 upper Tukey fence; morphology requires image review
BraTS-GLI-00735-001,BraTS-GLI-00735,4,segresnet_baseline,heldout_with_persisted_training_manifest,0.3900237455964088,935.10205078125,MONAI_sliding_window_only_after_transfer_FP32_warmup,f67351ece0c762564abc2fda59ffa8c2c05483e5a11fecd2a545f947348fc0da,31557,6431,3941321,2003,0.8821210935316152,0.7891025480733165,0.940315852205006,0.830709697799305,0.99837097163145,0.9994920528975048,33.56,37.988,4.428,4.428,13.194278903456496,13.194278903456496,0,0,1.0,52.1200490888028,3.927524712390792,0.8014628291130066,,medium,Nonfinite HD95 and/or Dice lower Tukey fence and/or HD95 upper Tukey fence; morphology requires image review
BraTS-GLI-00837-000,BraTS-GLI-00837,4,segresnet_baseline,heldout_with_persisted_training_manifest,0.4306441713124513,927.89892578125,MONAI_sliding_window_only_after_transfer_FP32_warmup,f67351ece0c762564abc2fda59ffa8c2c05483e5a11fecd2a545f947348fc0da,19824,8514,3616326,4872,0.7475958818870913,0.5969286359530261,0.8027210884353742,0.6995553673512598,0.9976512066739498,0.998654588895719,24.696,28.338,3.642,3.642,14.747327502429544,14.747327502429544,0,0,1.0,16.810704554255082,4.2941249234288605,0.625033974647522,,medium,Nonfinite HD95 and/or Dice lower Tukey fence and/or HD95 upper Tukey fence; morphology requires image review
BraTS-GLI-01064-000,BraTS-GLI-01064,4,segresnet_baseline,heldout_with_persisted_training_manifest,0.4872751031070947,927.89892578125,MONAI_sliding_window_only_after_transfer_FP32_warmup,f67351ece0c762564abc2fda59ffa8c2c05483e5a11fecd2a545f947348fc0da,27900,15580,3600438,5618,0.7246941478999455,0.5682512525968472,0.8323885673369533,0.641674333026679,0.9956913931291272,0.9984420652369236,33.518,43.48,9.962,9.962,29.72134375559401,29.72134375559401,0,0,1.0,27.331300737432898,2.5508746767586445,0.6679651737213135,,medium,Nonfinite HD95 and/or Dice lower Tukey fence and/or HD95 upper Tukey fence; morphology requires image review
BraTS-GLI-01070-000,BraTS-GLI-01070,4,segresnet_baseline,heldout_with_persisted_training_manifest,0.3915765695273876,935.10205078125,MONAI_sliding_window_only_after_transfer_FP32_warmup,f67351ece0c762564abc2fda59ffa8c2c05483e5a11fecd2a545f947348fc0da,116271,6124,3825904,33013,0.8559439632801946,0.7481661175743849,0.7788577476487768,0.9499652763593284,0.9984018905916136,0.991445009053058,149.284,122.395,-26.889,26.889,-18.011977171029717,18.011977171029717,0,0,1.0,27.73084924772409,3.6454945353754127,0.7525622844696045,,large,Nonfinite HD95 and/or Dice lower Tukey fence and/or HD95 upper Tukey fence; morphology requires image review
BraTS-GLI-01137-000,BraTS-GLI-01137,4,segresnet_baseline,heldout_with_persisted_training_manifest,0.2216663900762796,912.22705078125,MONAI_sliding_window_only_after_transfer_FP32_warmup,f67351ece0c762564abc2fda59ffa8c2c05483e5a11fecd2a545f947348fc0da,39361,4705,2904574,480,0.9382053940672412,0.8836034660800072,0.9879521096358024,0.893228339309218,0.9983827608146212,0.9998347707133844,39.841,44.066,4.225,4.225,10.604653497653173,10.604653497653173,0,0,1.0,26.795522013948524,2.6923896267924747,0.8789701461791992,,medium,Nonfinite HD95 and/or Dice lower Tukey fence and/or HD95 upper Tukey fence; morphology requires image review
BraTS-GLI-01147-000,BraTS-GLI-01147,4,segresnet_baseline,heldout_with_persisted_training_manifest,0.1977007044479251,918.22705078125,MONAI_sliding_window_only_after_transfer_FP32_warmup,f67351ece0c762564abc2fda59ffa8c2c05483e5a11fecd2a545f947348fc0da,9420,106,3232036,2470,0.8797161001120657,0.7852617539179727,0.7922624053826746,0.9888725593113584,0.9999672044111924,0.999236359431703,11.89,9.526,-2.364,2.364,-19.882253994953743,19.882253994953743,0,0,1.0,85.61687884080746,10.402177519767212,0.8084721565246582,,medium,Nonfinite HD95 and/or Dice lower Tukey fence and/or HD95 upper Tukey fence; morphology requires image review
BraTS-GLI-01184-000,BraTS-GLI-01184,4,segresnet_baseline,heldout_with_persisted_training_manifest,0.1072500189766287,903.97705078125,MONAI_sliding_window_only_after_transfer_FP32_warmup,f67351ece0c762564abc2fda59ffa8c2c05483e5a11fecd2a545f947348fc0da,22552,1503,2587415,9970,0.797214415751984,0.6628067597354886,0.6934382879281717,0.937518187487009,0.9994194485881748,0.9961615239943252,32.522,24.055,-8.467,8.467,-26.03468421376299,26.03468421376299,0,0,1.0,7.3484692283495345,2.118776961651762,0.5313423871994019,,medium,Nonfinite HD95 and/or Dice lower Tukey fence and/or HD95 upper Tukey fence; morphology requires image review
BraTS-GLI-01204-000,BraTS-GLI-01204,4,segresnet_baseline,heldout_with_persisted_training_manifest,0.2126057464629411,918.22705078125,MONAI_sliding_window_only_after_transfer_FP32_warmup,f67351ece0c762564abc2fda59ffa8c2c05483e5a11fecd2a545f947348fc0da,26916,16541,3197684,2891,0.7347674164664774,0.5807370328816778,0.9030093602173986,0.6193708723565824,0.9948538139053738,0.9990967248072612,29.807,43.457,13.65,13.65,45.7946120038917,45.7946120038917,0,0,1.0,6.557438524302,2.103731051729443,0.5314511060714722,,medium,Nonfinite HD95 and/or Dice lower Tukey fence and/or HD95 upper Tukey fence; morphology requires image review
BraTS-GLI-01212-000,BraTS-GLI-01212,4,segresnet_baseline,heldout_with_persisted_training_manifest,0.3796642199158668,935.10205078125,MONAI_sliding_window_only_after_transfer_FP32_warmup,f67351ece0c762564abc2fda59ffa8c2c05483e5a11fecd2a545f947348fc0da,26844,3383,3945878,5207,0.862070072898937,0.7575774679686177,0.8375401703534991,0.8880801932047507,0.9991433840407103,0.998682134147962,32.051,30.227,-1.824,1.824,-5.690930080184706,5.690930080184706,0,0,1.0,19.72308292331602,2.5860490873302684,0.7337691187858582,,medium,Nonfinite HD95 and/or Dice lower Tukey fence and/or HD95 upper Tukey fence; morphology requires image review
BraTS-GLI-01218-000,BraTS-GLI-01218,4,segresnet_baseline,heldout_with_persisted_training_manifest,0.397911749780178,927.89892578125,MONAI_sliding_window_only_after_transfer_FP32_warmup,f67351ece0c762564abc2fda59ffa8c2c05483e5a11fecd2a545f947348fc0da,42120,27935,3576483,2998,0.731421426896929,0.5765676974251571,0.933552019149785,0.6012418813789165,0.9922497890089328,0.9991624484108172,45.118,70.055,24.937,24.937,55.270623697858944,55.270623697858944,0,0,1.0,7.211102550927978,2.1374611611830923,0.5658988952636719,,medium,Nonfinite HD95 and/or Dice lower Tukey fence and/or HD95 upper Tukey fence; morphology requires image review
BraTS-GLI-01255-000,BraTS-GLI-01255,4,segresnet_baseline,heldout_with_persisted_training_manifest,0.3821102669462561,927.89892578125,MONAI_sliding_window_only_after_transfer_FP32_warmup,f67351ece0c762564abc2fda59ffa8c2c05483e5a11fecd2a545f947348fc0da,6845,4075,3637948,668,0.742689741224977,0.590697273041077,0.911087448422734,0.6268315018315018,0.998881116346602,0.999816413713346,7.513,10.92,3.407,3.407,45.34806335684813,45.34806335684813,0,0,1.0,3.605551275463989,1.272138232701128,0.7131277322769165,,small,Nonfinite HD95 and/or Dice lower Tukey fence and/or HD95 upper Tukey fence; morphology requires image review
BraTS-GLI-01269-000,BraTS-GLI-01269,4,segresnet_baseline,heldout_with_persisted_training_manifest,0.3827430661767721,936.91455078125,MONAI_sliding_window_only_after_transfer_FP32_warmup,f67351ece0c762564abc2fda59ffa8c2c05483e5a11fecd2a545f947348fc0da,54871,5902,3972349,21918,0.7977639173608991,0.6635667726838471,0.7145684928830952,0.9028845046319912,0.9985164334779278,0.9945126352344498,76.789,60.773,-16.016000000000002,16.016000000000002,-20.857154019455912,20.857154019455912,0,0,1.0,21.11871208194288,2.745203229575683,0.6439399123191833,,large,Nonfinite HD95 and/or Dice lower Tukey fence and/or HD95 upper Tukey fence; morphology requires image review
BraTS-GLI-01282-000,BraTS-GLI-01282,4,segresnet_baseline,heldout_with_persisted_training_manifest,0.385036101564765,936.91455078125,MONAI_sliding_window_only_after_transfer_FP32_warmup,f67351ece0c762564abc2fda59ffa8c2c05483e5a11fecd2a545f947348fc0da,74685,1496,3928174,50685,0.7411027481878035,0.5886920057383381,0.5957166786312516,0.9803625575931006,0.9996193064557584,0.9872614234382268,125.37,76.181,-49.189,49.189,-39.235064209938585,39.235064209938585,0,0,1.0,13.341664064126334,3.563444716308471,0.3875930607318878,,large,Nonfinite HD95 and/or Dice lower Tukey fence and/or HD95 upper Tukey fence; morphology requires image review
BraTS-GLI-01293-000,BraTS-GLI-01293,4,segresnet_baseline,heldout_with_persisted_training_manifest,0.3860140163451433,927.89892578125,MONAI_sliding_window_only_after_transfer_FP32_warmup,f67351ece0c762564abc2fda59ffa8c2c05483e5a11fecd2a545f947348fc0da,26685,4530,3515485,102836,0.3320351383635277,0.1990660271090853,0.2060283660564696,0.8548774627582892,0.9987130736658792,0.9715790832267232,129.52100000000002,31.215,-98.306,98.306,-75.89966105882444,75.89966105882444,0,0,1.0,29.5296461204668,6.758286820323856,0.4949968457221985,,large,Nonfinite HD95 and/or Dice lower Tukey fence and/or HD95 upper Tukey fence; morphology requires image review
BraTS-GLI-01356-000,BraTS-GLI-01356,4,segresnet_baseline,heldout_with_persisted_training_manifest,0.3900417713448405,927.89892578125,MONAI_sliding_window_only_after_transfer_FP32_warmup,f67351ece0c762564abc2fda59ffa8c2c05483e5a11fecd2a545f947348fc0da,83780,2112,3507953,55691,0.7435115790968349,0.5917377086232104,0.6006983530626439,0.9754109812322452,0.999398301740851,0.98437245695698,139.471,85.892,-53.579,53.579,-38.4158713997892,38.4158713997892,0,0,1.0,18.87325853682877,3.3555789512061978,0.601517379283905,,large,Nonfinite HD95 and/or Dice lower Tukey fence and/or HD95 upper Tukey fence; morphology requires image review
BraTS-GLI-01364-000,BraTS-GLI-01364,4,segresnet_baseline,heldout_with_persisted_training_manifest,0.2134967362508177,918.22705078125,MONAI_sliding_window_only_after_transfer_FP32_warmup,f67351ece0c762564abc2fda59ffa8c2c05483e5a11fecd2a545f947348fc0da,5308,4035,3190301,44388,0.1798133437219465,0.0987884089259459,0.106809401159047,0.5681258696350209,0.9987368266832292,0.9862775061219178,49.696,9.343,-40.353,40.353,-81.19969414037347,81.19969414037347,0,0,1.0,38.69108424430621,15.418052221057987,0.1389308273792266,,medium,Nonfinite HD95 and/or Dice lower Tukey fence and/or HD95 upper Tukey fence; morphology requires image review
BraTS-GLI-01428-000,BraTS-GLI-01428,4,segresnet_baseline,heldout_with_persisted_training_manifest,0.3971825866028666,919.91455078125,MONAI_sliding_window_only_after_transfer_FP32_warmup,f67351ece0c762564abc2fda59ffa8c2c05483e5a11fecd2a545f947348fc0da,123040,15914,3162592,16214,0.8845180584311019,0.7929469993813157,0.8835652835825183,0.8854728903090231,0.994993245254217,0.9948993427091808,139.254,138.954,-0.3,0.3,-0.2154336679736309,0.2154336679736309,0,0,1.0,48.75448697299562,5.271833899113197,0.6377606391906738,,large,Nonfinite HD95 and/or Dice lower Tukey fence and/or HD95 upper Tukey fence; morphology requires image review
BraTS-GLI-01451-000,BraTS-GLI-01451,4,segresnet_baseline,heldout_with_persisted_training_manifest,0.397813661955297,935.10205078125,MONAI_sliding_window_only_after_transfer_FP32_warmup,f67351ece0c762564abc2fda59ffa8c2c05483e5a11fecd2a545f947348fc0da,10716,90,3962147,8359,0.717245072119407,0.5591442734150796,0.5617824377457405,0.991671293725708,0.9999772855586376,0.9978947267678224,19.075,10.806,-8.269,8.269,-43.34993446920053,43.34993446920053,0,0,1.0,5.830951894845301,2.116582858576571,0.44376140832901,,medium,Nonfinite HD95 and/or Dice lower Tukey fence and/or HD95 upper Tukey fence; morphology requires image review
BraTS-GLI-01470-000,BraTS-GLI-01470,4,segresnet_baseline,heldout_with_persisted_training_manifest,0.3814386343583464,927.89892578125,MONAI_sliding_window_only_after_transfer_FP32_warmup,f67351ece0c762564abc2fda59ffa8c2c05483e5a11fecd2a545f947348fc0da,68241,9343,3566366,5586,0.9014008229256792,0.8205001803534928,0.9243366248120606,0.8795756857083935,0.997387091622948,0.9984361491979736,73.827,77.584,3.757,3.757,5.088924106356753,5.088924106356753,0,0,1.0,16.30950643030009,1.64431011903873,0.7969966530799866,,large,Nonfinite HD95 and/or Dice lower Tukey fence and/or HD95 upper Tukey fence; morphology requires image review
BraTS-GLI-01484-000,BraTS-GLI-01484,4,segresnet_baseline,heldout_with_persisted_training_manifest,0.3800648199394345,945.72705078125,MONAI_sliding_window_only_after_transfer_FP32_warmup,f67351ece0c762564abc2fda59ffa8c2c05483e5a11fecd2a545f947348fc0da,98854,3142,4257835,63849,0.7469163087129155,0.5960625885616088,0.607573308420865,0.969194870387074,0.999262610429486,0.9852258980527036,162.703,101.996,-60.707,60.707,-37.311543118442806,37.311543118442806,0,0,1.0,17.916472867168917,3.2919330205868484,0.5795674324035645,,large,Nonfinite HD95 and/or Dice lower Tukey fence and/or HD95 upper Tukey fence; morphology requires image review
BraTS-GLI-01491-000,BraTS-GLI-01491,4,segresnet_baseline,heldout_with_persisted_training_manifest,0.3905075527727604,927.89892578125,MONAI_sliding_window_only_after_transfer_FP32_warmup,f67351ece0c762564abc2fda59ffa8c2c05483e5a11fecd2a545f947348fc0da,18080,4080,3621612,5764,0.7860186070776454,0.6474717089242229,0.7582620365710451,0.8158844765342961,0.9988746975749732,0.9984109725597788,23.844,22.16,-1.684,1.684,-7.062573393725885,7.062573393725885,0,0,1.0,116.37997974732828,17.376454083828182,0.5379862785339355,,medium,Nonfinite HD95 and/or Dice lower Tukey fence and/or HD95 upper Tukey fence; morphology requires image review
BraTS-GLI-01502-000,BraTS-GLI-01502,4,segresnet_baseline,heldout_with_persisted_training_manifest,0.38649748172611,927.89892578125,MONAI_sliding_window_only_after_transfer_FP32_warmup,f67351ece0c762564abc2fda59ffa8c2c05483e5a11fecd2a545f947348fc0da,61855,17311,3557359,13011,0.803144801080295,0.6710459225186326,0.8262094942964764,0.7813328954349089,0.9951573152207056,0.9963558398709378,74.866,79.166,4.3,4.3,5.743595223465926,5.743595223465926,0,0,1.0,8.12403840463596,2.1205721848911554,0.5974018573760986,,large,Nonfinite HD95 and/or Dice lower Tukey fence and/or HD95 upper Tukey fence; morphology requires image review
BraTS-GLI-01530-000,BraTS-GLI-01530,4,segresnet_baseline,heldout_with_persisted_training_manifest,0.4018503231927752,927.89892578125,MONAI_sliding_window_only_after_transfer_FP32_warmup,f67351ece0c762564abc2fda59ffa8c2c05483e5a11fecd2a545f947348fc0da,14438,4557,3627897,2644,0.800399146270477,0.6672212209436665,0.8452171876829411,0.7600947617794156,0.9987454761987352,0.9992717338820852,17.082,18.995,1.913,1.913,11.19892284275846,11.19892284275846,0,0,1.0,5.385164807134504,1.5744715249283348,0.6446349024772644,,medium,Nonfinite HD95 and/or Dice lower Tukey fence and/or HD95 upper Tukey fence; morphology requires image review
BraTS-GLI-01533-000,BraTS-GLI-01533,4,segresnet_baseline,heldout_with_persisted_training_manifest,0.377473427914083,927.89892578125,MONAI_sliding_window_only_after_transfer_FP32_warmup,f67351ece0c762564abc2fda59ffa8c2c05483e5a11fecd2a545f947348fc0da,323560,11596,3276157,38223,0.9285174168757956,0.8665725710337218,0.8943482695427922,0.9654011863132392,0.9964729710534824,0.9884675263548536,361.783,335.156,-26.627,26.627,-7.359936757669653,7.359936757669653,0,0,1.0,44.654227123532216,2.7122034881889663,0.7609763145446777,,large,Nonfinite HD95 and/or Dice lower Tukey fence and/or HD95 upper Tukey fence; morphology requires image review
BraTS-GLI-00124-000,BraTS-GLI-00124,5,segresnet_baseline,heldout_with_persisted_training_manifest,0.390479433350265,927.58642578125,MONAI_sliding_window_only_after_transfer_FP32_warmup,f67351ece0c762564abc2fda59ffa8c2c05483e5a11fecd2a545f947348fc0da,133889,279,3473201,42167,0.8631762855227191,0.7592877193977373,0.7604909801426819,0.997920517560074,0.9999196770961688,0.9880049542466108,176.056,134.168,-41.888,41.888,-23.792429681464988,23.792429681464988,0,0,1.0,15.855578358321306,3.25933499876052,0.4009019732475281,,large,Nonfinite HD95 and/or Dice lower Tukey fence and/or HD95 upper Tukey fence; morphology requires image review
BraTS-GLI-00185-000,BraTS-GLI-00185,5,segresnet_baseline,heldout_with_persisted_training_manifest,0.3558427738025784,927.58642578125,MONAI_sliding_window_only_after_transfer_FP32_warmup,f67351ece0c762564abc2fda59ffa8c2c05483e5a11fecd2a545f947348fc0da,30308,12907,3574117,32204,0.573325640564851,0.4018615998621037,0.4848349116969542,0.701330556519727,0.9964017525391522,0.991070123818706,62.512,43.215,-19.297,19.297,-30.86927309956488,30.86927309956488,0,0,1.0,15.297058540778355,3.358320273797267,0.4529706239700317,,large,Nonfinite HD95 and/or Dice lower Tukey fence and/or HD95 upper Tukey fence; morphology requires image review
BraTS-GLI-00196-000,BraTS-GLI-00196,5,segresnet_baseline,heldout_with_persisted_training_manifest,0.3601633831858635,919.91455078125,MONAI_sliding_window_only_after_transfer_FP32_warmup,f67351ece0c762564abc2fda59ffa8c2c05483e5a11fecd2a545f947348fc0da,90520,9446,3216035,1759,0.9417149990897032,0.8898500860162202,0.9809382416367756,0.90550787267671,0.9970714445380394,0.999453352203404,92.279,99.966,7.687,7.687,8.330172628658742,8.330172628658742,0,0,1.0,43.23193264243457,3.306470096847577,0.9161863327026368,,large,Nonfinite HD95 and/or Dice lower Tukey fence and/or HD95 upper Tukey fence; morphology requires image review
BraTS-GLI-00212-000,BraTS-GLI-00212,5,segresnet_baseline,heldout_with_persisted_training_manifest,0.3609423292800784,927.58642578125,MONAI_sliding_window_only_after_transfer_FP32_warmup,f67351ece0c762564abc2fda59ffa8c2c05483e5a11fecd2a545f947348fc0da,52975,6242,3569103,21216,0.7941802590549293,0.6586227046112914,0.7140353951287892,0.8945910802641134,0.9982541544941816,0.9940907757778626,74.191,59.217,-14.974,14.974,-20.183041069671525,20.183041069671525,0,0,1.0,7.3484692283495345,1.3907309888567534,0.7490939497947693,,large,Nonfinite HD95 and/or Dice lower Tukey fence and/or HD95 upper Tukey fence; morphology requires image review
BraTS-GLI-00258-000,BraTS-GLI-00258,5,segresnet_baseline,heldout_with_persisted_training_manifest,0.180590215139091,918.22705078125,MONAI_sliding_window_only_after_transfer_FP32_warmup,f67351ece0c762564abc2fda59ffa8c2c05483e5a11fecd2a545f947348fc0da,19881,32202,3191426,523,0.5485397381599459,0.377922670417823,0.9743677710252892,0.3817176429929151,0.9900106339813404,0.9998361502643056,20.404,52.083,31.679,31.679,155.2587727896491,155.2587727896491,0,0,1.0,14.52583904633395,3.595397511293045,0.4385310113430023,,medium,Nonfinite HD95 and/or Dice lower Tukey fence and/or HD95 upper Tukey fence; morphology requires image review
BraTS-GLI-00321-000,BraTS-GLI-00321,5,segresnet_baseline,heldout_with_persisted_training_manifest,0.3846130641177296,935.91455078125,MONAI_sliding_window_only_after_transfer_FP32_warmup,f67351ece0c762564abc2fda59ffa8c2c05483e5a11fecd2a545f947348fc0da,17968,7245,3953315,2784,0.7818122484499075,0.641783048183734,0.8658442559753277,0.7126482370205847,0.9981707132324722,0.999296276458198,20.752,25.213,4.461,4.461,21.496723207401697,21.496723207401697,0,0,1.0,10.488088481701515,2.096232989809634,0.6332380771636963,,medium,Nonfinite HD95 and/or Dice lower Tukey fence and/or HD95 upper Tukey fence; morphology requires image review
BraTS-GLI-00390-000,BraTS-GLI-00390,5,segresnet_baseline,heldout_with_persisted_training_manifest,0.3605169327929616,927.58642578125,MONAI_sliding_window_only_after_transfer_FP32_warmup,f67351ece0c762564abc2fda59ffa8c2c05483e5a11fecd2a545f947348fc0da,15725,1468,3631012,1331,0.918274986130982,0.8488987259771108,0.9219629455909945,0.9146164136567208,0.9995958683874376,0.999633569847341,17.056,17.193,0.137,0.137,0.8032363977485929,0.8032363977485929,0,0,1.0,59.73985244409333,2.991053687282065,0.916268825531006,,medium,Nonfinite HD95 and/or Dice lower Tukey fence and/or HD95 upper Tukey fence; morphology requires image review
BraTS-GLI-00418-000,BraTS-GLI-00418,5,segresnet_baseline,heldout_with_persisted_training_manifest,0.3604372926056385,927.58642578125,MONAI_sliding_window_only_after_transfer_FP32_warmup,f67351ece0c762564abc2fda59ffa8c2c05483e5a11fecd2a545f947348fc0da,146217,6200,3469028,28091,0.895046292753845,0.8100305803620892,0.8388427381416802,0.9593221228603108,0.9982159443927132,0.9919673880128186,174.308,152.417,-21.891,21.891,-12.558803956215437,12.558803956215437,0,0,1.0,17.0,2.30318061884192,0.7929898500442505,,large,Nonfinite HD95 and/or Dice lower Tukey fence and/or HD95 upper Tukey fence; morphology requires image review
BraTS-GLI-00538-000,BraTS-GLI-00538,5,segresnet_baseline,heldout_with_persisted_training_manifest,0.3565125530585646,927.58642578125,MONAI_sliding_window_only_after_transfer_FP32_warmup,f67351ece0c762564abc2fda59ffa8c2c05483e5a11fecd2a545f947348fc0da,147186,7345,3430626,64379,0.8040841746427166,0.6723585034945868,0.6957010847730012,0.9524690838731388,0.9978635654576492,0.9815797116170076,211.565,154.531,-57.034,57.034,-26.95814525086853,26.95814525086853,0,0,1.0,22.44771492973174,4.053795914735689,0.4497985243797302,,large,Nonfinite HD95 and/or Dice lower Tukey fence and/or HD95 upper Tukey fence; morphology requires image review
BraTS-GLI-00550-000,BraTS-GLI-00550,5,segresnet_baseline,heldout_with_persisted_training_manifest,0.3605744214728474,927.58642578125,MONAI_sliding_window_only_after_transfer_FP32_warmup,f67351ece0c762564abc2fda59ffa8c2c05483e5a11fecd2a545f947348fc0da,18996,223,3618473,11844,0.758944445554246,0.6115314039210636,0.6159533073929961,0.988396898902128,0.9999383755916496,0.9967374749918532,30.84,19.219,-11.621,11.621,-37.68158236057069,37.68158236057069,0,0,1.0,7.681145747868608,2.202968660054595,0.469612717628479,,medium,Nonfinite HD95 and/or Dice lower Tukey fence and/or HD95 upper Tukey fence; morphology requires image review
BraTS-GLI-00555-000,BraTS-GLI-00555,5,segresnet_baseline,heldout_with_persisted_training_manifest,0.3559222538024187,919.91455078125,MONAI_sliding_window_only_after_transfer_FP32_warmup,f67351ece0c762564abc2fda59ffa8c2c05483e5a11fecd2a545f947348fc0da,24730,311,3272895,19824,0.7106832387384151,0.5512091831048702,0.5550567850249136,0.9875803681961584,0.9999049861206414,0.9939794437363164,44.554,25.041,-19.513,19.513,-43.796292139875206,43.796292139875206,0,0,1.0,10.099504938362076,2.930217499845241,0.4396352767944336,,medium,Nonfinite HD95 and/or Dice lower Tukey fence and/or HD95 upper Tukey fence; morphology requires image review
BraTS-GLI-00619-001,BraTS-GLI-00619,5,segresnet_baseline,heldout_with_persisted_training_manifest,0.353141663596034,927.58642578125,MONAI_sliding_window_only_after_transfer_FP32_warmup,f67351ece0c762564abc2fda59ffa8c2c05483e5a11fecd2a545f947348fc0da,17488,482,3624998,6568,0.8322467044210726,0.7126905208248431,0.726970402394413,0.9731775180856984,0.999867052086896,0.9981914138418524,24.056,17.97,-6.086,6.086,-25.299301629531094,25.299301629531094,0,0,1.0,23.727621035409346,4.064764682846698,0.6458314061164856,,medium,Nonfinite HD95 and/or Dice lower Tukey fence and/or HD95 upper Tukey fence; morphology requires image review
BraTS-GLI-00638-000,BraTS-GLI-00638,5,segresnet_baseline,heldout_with_persisted_training_manifest,0.3603626415133476,937.44580078125,MONAI_sliding_window_only_after_transfer_FP32_warmup,f67351ece0c762564abc2fda59ffa8c2c05483e5a11fecd2a545f947348fc0da,111768,37213,3875464,30595,0.7672579493656982,0.6223994297678977,0.7850916319549321,0.7502164705566482,0.9904891203643952,0.9921672970121548,142.363,148.981,6.618,6.618,4.648679783370679,4.648679783370679,0,0,1.0,18.024980739587992,2.581779962141324,0.6645163297653198,,large,Nonfinite HD95 and/or Dice lower Tukey fence and/or HD95 upper Tukey fence; morphology requires image review
BraTS-GLI-00654-000,BraTS-GLI-00654,5,segresnet_baseline,heldout_with_persisted_training_manifest,0.3820843212306499,927.58642578125,MONAI_sliding_window_only_after_transfer_FP32_warmup,f67351ece0c762564abc2fda59ffa8c2c05483e5a11fecd2a545f947348fc0da,66078,1867,3550236,31355,0.7991147552878859,0.6654380664652568,0.6781891145710386,0.9725218927073368,0.9994743958719664,0.9912455107241448,97.433,67.94500000000001,-29.488,29.488,-30.264899982552112,30.264899982552112,0,0,1.0,11.40175425099138,2.35979572002768,0.6208831667900085,,large,Nonfinite HD95 and/or Dice lower Tukey fence and/or HD95 upper Tukey fence; morphology requires image review
BraTS-GLI-00731-000,BraTS-GLI-00731,5,segresnet_baseline,heldout_with_persisted_training_manifest,0.35190265532583,919.91455078125,MONAI_sliding_window_only_after_transfer_FP32_warmup,f67351ece0c762564abc2fda59ffa8c2c05483e5a11fecd2a545f947348fc0da,11418,12376,3293905,61,0.6474073654069685,0.4786417941731293,0.994685948253332,0.479868874506178,0.996256821486135,0.9999814812903352,11.479,23.794,12.315,12.315,107.28286436100706,107.28286436100706,0,0,1.0,10.816653826391969,3.037897190815567,0.3698216378688812,,medium,Nonfinite HD95 and/or Dice lower Tukey fence and/or HD95 upper Tukey fence; morphology requires image review
BraTS-GLI-00731-001,BraTS-GLI-00731,5,segresnet_baseline,heldout_with_persisted_training_manifest,0.3606592128053307,927.58642578125,MONAI_sliding_window_only_after_transfer_FP32_warmup,f67351ece0c762564abc2fda59ffa8c2c05483e5a11fecd2a545f947348fc0da,16739,390,3626055,6352,0.8323719542516161,0.7128742387462204,0.7249144688406739,0.977231595539728,0.999892456662103,0.9982512972802884,23.091,17.129,-5.962,5.962,-25.819583387466977,25.819583387466977,0,0,1.0,62.31167361540144,5.428217233255201,0.7115490436553955,,medium,Nonfinite HD95 and/or Dice lower Tukey fence and/or HD95 upper Tukey fence; morphology requires image review
BraTS-GLI-00753-000,BraTS-GLI-00753,5,segresnet_baseline,heldout_with_persisted_training_manifest,0.1763092512264847,918.22705078125,MONAI_sliding_window_only_after_transfer_FP32_warmup,f67351ece0c762564abc2fda59ffa8c2c05483e5a11fecd2a545f947348fc0da,4080,7089,3230063,2800,0.4521026095628567,0.2920753096141456,0.5930232558139535,0.365296803652968,0.997810112098536,0.9991338946314768,6.88,11.169,4.289,4.289,62.34011627906977,62.34011627906977,0,0,1.0,22.47220505424423,4.86547118561652,0.4010657370090484,,small,Nonfinite HD95 and/or Dice lower Tukey fence and/or HD95 upper Tukey fence; morphology requires image review
BraTS-GLI-00753-001,BraTS-GLI-00753,5,segresnet_baseline,heldout_with_persisted_training_manifest,0.3860818082466721,927.58642578125,MONAI_sliding_window_only_after_transfer_FP32_warmup,f67351ece0c762564abc2fda59ffa8c2c05483e5a11fecd2a545f947348fc0da,1814,23804,3622924,994,0.1276296348413424,0.0681647377123102,0.646011396011396,0.0708095870091342,0.9934725046671976,0.9997257112329804,2.8080000000000003,25.618,22.81,22.81,812.3219373219373,812.3219373219373,0,0,1.0,60.49958555625949,28.59785742370855,0.1498164981603622,,small,Nonfinite HD95 and/or Dice lower Tukey fence and/or HD95 upper Tukey fence; morphology requires image review
BraTS-GLI-01050-000,BraTS-GLI-01050,5,segresnet_baseline,heldout_with_persisted_training_manifest,0.3913261881098151,927.58642578125,MONAI_sliding_window_only_after_transfer_FP32_warmup,f67351ece0c762564abc2fda59ffa8c2c05483e5a11fecd2a545f947348fc0da,23910,3643,3611734,10249,0.7748898107337309,0.6325062166022962,0.6999619426798208,0.8677820926940805,0.998992359579651,0.9971703345929565,34.159,27.553,-6.606,6.606,-19.33897362334963,19.33897362334963,0,0,1.0,30.789608636681304,3.360788539074733,0.6904675960540771,,medium,Nonfinite HD95 and/or Dice lower Tukey fence and/or HD95 upper Tukey fence; morphology requires image review
BraTS-GLI-01056-000,BraTS-GLI-01056,5,segresnet_baseline,heldout_with_persisted_training_manifest,0.3607221627607941,927.58642578125,MONAI_sliding_window_only_after_transfer_FP32_warmup,f67351ece0c762564abc2fda59ffa8c2c05483e5a11fecd2a545f947348fc0da,80632,4645,3547646,16613,0.8835318482155575,0.7913632348611247,0.8291634531338372,0.9455304478347034,0.9986923931626096,0.9953390031420276,97.245,85.277,-11.968,11.968,-12.30705948891974,12.30705948891974,0,0,1.0,19.026297590440446,2.2701898338907696,0.7614874839782715,,large,Nonfinite HD95 and/or Dice lower Tukey fence and/or HD95 upper Tukey fence; morphology requires image review
BraTS-GLI-01111-000,BraTS-GLI-01111,5,segresnet_baseline,heldout_with_persisted_training_manifest,0.3604713771492243,935.91455078125,MONAI_sliding_window_only_after_transfer_FP32_warmup,f67351ece0c762564abc2fda59ffa8c2c05483e5a11fecd2a545f947348fc0da,91727,1664,3870743,17178,0.9068592557440582,0.829590572402753,0.8422661953078371,0.9821824372798236,0.9995702931019388,0.9955817003483352,108.905,93.391,-15.514,15.514,-14.245443276249942,14.245443276249942,0,0,1.0,29.478805945967352,3.976258118134245,0.7477327585220337,,large,Nonfinite HD95 and/or Dice lower Tukey fence and/or HD95 upper Tukey fence; morphology requires image review
BraTS-GLI-01208-000,BraTS-GLI-01208,5,segresnet_baseline,heldout_with_persisted_training_manifest,0.3604611568152904,935.91455078125,MONAI_sliding_window_only_after_transfer_FP32_warmup,f67351ece0c762564abc2fda59ffa8c2c05483e5a11fecd2a545f947348fc0da,31590,14210,3933656,1856,0.7972642152285289,0.6628756085277825,0.9445075644322192,0.6897379912663756,0.9964005870513336,0.999528396813426,33.446,45.8,12.354,12.354,36.93715242480416,36.93715242480416,0,0,1.0,9.0,2.453537972112008,0.529082715511322,,medium,Nonfinite HD95 and/or Dice lower Tukey fence and/or HD95 upper Tukey fence; morphology requires image review
BraTS-GLI-01229-000,BraTS-GLI-01229,5,segresnet_baseline,heldout_with_persisted_training_manifest,0.351872868835926,927.58642578125,MONAI_sliding_window_only_after_transfer_FP32_warmup,f67351ece0c762564abc2fda59ffa8c2c05483e5a11fecd2a545f947348fc0da,66346,49760,3533128,302,0.7260689232520219,0.5699436464847777,0.9954687312447486,0.5714261106230514,0.9861117623548378,0.9999145306401994,66.648,116.106,49.458,49.458,74.20777817788981,74.20777817788981,0,0,1.0,15.033296378372908,3.155338094673616,0.4433968961238861,,large,Nonfinite HD95 and/or Dice lower Tukey fence and/or HD95 upper Tukey fence; morphology requires image review
BraTS-GLI-01257-000,BraTS-GLI-01257,5,segresnet_baseline,heldout_with_persisted_training_manifest,0.3605178352445364,927.58642578125,MONAI_sliding_window_only_after_transfer_FP32_warmup,f67351ece0c762564abc2fda59ffa8c2c05483e5a11fecd2a545f947348fc0da,23762,23312,3601269,1193,0.6597898068833387,0.4923032299500694,0.9521939491083952,0.5047797085439946,0.9935683600394088,0.9996688375894042,24.955,47.074,22.119,22.119,88.63554397916249,88.63554397916249,0,0,1.0,40.8166632639171,7.435347293267158,0.4363169074058532,,medium,Nonfinite HD95 and/or Dice lower Tukey fence and/or HD95 upper Tukey fence; morphology requires image review
BraTS-GLI-01262-000,BraTS-GLI-01262,5,segresnet_baseline,heldout_with_persisted_training_manifest,0.1805124580860138,918.22705078125,MONAI_sliding_window_only_after_transfer_FP32_warmup,f67351ece0c762564abc2fda59ffa8c2c05483e5a11fecd2a545f947348fc0da,103626,5910,3078112,56384,0.7688928791375127,0.6245540019286403,0.6476220236235235,0.9460451358457492,0.9980836712578576,0.9820117811603524,160.01,109.536,-50.474,50.474,-31.54427848259484,31.54427848259484,0,0,1.0,27.293771891215275,4.57616844805429,0.6021702289581299,,large,Nonfinite HD95 and/or Dice lower Tukey fence and/or HD95 upper Tukey fence; morphology requires image review
BraTS-GLI-01267-000,BraTS-GLI-01267,5,segresnet_baseline,heldout_with_persisted_training_manifest,0.3605144172906875,927.58642578125,MONAI_sliding_window_only_after_transfer_FP32_warmup,f67351ece0c762564abc2fda59ffa8c2c05483e5a11fecd2a545f947348fc0da,80895,39186,3521161,8294,0.7731160701486118,0.6301460564751704,0.9070064694076624,0.673670272566018,0.9889937694275304,0.9976500621200723,89.18900000000001,120.081,30.892,30.892,34.636558319972195,34.636558319972195,0,0,1.0,9.848857801796104,2.2513498089962374,0.5863632559776306,,large,Nonfinite HD95 and/or Dice lower Tukey fence and/or HD95 upper Tukey fence; morphology requires image review
BraTS-GLI-01297-000,BraTS-GLI-01297,5,segresnet_baseline,heldout_with_persisted_training_manifest,0.3606338547542691,927.58642578125,MONAI_sliding_window_only_after_transfer_FP32_warmup,f67351ece0c762564abc2fda59ffa8c2c05483e5a11fecd2a545f947348fc0da,53874,19545,3562287,13830,0.7635041772071172,0.6174741257779459,0.7957284650833037,0.7337882564458791,0.9945432951629222,0.996132676867116,67.70400000000001,73.419,5.715,5.715,8.441155618574973,8.441155618574973,0,0,1.0,13.41640786499874,2.456038974496461,0.6204219460487366,,large,Nonfinite HD95 and/or Dice lower Tukey fence and/or HD95 upper Tukey fence; morphology requires image review
BraTS-GLI-01342-000,BraTS-GLI-01342,5,segresnet_baseline,heldout_with_persisted_training_manifest,0.3562896698713302,927.58642578125,MONAI_sliding_window_only_after_transfer_FP32_warmup,f67351ece0c762564abc2fda59ffa8c2c05483e5a11fecd2a545f947348fc0da,56095,22424,3559341,11676,0.7669013603117096,0.6219302622096569,0.8277139189328769,0.7144130719953132,0.9937393994301692,0.996730343204751,67.771,78.519,10.748,10.748,15.8592908471175,15.8592908471175,0,0,1.0,50.69516742254631,7.357182646901822,0.5927470922470093,,large,Nonfinite HD95 and/or Dice lower Tukey fence and/or HD95 upper Tukey fence; morphology requires image review
BraTS-GLI-01345-000,BraTS-GLI-01345,5,segresnet_baseline,heldout_with_persisted_training_manifest,0.3606651239097118,927.58642578125,MONAI_sliding_window_only_after_transfer_FP32_warmup,f67351ece0c762564abc2fda59ffa8c2c05483e5a11fecd2a545f947348fc0da,54001,1852,3584479,9204,0.90713769759277,0.8300567194921377,0.85437860928724,0.9668415304459922,0.9994835947936764,0.997438839207576,63.205,55.853,-7.352,7.352,-11.63199113994146,11.63199113994146,0,0,1.0,46.32493928760188,5.314954835061155,0.8461667895317078,,large,Nonfinite HD95 and/or Dice lower Tukey fence and/or HD95 upper Tukey fence; morphology requires image review
BraTS-GLI-01431-000,BraTS-GLI-01431,5,segresnet_baseline,heldout_with_persisted_training_manifest,0.3602164136245847,919.91455078125,MONAI_sliding_window_only_after_transfer_FP32_warmup,f67351ece0c762564abc2fda59ffa8c2c05483e5a11fecd2a545f947348fc0da,40486,6946,3261175,9153,0.8341523214966364,0.7154899708403287,0.8156086947762847,0.8535587788834542,0.9978746196973736,0.9972011981672786,49.639,47.432,-2.207,2.207,-4.446100848123451,4.446100848123451,0,0,1.0,19.65451256494373,2.797659880515148,0.5851116180419922,,medium,Nonfinite HD95 and/or Dice lower Tukey fence and/or HD95 upper Tukey fence; morphology requires image review
BraTS-GLI-01441-000,BraTS-GLI-01441,5,segresnet_baseline,heldout_with_persisted_training_manifest,0.3604474617168307,947.16455078125,MONAI_sliding_window_only_after_transfer_FP32_warmup,f67351ece0c762564abc2fda59ffa8c2c05483e5a11fecd2a545f947348fc0da,126802,9536,4365776,3486,0.951160051907916,0.9068686348552466,0.973243890458062,0.9300561838959056,0.9978204982867508,0.9992021535902402,130.288,136.338,6.05,6.05,4.643558884931843,4.643558884931843,0,0,1.0,39.4220748505947,2.866723134197683,0.8705061078071594,,large,Nonfinite HD95 and/or Dice lower Tukey fence and/or HD95 upper Tukey fence; morphology requires image review
BraTS-GLI-01450-000,BraTS-GLI-01450,5,segresnet_baseline,heldout_with_persisted_training_manifest,0.3609363529831171,927.58642578125,MONAI_sliding_window_only_after_transfer_FP32_warmup,f67351ece0c762564abc2fda59ffa8c2c05483e5a11fecd2a545f947348fc0da,80513,8499,3551521,9003,0.901964957877756,0.8214354945671581,0.8994258009741275,0.904518491888734,0.9976126538614952,0.9974714395970932,89.516,89.012,-0.504,0.504,-0.5630278385986862,0.5630278385986862,0,0,1.0,41.67853131613123,3.369621300119979,0.7918851971626282,,large,Nonfinite HD95 and/or Dice lower Tukey fence and/or HD95 upper Tukey fence; morphology requires image review
BraTS-GLI-01478-000,BraTS-GLI-01478,5,segresnet_baseline,heldout_with_persisted_training_manifest,0.3767299586907029,927.58642578125,MONAI_sliding_window_only_after_transfer_FP32_warmup,f67351ece0c762564abc2fda59ffa8c2c05483e5a11fecd2a545f947348fc0da,200185,8841,3409813,30697,0.9101221164425288,0.8350679742869895,0.867044637520465,0.957703826318257,0.997413894474258,0.991077776259915,230.882,209.026,-21.856,21.856,-9.466307464419051,9.466307464419051,0,0,1.0,17.26267650163207,2.54668635460448,0.726817786693573,,large,Nonfinite HD95 and/or Dice lower Tukey fence and/or HD95 upper Tukey fence; morphology requires image review
BraTS-GLI-01610-000,BraTS-GLI-01610,5,segresnet_baseline,heldout_with_persisted_training_manifest,0.1805957285687327,913.22705078125,MONAI_sliding_window_only_after_transfer_FP32_warmup,f67351ece0c762564abc2fda59ffa8c2c05483e5a11fecd2a545f947348fc0da,17667,74983,2854878,1592,0.3157386805350776,0.187464187941682,0.9173373487720028,0.1906853750674581,0.9744073182994004,0.9994426687484904,19.259,92.65,73.391,73.391,381.0737836855496,381.0737836855496,0,0,1.0,56.462376853972415,28.268217160846817,0.2982821762561798,,medium,Nonfinite HD95 and/or Dice lower Tukey fence and/or HD95 upper Tukey fence; morphology requires image review
BraTS-GLI-00009-001,BraTS-GLI-00009,1,unet_baseline,heldout_with_persisted_training_manifest,0.0553226303309202,222.3466796875,MONAI_sliding_window_only_after_transfer_FP32_warmup,f67351ece0c762564abc2fda59ffa8c2c05483e5a11fecd2a545f947348fc0da,25256,7598,3283071,1835,0.8426390858286763,0.7280694168180115,0.932265327968698,0.7687344006818043,0.9976910470180989,0.9994413843196732,27.091,32.854,5.763,5.763,21.27274740688789,21.27274740688789,0,0,1.0,97.7123306174236,16.14007122142795,0.7534042000770569,107.0,medium,Nonfinite HD95 and/or Dice lower Tukey fence and/or HD95 upper Tukey fence; morphology requires image review
BraTS-GLI-00170-000,BraTS-GLI-00170,1,unet_baseline,heldout_with_persisted_training_manifest,0.0280623063445091,221.1591796875,MONAI_sliding_window_only_after_transfer_FP32_warmup,f67351ece0c762564abc2fda59ffa8c2c05483e5a11fecd2a545f947348fc0da,22946,2613,3217627,846,0.9299102348483314,0.8690020829388373,0.9644418291862812,0.8977659532845573,0.99918856979604,0.9997371424274804,23.792,25.559,1.767,1.767,7.426866173503699,7.426866173503699,0,0,1.0,42.99301947847433,3.335762377025875,0.8795111775398254,,medium,Nonfinite HD95 and/or Dice lower Tukey fence and/or HD95 upper Tukey fence; morphology requires image review
BraTS-GLI-00284-000,BraTS-GLI-00284,1,unet_baseline,heldout_with_persisted_training_manifest,0.0554558951407671,229.9404296875,MONAI_sliding_window_only_after_transfer_FP32_warmup,f67351ece0c762564abc2fda59ffa8c2c05483e5a11fecd2a545f947348fc0da,14890,4375,3626011,4260,0.775218013796694,0.6329436769394261,0.7775456919060052,0.7729042304697639,0.9987948939864796,0.998826533886864,19.15,19.265,0.115,0.115,0.6005221932114883,0.6005221932114883,0,0,1.0,8.774964387392123,1.8321356474246795,0.7378391623497009,,medium,Nonfinite HD95 and/or Dice lower Tukey fence and/or HD95 upper Tukey fence; morphology requires image review
BraTS-GLI-00348-000,BraTS-GLI-00348,1,unet_baseline,heldout_with_persisted_training_manifest,0.0281222593039274,221.1591796875,MONAI_sliding_window_only_after_transfer_FP32_warmup,f67351ece0c762564abc2fda59ffa8c2c05483e5a11fecd2a545f947348fc0da,21055,7533,3214570,874,0.833580774788685,0.7146493788609056,0.9601441014182132,0.7364978312578704,0.9976620859109718,0.9997281868382718,21.929,28.588,6.659,6.659,30.36618176843449,30.36618176843449,0,0,1.0,29.478805945967352,4.250364519779379,0.7293913960456848,,medium,Nonfinite HD95 and/or Dice lower Tukey fence and/or HD95 upper Tukey fence; morphology requires image review
BraTS-GLI-00350-000,BraTS-GLI-00350,1,unet_baseline,heldout_with_persisted_training_manifest,0.0553735475987196,229.9404296875,MONAI_sliding_window_only_after_transfer_FP32_warmup,f67351ece0c762564abc2fda59ffa8c2c05483e5a11fecd2a545f947348fc0da,58074,2961,3586515,1986,0.9591477765390808,0.9215023563574046,0.9669330669330668,0.9514868518063406,0.9991750885087406,0.9994465655715298,60.06,61.035,0.975,0.975,1.6233766233766234,1.6233766233766234,0,0,1.0,41.2189276910499,2.5402474721496926,0.9232751727104188,,large,Nonfinite HD95 and/or Dice lower Tukey fence and/or HD95 upper Tukey fence; morphology requires image review
BraTS-GLI-00352-000,BraTS-GLI-00352,1,unet_baseline,heldout_with_persisted_training_manifest,0.0553098088130354,229.9404296875,MONAI_sliding_window_only_after_transfer_FP32_warmup,f67351ece0c762564abc2fda59ffa8c2c05483e5a11fecd2a545f947348fc0da,43434,5196,3600170,736,0.9360775862068964,0.8798363245958757,0.9833371066334616,0.8931523750771129,0.9985588148332236,0.999795606994462,44.17,48.63,4.46,4.46,10.09735114330994,10.09735114330994,0,0,1.0,70.34806307495737,3.875137054756112,0.8847582936286926,,medium,Nonfinite HD95 and/or Dice lower Tukey fence and/or HD95 upper Tukey fence; morphology requires image review
BraTS-GLI-00380-000,BraTS-GLI-00380,1,unet_baseline,heldout_with_persisted_training_manifest,0.0553979640826582,229.9404296875,MONAI_sliding_window_only_after_transfer_FP32_warmup,f67351ece0c762564abc2fda59ffa8c2c05483e5a11fecd2a545f947348fc0da,9282,2752,3637357,145,0.8650109500955221,0.7621315378930946,0.9846186485626393,0.7713146086089413,0.999243978683056,0.9999601374789622,9.427,12.034,2.607,2.607,27.65460910151692,27.65460910151692,0,0,1.0,28.24889378365107,2.368078129190623,0.7775440216064453,,small,Nonfinite HD95 and/or Dice lower Tukey fence and/or HD95 upper Tukey fence; morphology requires image review
BraTS-GLI-00387-000,BraTS-GLI-00387,1,unet_baseline,heldout_with_persisted_training_manifest,0.0145474672317504,212.4091796875,MONAI_sliding_window_only_after_transfer_FP32_warmup,f67351ece0c762564abc2fda59ffa8c2c05483e5a11fecd2a545f947348fc0da,17098,2083,2862025,2378,0.8846004604599426,0.7930794563755276,0.8779010063668105,0.8914029508367656,0.999272722955978,0.9991698095554292,19.476,19.181,-0.295,0.295,-1.514684740193058,1.514684740193058,0,0,1.0,27.3395303036477,2.2685752506220904,0.8312720060348511,,medium,Nonfinite HD95 and/or Dice lower Tukey fence and/or HD95 upper Tukey fence; morphology requires image review
BraTS-GLI-00440-000,BraTS-GLI-00440,1,unet_baseline,heldout_with_persisted_training_manifest,0.055472245439887,238.3466796875,MONAI_sliding_window_only_after_transfer_FP32_warmup,f67351ece0c762564abc2fda59ffa8c2c05483e5a11fecd2a545f947348fc0da,81646,2880,3884381,12405,0.91440667051188,0.8423105095377124,0.8681034757737823,0.9659276435652936,0.9992591184384068,0.9968166073271666,94.051,84.526,-9.525,9.525,-10.127484024624938,10.127484024624938,0,0,1.0,17.72004514666935,1.5601128897501344,0.8469961285591125,,large,Nonfinite HD95 and/or Dice lower Tukey fence and/or HD95 upper Tukey fence; morphology requires image review
BraTS-GLI-00449-000,BraTS-GLI-00449,1,unet_baseline,heldout_with_persisted_training_manifest,0.0554477693513035,222.3466796875,MONAI_sliding_window_only_after_transfer_FP32_warmup,f67351ece0c762564abc2fda59ffa8c2c05483e5a11fecd2a545f947348fc0da,214512,8236,3088948,6064,0.967743681821873,0.9375032778001152,0.972508341796025,0.9630254817102736,0.9973408102327792,0.9980407184204778,220.576,222.748,2.172,2.172,0.98469461772813,0.98469461772813,0,0,1.0,53.31744457009295,2.161113612345989,0.928785800933838,,large,Nonfinite HD95 and/or Dice lower Tukey fence and/or HD95 upper Tukey fence; morphology requires image review
BraTS-GLI-00567-000,BraTS-GLI-00567,1,unet_baseline,heldout_with_persisted_training_manifest,0.0587456710636615,229.9404296875,MONAI_sliding_window_only_after_transfer_FP32_warmup,f67351ece0c762564abc2fda59ffa8c2c05483e5a11fecd2a545f947348fc0da,34113,2626,3604274,8523,0.859540157480315,0.7536785824753657,0.8000985083028427,0.928522823157952,0.9992719509828384,0.9976408859949784,42.636,36.739,-5.897,5.897,-13.831034806267004,13.831034806267004,0,0,1.0,66.25669775422466,5.601581294119588,0.7085424661636353,,medium,Nonfinite HD95 and/or Dice lower Tukey fence and/or HD95 upper Tukey fence; morphology requires image review
BraTS-GLI-00602-000,BraTS-GLI-00602,1,unet_baseline,heldout_with_persisted_training_manifest,0.0588131081312894,222.3466796875,MONAI_sliding_window_only_after_transfer_FP32_warmup,f67351ece0c762564abc2fda59ffa8c2c05483e5a11fecd2a545f947348fc0da,33510,3586,3278083,2581,0.9157364012734502,0.8445699019583134,0.9284863262309164,0.9033318956221696,0.9989072633467908,0.9992132690211494,36.091,37.096,1.005,1.005,2.7846277465296057,2.7846277465296057,0,0,1.0,22.01248297372844,1.588823185160264,0.8940269947052002,,medium,Nonfinite HD95 and/or Dice lower Tukey fence and/or HD95 upper Tukey fence; morphology requires image review
BraTS-GLI-00602-001,BraTS-GLI-00602,1,unet_baseline,heldout_with_persisted_training_manifest,0.0310327373445034,214.6591796875,MONAI_sliding_window_only_after_transfer_FP32_warmup,f67351ece0c762564abc2fda59ffa8c2c05483e5a11fecd2a545f947348fc0da,28649,1314,2915708,3449,0.9232529285702776,0.8574464264336167,0.8925478222942239,0.9561459132930614,0.9995495405931116,0.998818494517424,32.098,29.963,-2.135,2.135,-6.651504766652128,6.651504766652128,0,0,1.0,20.83266665599966,1.6580459686005835,0.8840534090995789,,medium,Nonfinite HD95 and/or Dice lower Tukey fence and/or HD95 upper Tukey fence; morphology requires image review
BraTS-GLI-00610-001,BraTS-GLI-00610,1,unet_baseline,heldout_with_persisted_training_manifest,0.0595240658149123,239.8779296875,MONAI_sliding_window_only_after_transfer_FP32_warmup,f67351ece0c762564abc2fda59ffa8c2c05483e5a11fecd2a545f947348fc0da,60364,57522,3924342,12812,0.6318786571898127,0.461858635939341,0.8249152727670275,0.5120540182888553,0.9855540018443624,0.996745872780186,73.176,117.886,44.71,44.71,61.09926751940527,61.09926751940527,0,0,1.0,78.30357560942245,9.71615453989493,0.4529548287391662,,large,Nonfinite HD95 and/or Dice lower Tukey fence and/or HD95 upper Tukey fence; morphology requires image review
BraTS-GLI-00613-000,BraTS-GLI-00613,1,unet_baseline,heldout_with_persisted_training_manifest,0.0583912190049886,229.9404296875,MONAI_sliding_window_only_after_transfer_FP32_warmup,f67351ece0c762564abc2fda59ffa8c2c05483e5a11fecd2a545f947348fc0da,24108,7395,3564644,53389,0.442348623853211,0.2839843565942609,0.3110830096648903,0.7652604513855823,0.9979297538464724,0.9852436392924,77.497,31.503,-45.994,45.994,-59.34939417009691,59.34939417009691,0,0,1.0,57.0,10.20189239311775,0.2219138741493225,,large,Nonfinite HD95 and/or Dice lower Tukey fence and/or HD95 upper Tukey fence; morphology requires image review
BraTS-GLI-00613-001,BraTS-GLI-00613,1,unet_baseline,heldout_with_persisted_training_manifest,0.0309892641380429,214.6591796875,MONAI_sliding_window_only_after_transfer_FP32_warmup,f67351ece0c762564abc2fda59ffa8c2c05483e5a11fecd2a545f947348fc0da,41129,5399,2883797,18795,0.7727238567617329,0.6296250937648301,0.6863527134370202,0.8839623452544704,0.9981313140403074,0.99352475304831,59.924,46.528,-13.396,13.396,-22.35498297843936,22.35498297843936,0,0,1.0,62.93806350996053,6.932595399750073,0.6044982075691223,,large,Nonfinite HD95 and/or Dice lower Tukey fence and/or HD95 upper Tukey fence; morphology requires image review
BraTS-GLI-00615-000,BraTS-GLI-00615,1,unet_baseline,heldout_with_persisted_training_manifest,0.0585357630625367,229.9404296875,MONAI_sliding_window_only_after_transfer_FP32_warmup,f67351ece0c762564abc2fda59ffa8c2c05483e5a11fecd2a545f947348fc0da,15655,315,3622644,10922,0.7358920722965191,0.5821433883682879,0.5890431576174888,0.980275516593613,0.9999130544949584,0.9969941374396392,26.577,15.97,-10.607,10.607,-39.91044888437371,39.91044888437371,0,0,1.0,5.0990195135927845,2.070574860259426,0.5837326645851135,,medium,Nonfinite HD95 and/or Dice lower Tukey fence and/or HD95 upper Tukey fence; morphology requires image review
BraTS-GLI-00623-000,BraTS-GLI-00623,1,unet_baseline,heldout_with_persisted_training_manifest,0.0598426703363657,238.3466796875,MONAI_sliding_window_only_after_transfer_FP32_warmup,f67351ece0c762564abc2fda59ffa8c2c05483e5a11fecd2a545f947348fc0da,142509,9230,3806255,23318,0.8975079196135607,0.8140719879810576,0.8593835744480693,0.9391718674829806,0.9975809104216108,0.9939110705031604,165.827,151.739,-14.088,14.088,-8.495600837016891,8.495600837016891,0,0,1.0,20.024984394500787,3.1619427767242576,0.7114017605781555,,large,Nonfinite HD95 and/or Dice lower Tukey fence and/or HD95 upper Tukey fence; morphology requires image review
BraTS-GLI-00641-001,BraTS-GLI-00641,1,unet_baseline,heldout_with_persisted_training_manifest,0.0583892744034528,229.9404296875,MONAI_sliding_window_only_after_transfer_FP32_warmup,f67351ece0c762564abc2fda59ffa8c2c05483e5a11fecd2a545f947348fc0da,32015,1807,3612199,3515,0.9232610451032416,0.8574604279936792,0.9010695187165776,0.9465732363550352,0.9995000008301038,0.9990278545261048,35.53,33.822,-1.708,1.708,-4.807205178722207,4.807205178722207,0,0,1.0,22.759613353482084,2.1251564336800493,0.8540620803833008,,medium,Nonfinite HD95 and/or Dice lower Tukey fence and/or HD95 upper Tukey fence; morphology requires image review
BraTS-GLI-00684-000,BraTS-GLI-00684,1,unet_baseline,heldout_with_persisted_training_manifest,0.0584445102140307,229.9404296875,MONAI_sliding_window_only_after_transfer_FP32_warmup,f67351ece0c762564abc2fda59ffa8c2c05483e5a11fecd2a545f947348fc0da,11465,1991,3624216,11864,0.6233519097458203,0.4528041074249605,0.4914484118479146,0.8520362663495838,0.9994509414382576,0.9967371454973488,23.329,13.456,-9.873,9.873,-42.32071670453084,42.32071670453084,0,0,1.0,18.62793601019716,3.1390540799937066,0.4523913562297821,,medium,Nonfinite HD95 and/or Dice lower Tukey fence and/or HD95 upper Tukey fence; morphology requires image review
BraTS-GLI-00694-000,BraTS-GLI-00694,1,unet_baseline,heldout_with_persisted_training_manifest,0.0589896319434046,229.9404296875,MONAI_sliding_window_only_after_transfer_FP32_warmup,f67351ece0c762564abc2fda59ffa8c2c05483e5a11fecd2a545f947348fc0da,49348,8753,3570315,21120,0.7676500556121616,0.6229156410547708,0.7002894931032525,0.8493485482177587,0.99755439125493,0.9941193422684804,70.468,58.101,-12.367,12.367,-17.549809842765512,17.549809842765512,0,0,1.0,10.04987562112089,2.242525430510925,0.5641011595726013,,large,Nonfinite HD95 and/or Dice lower Tukey fence and/or HD95 upper Tukey fence; morphology requires image review
BraTS-GLI-00694-001,BraTS-GLI-00694,1,unet_baseline,heldout_with_persisted_training_manifest,0.0313807362690568,227.4091796875,MONAI_sliding_window_only_after_transfer_FP32_warmup,f67351ece0c762564abc2fda59ffa8c2c05483e5a11fecd2a545f947348fc0da,96646,4517,3426478,11303,0.9243467615440528,0.8593352657692103,0.8952931476901129,0.9553492877830828,0.9986834722871936,0.9967121233144288,107.949,101.163,-6.7860000000000005,6.7860000000000005,-6.286301864769475,6.286301864769475,0,0,1.0,64.46548608855761,2.8552206756376,0.8684403300285339,,large,Nonfinite HD95 and/or Dice lower Tukey fence and/or HD95 upper Tukey fence; morphology requires image review
BraTS-GLI-00764-000,BraTS-GLI-00764,1,unet_baseline,heldout_with_persisted_training_manifest,0.0585830630734562,238.3466796875,MONAI_sliding_window_only_after_transfer_FP32_warmup,f67351ece0c762564abc2fda59ffa8c2c05483e5a11fecd2a545f947348fc0da,49756,317,3892743,38496,0.7194071932044099,0.5617766938770902,0.5637945882246295,0.9936692429053582,0.9999185730505052,0.9902076673537274,88.252,50.073,-38.179,38.179,-43.26134251914971,43.26134251914971,0,0,1.0,17.08800749063506,2.954051631051359,0.5900605320930481,,large,Nonfinite HD95 and/or Dice lower Tukey fence and/or HD95 upper Tukey fence; morphology requires image review
BraTS-GLI-00839-000,BraTS-GLI-00839,1,unet_baseline,heldout_with_persisted_training_manifest,0.0583685562014579,229.9404296875,MONAI_sliding_window_only_after_transfer_FP32_warmup,f67351ece0c762564abc2fda59ffa8c2c05483e5a11fecd2a545f947348fc0da,15016,4793,3628944,783,0.8434059761851269,0.7292152292152292,0.9504399012595732,0.7580392750769852,0.9986809722332683,0.9997842812971884,15.799,19.809,4.01,4.01,25.38135325020571,25.38135325020571,0,0,1.0,89.94776250814968,15.707445496927225,0.7054469585418701,,medium,Nonfinite HD95 and/or Dice lower Tukey fence and/or HD95 upper Tukey fence; morphology requires image review
BraTS-GLI-01031-000,BraTS-GLI-01031,1,unet_baseline,heldout_with_persisted_training_manifest,0.0589113244786858,229.9404296875,MONAI_sliding_window_only_after_transfer_FP32_warmup,f67351ece0c762564abc2fda59ffa8c2c05483e5a11fecd2a545f947348fc0da,27853,20958,3599494,1231,0.7151421785737211,0.5565924623316414,0.9576743226516298,0.5706295712032123,0.9942112200355092,0.9996581244055016,29.084,48.811,19.727,19.727,67.82767157199835,67.82767157199835,0,0,1.0,88.16461875378354,20.789455913820067,0.6901990175247192,,medium,Nonfinite HD95 and/or Dice lower Tukey fence and/or HD95 upper Tukey fence; morphology requires image review
BraTS-GLI-01036-000,BraTS-GLI-01036,1,unet_baseline,heldout_with_persisted_training_manifest,0.0586614292114973,222.3466796875,MONAI_sliding_window_only_after_transfer_FP32_warmup,f67351ece0c762564abc2fda59ffa8c2c05483e5a11fecd2a545f947348fc0da,13732,3320,3299610,1098,0.8614265102565711,0.7565840220385674,0.92596089008766,0.8053014309171944,0.998994831861408,0.9996673440970846,14.83,17.052,2.222,2.222,14.983142279163856,14.983142279163856,0,0,1.0,60.95079983068311,2.841221986461519,0.7736558318138123,,medium,Nonfinite HD95 and/or Dice lower Tukey fence and/or HD95 upper Tukey fence; morphology requires image review
BraTS-GLI-01039-000,BraTS-GLI-01039,1,unet_baseline,heldout_with_persisted_training_manifest,0.0590117443352937,229.9404296875,MONAI_sliding_window_only_after_transfer_FP32_warmup,f67351ece0c762564abc2fda59ffa8c2c05483e5a11fecd2a545f947348fc0da,12069,1566,3633020,2881,0.8444288962742698,0.7307459433276823,0.8072909698996655,0.8851485148514852,0.9995691393737828,0.9992076241899877,14.95,13.635,-1.315,1.315,-8.79598662207358,8.79598662207358,0,0,1.0,100.72313536054271,5.030206634233666,0.7870929837226868,,medium,Nonfinite HD95 and/or Dice lower Tukey fence and/or HD95 upper Tukey fence; morphology requires image review
BraTS-GLI-01049-000,BraTS-GLI-01049,1,unet_baseline,heldout_with_persisted_training_manifest,0.0585507908836007,239.8779296875,MONAI_sliding_window_only_after_transfer_FP32_warmup,f67351ece0c762564abc2fda59ffa8c2c05483e5a11fecd2a545f947348fc0da,52108,12947,3984313,5672,0.8484226808320104,0.7367483422172579,0.901834544825199,0.800983782952886,0.9967610313064448,0.9985784407710806,57.78,65.055,7.275,7.275,12.59086188992731,12.59086188992731,0,0,1.0,27.65863337187866,2.1391265470541203,0.7925786375999451,,large,Nonfinite HD95 and/or Dice lower Tukey fence and/or HD95 upper Tukey fence; morphology requires image review
BraTS-GLI-01104-000,BraTS-GLI-01104,1,unet_baseline,heldout_with_persisted_training_manifest,0.0591470105573535,229.9404296875,MONAI_sliding_window_only_after_transfer_FP32_warmup,f67351ece0c762564abc2fda59ffa8c2c05483e5a11fecd2a545f947348fc0da,63703,8962,3540779,36092,0.7387568131740694,0.5857370100315382,0.6383385941179418,0.8766668960297255,0.9974753087619632,0.9899096165335568,99.795,72.665,-27.13,27.13,-27.185730748033468,27.185730748033468,0,0,1.0,61.81665098145705,6.698895182210087,0.4459663331508636,,large,Nonfinite HD95 and/or Dice lower Tukey fence and/or HD95 upper Tukey fence; morphology requires image review
BraTS-GLI-01106-000,BraTS-GLI-01106,1,unet_baseline,heldout_with_persisted_training_manifest,0.0584345795214176,238.3466796875,MONAI_sliding_window_only_after_transfer_FP32_warmup,f67351ece0c762564abc2fda59ffa8c2c05483e5a11fecd2a545f947348fc0da,26260,11202,3931439,12411,0.6898454021252283,0.5265374050087221,0.6790618292777534,0.7009769900165501,0.997158757289847,0.9968530750408864,38.671,37.462,-1.209,1.209,-3.1263737684569834,3.1263737684569834,0,0,1.0,52.23983154643591,8.860177689763109,0.5454894304275513,,medium,Nonfinite HD95 and/or Dice lower Tukey fence and/or HD95 upper Tukey fence; morphology requires image review
BraTS-GLI-01130-000,BraTS-GLI-01130,1,unet_baseline,heldout_with_persisted_training_manifest,0.0589552968740463,229.9404296875,MONAI_sliding_window_only_after_transfer_FP32_warmup,f67351ece0c762564abc2fda59ffa8c2c05483e5a11fecd2a545f947348fc0da,33225,2583,3608451,5277,0.8942268873637464,0.8086893026652063,0.8629421848215677,0.9278652815013404,0.9992846924177397,0.9985397351433202,38.502,35.808,-2.694,2.694,-6.997039114851177,6.997039114851177,0,0,1.0,22.737634001804143,1.7623293075073871,0.837909996509552,,medium,Nonfinite HD95 and/or Dice lower Tukey fence and/or HD95 upper Tukey fence; morphology requires image review
BraTS-GLI-01139-000,BraTS-GLI-01139,1,unet_baseline,heldout_with_persisted_training_manifest,0.0582857877016067,222.3466796875,MONAI_sliding_window_only_after_transfer_FP32_warmup,f67351ece0c762564abc2fda59ffa8c2c05483e5a11fecd2a545f947348fc0da,111378,3138,3176571,26673,0.8819679530580005,0.7888574888978603,0.8067887954451616,0.97259771560306,0.9990131172380868,0.9916731288656124,138.05100000000002,114.516,-23.535,23.535,-17.048047460721037,17.048047460721037,0,0,1.0,76.61461930330009,4.406588733688273,0.5825193524360657,,large,Nonfinite HD95 and/or Dice lower Tukey fence and/or HD95 upper Tukey fence; morphology requires image review
BraTS-GLI-01146-000,BraTS-GLI-01146,1,unet_baseline,heldout_with_persisted_training_manifest,0.0584597587585449,222.3466796875,MONAI_sliding_window_only_after_transfer_FP32_warmup,f67351ece0c762564abc2fda59ffa8c2c05483e5a11fecd2a545f947348fc0da,111961,43370,3155076,7353,0.815314314842797,0.6882115020530599,0.9383726972526276,0.7207897972716328,0.9864402900658632,0.997674888511331,119.314,155.33100000000002,36.017,36.017,30.18673416363545,30.18673416363545,0,0,1.0,91.02197536858888,24.928979899087995,0.6331868767738342,,large,Nonfinite HD95 and/or Dice lower Tukey fence and/or HD95 upper Tukey fence; morphology requires image review
BraTS-GLI-01154-000,BraTS-GLI-01154,1,unet_baseline,heldout_with_persisted_training_manifest,0.0310801975429058,221.1591796875,MONAI_sliding_window_only_after_transfer_FP32_warmup,f67351ece0c762564abc2fda59ffa8c2c05483e5a11fecd2a545f947348fc0da,7455,9955,3219166,7456,0.4613099842207852,0.2998069653341912,0.4999664677084032,0.4282021826536473,0.9969171176924,0.9976892242103352,14.911,17.41,2.499,2.499,16.7594393400845,16.7594393400845,0,0,1.0,41.57402784920327,5.630822173265396,0.3810003399848938,,medium,Nonfinite HD95 and/or Dice lower Tukey fence and/or HD95 upper Tukey fence; morphology requires image review
BraTS-GLI-01276-000,BraTS-GLI-01276,1,unet_baseline,heldout_with_persisted_training_manifest,0.0589561788365244,229.9404296875,MONAI_sliding_window_only_after_transfer_FP32_warmup,f67351ece0c762564abc2fda59ffa8c2c05483e5a11fecd2a545f947348fc0da,7782,1697,3637738,2319,0.7948927477017365,0.6596033225970503,0.7704187704187704,0.8209726764426627,0.9995337188327308,0.9993629220641324,10.101,9.479,-0.622,0.622,-6.157806157806157,6.157806157806157,0,0,1.0,18.62793601019716,2.570429472152475,0.6657651662826538,,medium,Nonfinite HD95 and/or Dice lower Tukey fence and/or HD95 upper Tukey fence; morphology requires image review
BraTS-GLI-01300-000,BraTS-GLI-01300,1,unet_baseline,heldout_with_persisted_training_manifest,0.0586370741948485,230.7841796875,MONAI_sliding_window_only_after_transfer_FP32_warmup,f67351ece0c762564abc2fda59ffa8c2c05483e5a11fecd2a545f947348fc0da,42766,8756,3632363,2515,0.8835676580271272,0.7914206932287137,0.9444579404165102,0.8300531811653274,0.997595244758548,0.9993080923211178,45.281,51.522,6.2410000000000005,6.2410000000000005,13.782822817517282,13.782822817517282,0,0,1.0,24.939927826679853,2.23763585232438,0.7918933629989624,,medium,Nonfinite HD95 and/or Dice lower Tukey fence and/or HD95 upper Tukey fence; morphology requires image review
BraTS-GLI-01301-000,BraTS-GLI-01301,1,unet_baseline,heldout_with_persisted_training_manifest,0.0589418429881334,230.7841796875,MONAI_sliding_window_only_after_transfer_FP32_warmup,f67351ece0c762564abc2fda59ffa8c2c05483e5a11fecd2a545f947348fc0da,6986,3799,3674980,635,0.7591002933825927,0.6117338003502627,0.9166776013646504,0.6477515067222995,0.9989673204071242,0.9998272397952452,7.621,10.785,3.164,3.164,41.51686130429078,41.51686130429078,0,0,1.0,84.38423987890742,17.326912519694133,0.7297988533973694,,small,Nonfinite HD95 and/or Dice lower Tukey fence and/or HD95 upper Tukey fence; morphology requires image review
BraTS-GLI-01352-000,BraTS-GLI-01352,1,unet_baseline,heldout_with_persisted_training_manifest,0.0583995347842574,229.9404296875,MONAI_sliding_window_only_after_transfer_FP32_warmup,f67351ece0c762564abc2fda59ffa8c2c05483e5a11fecd2a545f947348fc0da,54609,8054,3581244,5629,0.8886664876608001,0.7996397821121068,0.9065540024569207,0.8714712031023092,0.997756107183076,0.99843066648861,60.238,62.663,2.4250000000000003,2.4250000000000003,4.025698064344766,4.025698064344766,0,0,1.0,46.32871651042554,6.878637467654499,0.7445696592330933,,large,Nonfinite HD95 and/or Dice lower Tukey fence and/or HD95 upper Tukey fence; morphology requires image review
BraTS-GLI-01365-000,BraTS-GLI-01365,1,unet_baseline,heldout_with_persisted_training_manifest,0.0310314940288662,221.1591796875,MONAI_sliding_window_only_after_transfer_FP32_warmup,f67351ece0c762564abc2fda59ffa8c2c05483e5a11fecd2a545f947348fc0da,13586,185,3216222,14039,0.6563919219248237,0.4885293060050341,0.4918009049773755,0.986565971970082,0.9999424824035018,0.9956539115569918,27.625,13.771,-13.854,13.854,-50.15022624434389,50.15022624434389,0,0,1.0,15.362291495737216,3.885458900372793,0.3584163188934326,,medium,Nonfinite HD95 and/or Dice lower Tukey fence and/or HD95 upper Tukey fence; morphology requires image review
BraTS-GLI-01407-000,BraTS-GLI-01407,1,unet_baseline,heldout_with_persisted_training_manifest,0.0583237577229738,229.9404296875,MONAI_sliding_window_only_after_transfer_FP32_warmup,f67351ece0c762564abc2fda59ffa8c2c05483e5a11fecd2a545f947348fc0da,9700,2415,3636935,486,0.8699161472579705,0.769780176176494,0.952287453367367,0.800660338423442,0.9993364199651036,0.999866388850782,10.186,12.115,1.929,1.929,18.9377577066562,18.9377577066562,0,0,1.0,25.495097567963924,3.3843352065053924,0.7893418073654175,,medium,Nonfinite HD95 and/or Dice lower Tukey fence and/or HD95 upper Tukey fence; morphology requires image review
BraTS-GLI-01435-000,BraTS-GLI-01435,1,unet_baseline,heldout_with_persisted_training_manifest,0.0583719396963715,239.8779296875,MONAI_sliding_window_only_after_transfer_FP32_warmup,f67351ece0c762564abc2fda59ffa8c2c05483e5a11fecd2a545f947348fc0da,24378,5773,4023643,1246,0.8741550874047512,0.7764436092620314,0.9513737121448642,0.8085303970017578,0.998567286177451,0.9996904262452952,25.624,30.151,4.527,4.527,17.66703090852326,17.66703090852326,0,0,1.0,38.429805859668136,4.672744203431084,0.6684351563453674,,medium,Nonfinite HD95 and/or Dice lower Tukey fence and/or HD95 upper Tukey fence; morphology requires image review
BraTS-GLI-01459-000,BraTS-GLI-01459,1,unet_baseline,heldout_with_persisted_training_manifest,0.0583254713565111,229.9404296875,MONAI_sliding_window_only_after_transfer_FP32_warmup,f67351ece0c762564abc2fda59ffa8c2c05483e5a11fecd2a545f947348fc0da,19175,16837,3610715,2809,0.6612525001724257,0.4939336956801731,0.8722252547307132,0.5324614017549706,0.9953585779059818,0.9992226424952484,21.984,36.012,14.028,14.028,63.81004366812227,63.81004366812227,0,0,1.0,80.4602385969373,21.879812785842468,0.5108729004859924,,medium,Nonfinite HD95 and/or Dice lower Tukey fence and/or HD95 upper Tukey fence; morphology requires image review
BraTS-GLI-01460-000,BraTS-GLI-01460,1,unet_baseline,heldout_with_persisted_training_manifest,0.0589043796062469,229.9404296875,MONAI_sliding_window_only_after_transfer_FP32_warmup,f67351ece0c762564abc2fda59ffa8c2c05483e5a11fecd2a545f947348fc0da,102239,5786,3532438,9073,0.9322549319084332,0.8731062870416233,0.9184903694121028,0.94643832446193,0.9983647163096514,0.9974380991616292,111.312,108.025,-3.287,3.287,-2.952961046428058,2.952961046428058,0,0,1.0,46.32493928760188,2.6074639056012416,0.8060109615325928,,large,Nonfinite HD95 and/or Dice lower Tukey fence and/or HD95 upper Tukey fence; morphology requires image review
BraTS-GLI-01468-000,BraTS-GLI-01468,1,unet_baseline,heldout_with_persisted_training_manifest,0.0588653851300478,229.9404296875,MONAI_sliding_window_only_after_transfer_FP32_warmup,f67351ece0c762564abc2fda59ffa8c2c05483e5a11fecd2a545f947348fc0da,63526,5175,3574733,6102,0.918476964338642,0.8492440142775023,0.9123628425346124,0.9246735855373284,0.9985544321250712,0.998295928184348,69.628,68.70100000000001,-0.927,0.927,-1.331360946745562,1.331360946745562,0,0,1.0,43.78355855797927,4.592652630975908,0.7494308352470398,,large,Nonfinite HD95 and/or Dice lower Tukey fence and/or HD95 upper Tukey fence; morphology requires image review
BraTS-GLI-01480-000,BraTS-GLI-01480,1,unet_baseline,heldout_with_persisted_training_manifest,0.0589423505589365,229.9404296875,MONAI_sliding_window_only_after_transfer_FP32_warmup,f67351ece0c762564abc2fda59ffa8c2c05483e5a11fecd2a545f947348fc0da,24660,16147,3598689,10040,0.6531844729627717,0.4849843648592837,0.7106628242074928,0.6043080843972848,0.99553313068698,0.9972178570349838,34.7,40.807,6.107,6.107,17.59942363112392,17.59942363112392,0,0,1.0,64.57476283040975,14.77284562894134,0.4515626728534698,,medium,Nonfinite HD95 and/or Dice lower Tukey fence and/or HD95 upper Tukey fence; morphology requires image review
BraTS-GLI-01485-000,BraTS-GLI-01485,1,unet_baseline,heldout_with_persisted_training_manifest,0.0584490559995174,229.9404296875,MONAI_sliding_window_only_after_transfer_FP32_warmup,f67351ece0c762564abc2fda59ffa8c2c05483e5a11fecd2a545f947348fc0da,37620,28952,3581347,1617,0.7110926291714316,0.5517018874011937,0.95878889823381,0.565102445472571,0.9919807196024484,0.9995486976704204,39.237,66.572,27.335,27.335,69.66638631903561,69.66638631903561,0,0,1.0,99.5138180091344,28.54349213622997,0.6166843175888062,,medium,Nonfinite HD95 and/or Dice lower Tukey fence and/or HD95 upper Tukey fence; morphology requires image review
BraTS-GLI-01510-000,BraTS-GLI-01510,1,unet_baseline,heldout_with_persisted_training_manifest,0.0946654416620731,229.9404296875,MONAI_sliding_window_only_after_transfer_FP32_warmup,f67351ece0c762564abc2fda59ffa8c2c05483e5a11fecd2a545f947348fc0da,65750,2308,3521807,59671,0.6796603248931409,0.5147617220834736,0.524234378612832,0.9660877486849452,0.9993450838011813,0.9833390013843448,125.421,68.058,-57.363,57.363,-45.736359939723016,45.736359939723016,0,0,1.0,10.246950765959598,2.705840165430556,0.5584188103675842,,large,Nonfinite HD95 and/or Dice lower Tukey fence and/or HD95 upper Tukey fence; morphology requires image review
BraTS-GLI-01523-000,BraTS-GLI-01523,1,unet_baseline,heldout_with_persisted_training_manifest,0.0589687218889594,229.9404296875,MONAI_sliding_window_only_after_transfer_FP32_warmup,f67351ece0c762564abc2fda59ffa8c2c05483e5a11fecd2a545f947348fc0da,135624,1777,3435573,76562,0.7759098593483167,0.633866603104275,0.6391750633877824,0.9870670519137416,0.9994830319868504,0.9782007240610056,212.186,137.401,-74.785,74.785,-35.245020877909006,35.245020877909006,0,0,1.0,19.026297590440446,3.1143338910041547,0.6811918020248413,,large,Nonfinite HD95 and/or Dice lower Tukey fence and/or HD95 upper Tukey fence; morphology requires image review
BraTS-GLI-00058-001,BraTS-GLI-00058,2,unet_baseline,heldout_with_persisted_training_manifest,0.0583183923736214,222.3466796875,MONAI_sliding_window_only_after_transfer_FP32_warmup,f67351ece0c762564abc2fda59ffa8c2c05483e5a11fecd2a545f947348fc0da,50839,40275,3226327,319,0.7146733018443545,0.5560246300569817,0.9937644161226006,0.5579713326162828,0.9876706742970218,0.9999011357304148,51.158,91.114,39.956,39.956,78.10313147503811,78.10313147503811,0,0,1.0,28.30194339616981,6.071872279567022,0.5262718200683594,,large,Nonfinite HD95 and/or Dice lower Tukey fence and/or HD95 upper Tukey fence; morphology requires image review
BraTS-GLI-00061-001,BraTS-GLI-00061,2,unet_baseline,heldout_with_persisted_training_manifest,0.0584042966365814,238.3466796875,MONAI_sliding_window_only_after_transfer_FP32_warmup,f67351ece0c762564abc2fda59ffa8c2c05483e5a11fecd2a545f947348fc0da,41721,128426,3811086,79,0.3936927628133448,0.2450918191110641,0.99811004784689,0.2452056163200056,0.9674005308271684,0.999979271430127,41.8,170.147,128.347,128.347,307.05023923444975,307.05023923444975,0,0,1.0,60.53924347066124,17.578739467524503,0.2475199252367019,,medium,Nonfinite HD95 and/or Dice lower Tukey fence and/or HD95 upper Tukey fence; morphology requires image review
BraTS-GLI-00077-000,BraTS-GLI-00077,2,unet_baseline,heldout_with_persisted_training_manifest,0.0587239023298025,249.5341796875,MONAI_sliding_window_only_after_transfer_FP32_warmup,f67351ece0c762564abc2fda59ffa8c2c05483e5a11fecd2a545f947348fc0da,191015,17278,4291104,6203,0.9420952822488168,0.8905294271221841,0.968547495664696,0.9170495407910972,0.9959896777955158,0.9985565378503328,197.218,208.293,11.075,11.075,5.615613179324402,5.615613179324402,0,0,1.0,42.49411693443767,3.4686149868111573,0.8415893316268921,,large,Nonfinite HD95 and/or Dice lower Tukey fence and/or HD95 upper Tukey fence; morphology requires image review
BraTS-GLI-00204-000,BraTS-GLI-00204,2,unet_baseline,heldout_with_persisted_training_manifest,0.0583824748173356,230.2529296875,MONAI_sliding_window_only_after_transfer_FP32_warmup,f67351ece0c762564abc2fda59ffa8c2c05483e5a11fecd2a545f947348fc0da,18776,1171,3618515,11074,0.7541016527100026,0.6052673995035621,0.6290117252931323,0.9412944302401364,0.9996764912757626,0.9969489658470972,29.85,19.947,-9.903,9.903,-33.175879396984925,33.175879396984925,0,0,1.0,27.586228448267445,3.627826931572296,0.7426884770393372,,medium,Nonfinite HD95 and/or Dice lower Tukey fence and/or HD95 upper Tukey fence; morphology requires image review
BraTS-GLI-00206-000,BraTS-GLI-00206,2,unet_baseline,heldout_with_persisted_training_manifest,0.0590180102735757,238.3466796875,MONAI_sliding_window_only_after_transfer_FP32_warmup,f67351ece0c762564abc2fda59ffa8c2c05483e5a11fecd2a545f947348fc0da,27930,2748,3943853,6781,0.8542721252810106,0.7456152059585146,0.8046440609605024,0.9104244083708196,0.9993037046308964,0.9982835666376588,34.711,30.678,-4.033,4.033,-11.618795194606896,11.618795194606896,0,0,1.0,39.72404613797031,7.233043419242455,0.731935441493988,,medium,Nonfinite HD95 and/or Dice lower Tukey fence and/or HD95 upper Tukey fence; morphology requires image review
BraTS-GLI-00227-000,BraTS-GLI-00227,2,unet_baseline,heldout_with_persisted_training_manifest,0.058802992105484,230.2529296875,MONAI_sliding_window_only_after_transfer_FP32_warmup,f67351ece0c762564abc2fda59ffa8c2c05483e5a11fecd2a545f947348fc0da,14240,796,3619501,14999,0.643252399774139,0.4741135342100882,0.4870207599439105,0.9470603884011706,0.9997801285364156,0.9958731599944972,29.239,15.036,-14.203,14.203,-48.575532678956186,48.575532678956186,0,0,1.0,18.2208671582886,5.240040181864985,0.3390364050865173,,medium,Nonfinite HD95 and/or Dice lower Tukey fence and/or HD95 upper Tukey fence; morphology requires image review
BraTS-GLI-00236-000,BraTS-GLI-00236,2,unet_baseline,heldout_with_persisted_training_manifest,0.0596820283681154,230.2529296875,MONAI_sliding_window_only_after_transfer_FP32_warmup,f67351ece0c762564abc2fda59ffa8c2c05483e5a11fecd2a545f947348fc0da,39639,1661,3602799,5437,0.9178243956654626,0.8481288914564478,0.8793814890407312,0.9597820823244552,0.9995391820133944,0.9984931695155196,45.076,41.3,-3.776,3.776,-8.37696335078534,8.37696335078534,0,0,1.0,17.871747024036864,1.7732863014797675,0.8714854717254639,,medium,Nonfinite HD95 and/or Dice lower Tukey fence and/or HD95 upper Tukey fence; morphology requires image review
BraTS-GLI-00286-000,BraTS-GLI-00286,2,unet_baseline,heldout_with_persisted_training_manifest,0.0582624673843383,238.3466796875,MONAI_sliding_window_only_after_transfer_FP32_warmup,f67351ece0c762564abc2fda59ffa8c2c05483e5a11fecd2a545f947348fc0da,54523,8104,3895393,23292,0.7764486407200125,0.6345860636180589,0.7006746771188074,0.8705989429479298,0.9979239128402044,0.9940561693527292,77.815,62.627,-15.188,15.188,-19.51808777228041,19.51808777228041,0,0,1.0,31.25699921617557,4.598502775467065,0.6680397987365723,,large,Nonfinite HD95 and/or Dice lower Tukey fence and/or HD95 upper Tukey fence; morphology requires image review
BraTS-GLI-00331-000,BraTS-GLI-00331,2,unet_baseline,heldout_with_persisted_training_manifest,0.0587432887405157,239.8779296875,MONAI_sliding_window_only_after_transfer_FP32_warmup,f67351ece0c762564abc2fda59ffa8c2c05483e5a11fecd2a545f947348fc0da,14113,167,4028067,12693,0.6869980041863408,0.523226930634338,0.5264866074759382,0.9883053221288516,0.9999585426268682,0.9968587592433108,26.806,14.28,-12.526,12.526,-46.72834440050735,46.72834440050735,0,0,1.0,9.69535971483266,2.745377635868052,0.3559289276599884,,medium,Nonfinite HD95 and/or Dice lower Tukey fence and/or HD95 upper Tukey fence; morphology requires image review
BraTS-GLI-00340-000,BraTS-GLI-00340,2,unet_baseline,heldout_with_persisted_training_manifest,0.0581530500203371,239.8779296875,MONAI_sliding_window_only_after_transfer_FP32_warmup,f67351ece0c762564abc2fda59ffa8c2c05483e5a11fecd2a545f947348fc0da,19655,929,4021105,13351,0.7335323754431797,0.5791955208486813,0.5954977882809186,0.9548678585308978,0.9997690223404376,0.9966907558292866,33.006,20.584,-12.422,12.422,-37.63558140944071,37.63558140944071,0,0,1.0,10.770329614269007,2.441253890931796,0.6038011908531189,,medium,Nonfinite HD95 and/or Dice lower Tukey fence and/or HD95 upper Tukey fence; morphology requires image review
BraTS-GLI-00611-000,BraTS-GLI-00611,2,unet_baseline,heldout_with_persisted_training_manifest,0.0588771132752299,222.3466796875,MONAI_sliding_window_only_after_transfer_FP32_warmup,f67351ece0c762564abc2fda59ffa8c2c05483e5a11fecd2a545f947348fc0da,41514,2577,3225715,47954,0.6216578440988627,0.4510185235482644,0.4640094782492064,0.941552697829489,0.9992017450713876,0.985351603964848,89.468,44.091,-45.377,45.377,-50.71869271694908,50.71869271694908,0,0,1.0,14.52583904633395,3.653226475863917,0.4163633584976196,,large,Nonfinite HD95 and/or Dice lower Tukey fence and/or HD95 upper Tukey fence; morphology requires image review
BraTS-GLI-00621-000,BraTS-GLI-00621,2,unet_baseline,heldout_with_persisted_training_manifest,0.0594258634373545,238.3466796875,MONAI_sliding_window_only_after_transfer_FP32_warmup,f67351ece0c762564abc2fda59ffa8c2c05483e5a11fecd2a545f947348fc0da,14912,2022,3952455,11923,0.681395508236423,0.5167550334407596,0.5556921930314888,0.880595252155427,0.9994886808040608,0.9969924664096108,26.835,16.934,-9.901,9.901,-36.89584497857276,36.89584497857276,0,0,1.0,14.317821063276352,3.108408625268309,0.6090685129165649,,medium,Nonfinite HD95 and/or Dice lower Tukey fence and/or HD95 upper Tukey fence; morphology requires image review
BraTS-GLI-00675-001,BraTS-GLI-00675,2,unet_baseline,heldout_with_persisted_training_manifest,0.0504771005362272,227.4091796875,MONAI_sliding_window_only_after_transfer_FP32_warmup,f67351ece0c762564abc2fda59ffa8c2c05483e5a11fecd2a545f947348fc0da,53,0,3531855,7036,0.0148417810137216,0.0074763718437015,0.0074763718437015,1.0,1.0,0.9980118065235692,7.089,0.053,-7.0360000000000005,7.0360000000000005,-99.25236281562984,99.25236281562984,0,0,1.0,16.881943016134134,9.740922405240632,0.0220706705003976,,small,Nonfinite HD95 and/or Dice lower Tukey fence and/or HD95 upper Tukey fence; morphology requires image review
BraTS-GLI-00725-001,BraTS-GLI-00725,2,unet_baseline,heldout_with_persisted_training_manifest,0.0589342080056667,230.2529296875,MONAI_sliding_window_only_after_transfer_FP32_warmup,f67351ece0c762564abc2fda59ffa8c2c05483e5a11fecd2a545f947348fc0da,76042,1469,3521184,50841,0.744072722291261,0.5924488905509848,0.5993080239275553,0.9810478512727224,0.9995829847560916,0.985766896928213,126.883,77.511,-49.372,49.372,-38.91143809651411,38.91143809651411,0,0,1.0,14.7648230602334,2.9082119321886943,0.5400298833847046,,large,Nonfinite HD95 and/or Dice lower Tukey fence and/or HD95 upper Tukey fence; morphology requires image review
BraTS-GLI-00732-000,BraTS-GLI-00732,2,unet_baseline,heldout_with_persisted_training_manifest,0.058859746903181,230.2529296875,MONAI_sliding_window_only_after_transfer_FP32_warmup,f67351ece0c762564abc2fda59ffa8c2c05483e5a11fecd2a545f947348fc0da,24,0,3643490,6022,0.0079077429983525,0.00396956665564,0.00396956665564,1.0,1.0,0.9983499163723808,6.046,0.024,-6.022,6.022,-99.603043334436,99.603043334436,0,0,1.0,49.06118522963204,16.616057419097714,0.0074851461686193,,small,Nonfinite HD95 and/or Dice lower Tukey fence and/or HD95 upper Tukey fence; morphology requires image review
BraTS-GLI-00732-001,BraTS-GLI-00732,2,unet_baseline,heldout_with_persisted_training_manifest,0.0583197930827736,230.2529296875,MONAI_sliding_window_only_after_transfer_FP32_warmup,f67351ece0c762564abc2fda59ffa8c2c05483e5a11fecd2a545f947348fc0da,71,0,3646718,2747,0.0491519556940117,0.0251951738821859,0.0251951738821859,1.0,1.0,0.999247286931098,2.818,0.071,-2.747,2.747,-97.4804826117814,97.4804826117814,0,0,1.0,45.436760922824064,17.535965688690606,0.0241632629185915,,small,Nonfinite HD95 and/or Dice lower Tukey fence and/or HD95 upper Tukey fence; morphology requires image review
BraTS-GLI-00788-000,BraTS-GLI-00788,2,unet_baseline,heldout_with_persisted_training_manifest,0.0588504690676927,230.2529296875,MONAI_sliding_window_only_after_transfer_FP32_warmup,f67351ece0c762564abc2fda59ffa8c2c05483e5a11fecd2a545f947348fc0da,19128,4323,3625230,855,0.88078463876226,0.7869661811898296,0.9572136315868488,0.8156581808878086,0.9988089442418944,0.999764208505868,19.983,23.451,3.468,3.468,17.354751538807985,17.354751538807985,0,0,1.0,73.35529974037323,6.290826263172539,0.7890378832817078,,medium,Nonfinite HD95 and/or Dice lower Tukey fence and/or HD95 upper Tukey fence; morphology requires image review
BraTS-GLI-00802-000,BraTS-GLI-00802,2,unet_baseline,heldout_with_persisted_training_manifest,0.0583427967503666,222.3466796875,MONAI_sliding_window_only_after_transfer_FP32_warmup,f67351ece0c762564abc2fda59ffa8c2c05483e5a11fecd2a545f947348fc0da,12366,4498,3300821,75,0.8439515441051015,0.7300312887419564,0.9939715456956836,0.7332779886148008,0.9986391631185976,0.9999772788963966,12.441,16.864,4.423,4.423,35.55180451732176,35.55180451732176,0,0,1.0,18.275666882497067,2.6124605405832795,0.7197670936584473,,medium,Nonfinite HD95 and/or Dice lower Tukey fence and/or HD95 upper Tukey fence; morphology requires image review
BraTS-GLI-00806-000,BraTS-GLI-00806,2,unet_baseline,heldout_with_persisted_training_manifest,0.0311230979859828,221.1591796875,MONAI_sliding_window_only_after_transfer_FP32_warmup,f67351ece0c762564abc2fda59ffa8c2c05483e5a11fecd2a545f947348fc0da,125852,7812,3099344,11024,0.9303762844681008,0.8698164325998009,0.9194599491510564,0.941554943739526,0.9974858037382096,0.9964557248531364,136.876,133.66400000000002,-3.212,3.212,-2.346649522195272,2.346649522195272,0,0,1.0,53.78335994967418,2.95890847799785,0.8268919587135315,,large,Nonfinite HD95 and/or Dice lower Tukey fence and/or HD95 upper Tukey fence; morphology requires image review
BraTS-GLI-01027-000,BraTS-GLI-01027,2,unet_baseline,heldout_with_persisted_training_manifest,0.0589164551347494,238.3466796875,MONAI_sliding_window_only_after_transfer_FP32_warmup,f67351ece0c762564abc2fda59ffa8c2c05483e5a11fecd2a545f947348fc0da,61105,14538,3900663,5006,0.8621273473764409,0.7576659351014892,0.9242788643342258,0.807807728408445,0.9962867806786933,0.9987182733611066,66.111,75.643,9.532,9.532,14.41817549273192,14.41817549273192,0,0,1.0,66.06587612354149,3.9715907399252752,0.7210456132888794,,large,Nonfinite HD95 and/or Dice lower Tukey fence and/or HD95 upper Tukey fence; morphology requires image review
BraTS-GLI-01027-001,BraTS-GLI-01027,2,unet_baseline,heldout_with_persisted_training_manifest,0.059074705466628,239.8779296875,MONAI_sliding_window_only_after_transfer_FP32_warmup,f67351ece0c762564abc2fda59ffa8c2c05483e5a11fecd2a545f947348fc0da,36325,6212,4010585,1918,0.8993562763060163,0.8171184343718367,0.9498470308291712,0.8539624327056445,0.9984534941646293,0.999521994126858,38.243,42.537,4.2940000000000005,4.2940000000000005,11.228198624584891,11.228198624584891,0,0,1.0,19.209372712298546,4.048119690613587,0.7349357008934021,,medium,Nonfinite HD95 and/or Dice lower Tukey fence and/or HD95 upper Tukey fence; morphology requires image review
BraTS-GLI-01071-000,BraTS-GLI-01071,2,unet_baseline,heldout_with_persisted_training_manifest,0.0590869281440973,230.2529296875,MONAI_sliding_window_only_after_transfer_FP32_warmup,f67351ece0c762564abc2fda59ffa8c2c05483e5a11fecd2a545f947348fc0da,99515,14148,3526510,9363,0.8943520519814326,0.8088940549152212,0.9140046657726996,0.8755267765235829,0.9960041325651898,0.997351997653762,108.878,113.663,4.785,4.785,4.394827237825823,4.394827237825823,0,0,1.0,24.698178070456937,2.2628897217557142,0.7731038331985474,,large,Nonfinite HD95 and/or Dice lower Tukey fence and/or HD95 upper Tukey fence; morphology requires image review
BraTS-GLI-01116-000,BraTS-GLI-01116,2,unet_baseline,heldout_with_persisted_training_manifest,0.0731811905279755,230.2529296875,MONAI_sliding_window_only_after_transfer_FP32_warmup,f67351ece0c762564abc2fda59ffa8c2c05483e5a11fecd2a545f947348fc0da,40965,1110,3578550,28911,0.7318380362837312,0.577085622517116,0.5862527906577366,0.9736185383244208,0.9996899146846348,0.9919857761456048,69.876,42.075,-27.801,27.801,-39.78619268418341,39.78619268418341,0,0,1.0,14.628738838327791,3.4075766246899724,0.5041066408157349,,large,Nonfinite HD95 and/or Dice lower Tukey fence and/or HD95 upper Tukey fence; morphology requires image review
BraTS-GLI-01138-000,BraTS-GLI-01138,2,unet_baseline,heldout_with_persisted_training_manifest,0.0590462405234575,230.2529296875,MONAI_sliding_window_only_after_transfer_FP32_warmup,f67351ece0c762564abc2fda59ffa8c2c05483e5a11fecd2a545f947348fc0da,93806,11212,3504229,40289,0.7846164784014252,0.6455711011857653,0.6995488273239121,0.8932373497876555,0.9968106419649768,0.9886334333751444,134.095,105.018,-29.077,29.077,-21.683880830754315,21.683880830754315,0,0,1.0,13.341664064126334,2.7883271855181144,0.609795093536377,,large,Nonfinite HD95 and/or Dice lower Tukey fence and/or HD95 upper Tukey fence; morphology requires image review
BraTS-GLI-01150-000,BraTS-GLI-01150,2,unet_baseline,heldout_with_persisted_training_manifest,0.0582703799009323,238.3466796875,MONAI_sliding_window_only_after_transfer_FP32_warmup,f67351ece0c762564abc2fda59ffa8c2c05483e5a11fecd2a545f947348fc0da,68539,12659,3872172,27942,0.7714924104705677,0.6279915704599597,0.7103885739161079,0.844097145249883,0.9967414283916084,0.992835594036482,96.481,81.19800000000001,-15.283,15.283,-15.840424539546646,15.840424539546646,0,0,1.0,24.51020036515484,4.037138239493151,0.6046934723854065,,large,Nonfinite HD95 and/or Dice lower Tukey fence and/or HD95 upper Tukey fence; morphology requires image review
BraTS-GLI-01205-000,BraTS-GLI-01205,2,unet_baseline,heldout_with_persisted_training_manifest,0.0588901452720165,230.2529296875,MONAI_sliding_window_only_after_transfer_FP32_warmup,f67351ece0c762564abc2fda59ffa8c2c05483e5a11fecd2a545f947348fc0da,12291,873,3626700,9672,0.699803569903493,0.5382291119285338,0.5596230023220872,0.933682771194166,0.9997593432303086,0.997340206117526,21.963,13.164,-8.799,8.799,-40.06283294631881,40.06283294631881,0,0,1.0,12.68857754044952,3.111402712741756,0.5846781730651855,,medium,Nonfinite HD95 and/or Dice lower Tukey fence and/or HD95 upper Tukey fence; morphology requires image review
BraTS-GLI-01222-000,BraTS-GLI-01222,2,unet_baseline,heldout_with_persisted_training_manifest,0.0581889264285564,222.3466796875,MONAI_sliding_window_only_after_transfer_FP32_warmup,f67351ece0c762564abc2fda59ffa8c2c05483e5a11fecd2a545f947348fc0da,23370,2886,3278016,13488,0.7405646924612606,0.5880132850241546,0.6340550219762331,0.8900822669104205,0.9991203638511604,0.9959021772417715,36.858,26.256,-10.602,10.602,-28.76444733843399,28.76444733843399,0,0,1.0,21.0,3.6763108513337768,0.6188253164291382,,medium,Nonfinite HD95 and/or Dice lower Tukey fence and/or HD95 upper Tukey fence; morphology requires image review
BraTS-GLI-01245-000,BraTS-GLI-01245,2,unet_baseline,heldout_with_persisted_training_manifest,0.059186415746808,230.2529296875,MONAI_sliding_window_only_after_transfer_FP32_warmup,f67351ece0c762564abc2fda59ffa8c2c05483e5a11fecd2a545f947348fc0da,56270,13302,3544588,35376,0.6980610105571338,0.5361702938598163,0.6139929729611767,0.8088023917668027,0.9962612672117462,0.9901183363855056,91.646,69.572,-22.074,22.074,-24.08615760644218,24.08615760644218,0,0,1.0,11.789826122551595,2.6301205589462207,0.5425314903259277,,large,Nonfinite HD95 and/or Dice lower Tukey fence and/or HD95 upper Tukey fence; morphology requires image review
BraTS-GLI-01288-000,BraTS-GLI-01288,2,unet_baseline,heldout_with_persisted_training_manifest,0.0583568634465336,230.2529296875,MONAI_sliding_window_only_after_transfer_FP32_warmup,f67351ece0c762564abc2fda59ffa8c2c05483e5a11fecd2a545f947348fc0da,122557,18255,3507649,1075,0.9269032384928378,0.8637648269397479,0.9913048401708296,0.8703590603073602,0.9948226043590525,0.9996936208148604,123.632,140.812,17.18,17.18,13.896078685130064,13.896078685130064,0,0,1.0,50.68530358989675,4.817189185532095,0.8582025170326233,,large,Nonfinite HD95 and/or Dice lower Tukey fence and/or HD95 upper Tukey fence; morphology requires image review
BraTS-GLI-01308-000,BraTS-GLI-01308,2,unet_baseline,heldout_with_persisted_training_manifest,0.0587974796071648,230.2529296875,MONAI_sliding_window_only_after_transfer_FP32_warmup,f67351ece0c762564abc2fda59ffa8c2c05483e5a11fecd2a545f947348fc0da,5175,2335,3640681,1345,0.7377049180327869,0.5844155844155844,0.7937116564417178,0.689081225033289,0.9993590475583968,0.9996307000554088,6.5200000000000005,7.51,0.99,0.99,15.1840490797546,15.1840490797546,0,0,1.0,31.833157931354872,6.846024842400159,0.6200198531150818,,small,Nonfinite HD95 and/or Dice lower Tukey fence and/or HD95 upper Tukey fence; morphology requires image review
BraTS-GLI-01311-000,BraTS-GLI-01311,2,unet_baseline,heldout_with_persisted_training_manifest,0.0584918903186917,230.2529296875,MONAI_sliding_window_only_after_transfer_FP32_warmup,f67351ece0c762564abc2fda59ffa8c2c05483e5a11fecd2a545f947348fc0da,79697,1904,3550153,17782,0.8900714764351128,0.8019178330297938,0.8175812226223084,0.9766669526108748,0.9994639725657556,0.9950161648124196,97.479,81.601,-15.878,15.878,-16.288636526841678,16.288636526841678,0,0,1.0,65.58200972827838,13.72728202633223,0.7431989312171936,,large,Nonfinite HD95 and/or Dice lower Tukey fence and/or HD95 upper Tukey fence; morphology requires image review
BraTS-GLI-01341-000,BraTS-GLI-01341,2,unet_baseline,heldout_with_persisted_training_manifest,0.0582867013290524,238.3466796875,MONAI_sliding_window_only_after_transfer_FP32_warmup,f67351ece0c762564abc2fda59ffa8c2c05483e5a11fecd2a545f947348fc0da,2095,4629,3973343,1245,0.4163354531001589,0.2628937131384113,0.6272455089820359,0.311570493753718,0.9988363417339288,0.9996867599861924,3.34,6.724,3.384,3.384,101.31736526946108,101.31736526946108,0,0,1.0,23.099768970100392,7.040476857475699,0.3827064931392669,,small,Nonfinite HD95 and/or Dice lower Tukey fence and/or HD95 upper Tukey fence; morphology requires image review
BraTS-GLI-01349-000,BraTS-GLI-01349,2,unet_baseline,heldout_with_persisted_training_manifest,0.0590029889717698,230.2529296875,MONAI_sliding_window_only_after_transfer_FP32_warmup,f67351ece0c762564abc2fda59ffa8c2c05483e5a11fecd2a545f947348fc0da,689,0,3639543,9304,0.1290020595394121,0.0689482637846492,0.0689482637846492,1.0,1.0,0.9974501534320294,9.993,0.6890000000000001,-9.304,9.304,-93.10517362153507,93.10517362153507,0,0,1.0,69.14477565225012,36.8321518053756,0.1359355747699737,,small,Nonfinite HD95 and/or Dice lower Tukey fence and/or HD95 upper Tukey fence; morphology requires image review
BraTS-GLI-01366-000,BraTS-GLI-01366,2,unet_baseline,heldout_with_persisted_training_manifest,0.0588258327916264,230.2529296875,MONAI_sliding_window_only_after_transfer_FP32_warmup,f67351ece0c762564abc2fda59ffa8c2c05483e5a11fecd2a545f947348fc0da,7325,42,3634468,7701,0.6542223016121109,0.486129546057871,0.4874883535205643,0.9942989005022396,0.9999884441093848,0.9978856005858048,15.026,7.367,-7.659,7.659,-50.971649141488086,50.971649141488086,0,0,1.0,41.33097812692327,7.658957595058116,0.484207272529602,,medium,Nonfinite HD95 and/or Dice lower Tukey fence and/or HD95 upper Tukey fence; morphology requires image review
BraTS-GLI-01368-000,BraTS-GLI-01368,2,unet_baseline,heldout_with_persisted_training_manifest,0.0583262853324413,230.2529296875,MONAI_sliding_window_only_after_transfer_FP32_warmup,f67351ece0c762564abc2fda59ffa8c2c05483e5a11fecd2a545f947348fc0da,177125,9635,3449251,13525,0.9386343764076204,0.8843647801882317,0.9290584841332284,0.9484097237095738,0.997214421059266,0.9960941741539158,190.65,186.76,-3.89,3.89,-2.040388145816942,2.040388145816942,0,0,1.0,23.366642891095847,2.284354274118136,0.7809002995491028,,large,Nonfinite HD95 and/or Dice lower Tukey fence and/or HD95 upper Tukey fence; morphology requires image review
BraTS-GLI-01370-000,BraTS-GLI-01370,2,unet_baseline,heldout_with_persisted_training_manifest,0.0585923800244927,222.3466796875,MONAI_sliding_window_only_after_transfer_FP32_warmup,f67351ece0c762564abc2fda59ffa8c2c05483e5a11fecd2a545f947348fc0da,56788,3832,3237164,19976,0.8267047108833634,0.7046007246017172,0.7397738523266114,0.936786539096008,0.9988176474145604,0.9938670121640456,76.764,60.620000000000005,-16.144000000000002,16.144000000000002,-21.03069146995988,21.03069146995988,0,0,1.0,28.08914381037628,5.480607169445833,0.6443912982940674,,large,Nonfinite HD95 and/or Dice lower Tukey fence and/or HD95 upper Tukey fence; morphology requires image review
BraTS-GLI-01429-000,BraTS-GLI-01429,2,unet_baseline,heldout_with_persisted_training_manifest,0.0590079482644796,230.2529296875,MONAI_sliding_window_only_after_transfer_FP32_warmup,f67351ece0c762564abc2fda59ffa8c2c05483e5a11fecd2a545f947348fc0da,128769,70543,3429652,20572,0.7386656647153473,0.5856224190937039,0.8622481435104894,0.6460674721040379,0.9798459800096851,0.9940374885804516,149.341,199.312,49.971,49.971,33.46100535017175,33.46100535017175,0,0,1.0,30.083217912982647,4.561511177525608,0.6008553504943848,,large,Nonfinite HD95 and/or Dice lower Tukey fence and/or HD95 upper Tukey fence; morphology requires image review
BraTS-GLI-01482-000,BraTS-GLI-01482,2,unet_baseline,heldout_with_persisted_training_manifest,0.058694252744317,248.1591796875,MONAI_sliding_window_only_after_transfer_FP32_warmup,f67351ece0c762564abc2fda59ffa8c2c05483e5a11fecd2a545f947348fc0da,21823,4407,4389200,8250,0.7751984796547253,0.6329176334106729,0.7256675423137033,0.8319862752573389,0.9989969517073328,0.9981239127221456,30.073,26.23,-3.843,3.843,-12.778904665314402,12.778904665314402,0,0,1.0,85.65220032320138,5.854077875113327,0.5258896350860596,,medium,Nonfinite HD95 and/or Dice lower Tukey fence and/or HD95 upper Tukey fence; morphology requires image review
BraTS-GLI-01490-000,BraTS-GLI-01490,2,unet_baseline,heldout_with_persisted_training_manifest,0.0583570338785648,230.2529296875,MONAI_sliding_window_only_after_transfer_FP32_warmup,f67351ece0c762564abc2fda59ffa8c2c05483e5a11fecd2a545f947348fc0da,41873,1458,3534789,71416,0.5347082109564552,0.3649158583666675,0.3696122306667019,0.9663520343403106,0.9995876984837316,0.980196356003056,113.289,43.331,-69.958,69.958,-61.75180291113877,61.75180291113877,0,0,1.0,31.65201365115242,8.5744147891542,0.4065814316272735,,large,Nonfinite HD95 and/or Dice lower Tukey fence and/or HD95 upper Tukey fence; morphology requires image review
BraTS-GLI-01532-000,BraTS-GLI-01532,2,unet_baseline,heldout_with_persisted_training_manifest,0.0582094136625528,248.1591796875,MONAI_sliding_window_only_after_transfer_FP32_warmup,f67351ece0c762564abc2fda59ffa8c2c05483e5a11fecd2a545f947348fc0da,172241,34542,4205295,11602,0.8818716624085442,0.788703436591341,0.9368918044200758,0.832955320311631,0.9918529886880084,0.9972486878384746,183.843,206.783,22.94,22.94,12.47803832618049,12.47803832618049,0,0,1.0,71.6191313487269,6.376837729105605,0.6175189018249512,,large,Nonfinite HD95 and/or Dice lower Tukey fence and/or HD95 upper Tukey fence; morphology requires image review
BraTS-GLI-00002-000,BraTS-GLI-00002,3,unet_baseline,heldout_with_persisted_training_manifest,0.0554081602022051,230.2529296875,MONAI_sliding_window_only_after_transfer_FP32_warmup,f67351ece0c762564abc2fda59ffa8c2c05483e5a11fecd2a545f947348fc0da,112048,2981,3455961,78546,0.7332432441275689,0.5788350768436007,0.5878883910301479,0.9740847960079632,0.9991381757774488,0.9777773816829336,190.594,115.029,-75.565,75.565,-39.64710326662959,39.64710326662959,0,0,1.0,19.257463850870156,5.0304120383055935,0.4196202456951141,72.0,large,Nonfinite HD95 and/or Dice lower Tukey fence and/or HD95 upper Tukey fence; morphology requires image review
BraTS-GLI-00113-000,BraTS-GLI-00113,3,unet_baseline,heldout_with_persisted_training_manifest,0.0559092005714774,230.2529296875,MONAI_sliding_window_only_after_transfer_FP32_warmup,f67351ece0c762564abc2fda59ffa8c2c05483e5a11fecd2a545f947348fc0da,27676,2056,3609166,10638,0.8134497251859036,0.685558583106267,0.7223469227958449,0.9308489169917934,0.999430663636852,0.9970611668477076,38.314,29.732,-8.582,8.582,-22.399123035965964,22.399123035965964,0,0,1.0,44.56343780127204,2.5315971680095557,0.671432375907898,,medium,Nonfinite HD95 and/or Dice lower Tukey fence and/or HD95 upper Tukey fence; morphology requires image review
BraTS-GLI-00136-000,BraTS-GLI-00136,3,unet_baseline,heldout_with_persisted_training_manifest,0.0554696479812264,230.2529296875,MONAI_sliding_window_only_after_transfer_FP32_warmup,f67351ece0c762564abc2fda59ffa8c2c05483e5a11fecd2a545f947348fc0da,53394,5340,3587028,3774,0.9213646011285396,0.8541946630831253,0.9339840470193116,0.9090816222290324,0.9985135153191432,0.9989489813139236,57.168,58.734,1.566,1.566,2.739294710327456,2.739294710327456,0,0,1.0,18.027756377319943,1.8886669639032485,0.8384045958518982,,large,Nonfinite HD95 and/or Dice lower Tukey fence and/or HD95 upper Tukey fence; morphology requires image review
BraTS-GLI-00140-000,BraTS-GLI-00140,3,unet_baseline,heldout_with_persisted_training_manifest,0.0554780736565589,230.2529296875,MONAI_sliding_window_only_after_transfer_FP32_warmup,f67351ece0c762564abc2fda59ffa8c2c05483e5a11fecd2a545f947348fc0da,16323,4520,3628268,425,0.8684525551328776,0.7674910663908219,0.9746238356818724,0.7831406227510436,0.9987557765550866,0.999882877939798,16.748,20.843,4.095,4.095,24.450680678289945,24.450680678289945,0,0,1.0,80.31500319573865,8.20832932039285,0.7976888418197632,,medium,Nonfinite HD95 and/or Dice lower Tukey fence and/or HD95 upper Tukey fence; morphology requires image review
BraTS-GLI-00143-000,BraTS-GLI-00143,3,unet_baseline,heldout_with_persisted_training_manifest,0.0555513324216008,230.2529296875,MONAI_sliding_window_only_after_transfer_FP32_warmup,f67351ece0c762564abc2fda59ffa8c2c05483e5a11fecd2a545f947348fc0da,150631,85662,3401251,11992,0.7552015963260436,0.6066858650341341,0.92625889326848,0.637475507103469,0.975433284397976,0.9964866257691,162.623,236.293,73.67,73.67,45.30109517103977,45.30109517103977,0,0,1.0,50.7247474118896,8.710344933137307,0.6396804451942444,,large,Nonfinite HD95 and/or Dice lower Tukey fence and/or HD95 upper Tukey fence; morphology requires image review
BraTS-GLI-00149-000,BraTS-GLI-00149,3,unet_baseline,heldout_with_persisted_training_manifest,0.0554654402658343,230.2529296875,MONAI_sliding_window_only_after_transfer_FP32_warmup,f67351ece0c762564abc2fda59ffa8c2c05483e5a11fecd2a545f947348fc0da,17546,546,3624556,6888,0.8251892959601185,0.7024019215372298,0.7180977326675944,0.9698209153216892,0.9998493835483802,0.998103233865096,24.434,18.092,-6.3420000000000005,6.3420000000000005,-25.955635589751985,25.955635589751985,0,0,1.0,22.360679774997894,2.934534779120472,0.6982175707817078,,medium,Nonfinite HD95 and/or Dice lower Tukey fence and/or HD95 upper Tukey fence; morphology requires image review
BraTS-GLI-00176-000,BraTS-GLI-00176,3,unet_baseline,heldout_with_persisted_training_manifest,0.0555899553000927,230.2529296875,MONAI_sliding_window_only_after_transfer_FP32_warmup,f67351ece0c762564abc2fda59ffa8c2c05483e5a11fecd2a545f947348fc0da,119926,13971,3506293,9346,0.911399138956336,0.8372206669784911,0.927702828145306,0.8956586032547406,0.9960312635643236,0.9973415928085904,129.272,133.897,4.625,4.625,3.577727582152361,3.577727582152361,0,0,1.0,39.344631145812,3.84351848913884,0.8382598757743835,,large,Nonfinite HD95 and/or Dice lower Tukey fence and/or HD95 upper Tukey fence; morphology requires image review
BraTS-GLI-00192-000,BraTS-GLI-00192,3,unet_baseline,heldout_with_persisted_training_manifest,0.0559713784605264,238.3466796875,MONAI_sliding_window_only_after_transfer_FP32_warmup,f67351ece0c762564abc2fda59ffa8c2c05483e5a11fecd2a545f947348fc0da,33764,2050,3943540,1958,0.9439722657123686,0.8938896537117441,0.9451878394266838,0.9427598145976434,0.9994804325842268,0.9995037381846348,35.722,35.814,0.092,0.092,0.2575443704159901,0.2575443704159901,0,0,1.0,49.85980344927164,2.890122980427956,0.93010014295578,,medium,Nonfinite HD95 and/or Dice lower Tukey fence and/or HD95 upper Tukey fence; morphology requires image review
BraTS-GLI-00238-000,BraTS-GLI-00238,3,unet_baseline,heldout_with_persisted_training_manifest,0.0554805882275104,230.2529296875,MONAI_sliding_window_only_after_transfer_FP32_warmup,f67351ece0c762564abc2fda59ffa8c2c05483e5a11fecd2a545f947348fc0da,57668,8901,3582281,686,0.9232567261433042,0.8574529774737938,0.9882441649244268,0.8662891135513527,0.9975214288777344,0.9998085385659428,58.354,66.569,8.215,8.215,14.077869554786304,14.077869554786304,0,0,1.0,30.7571129984594,2.362295250808167,0.8968130350112915,,large,Nonfinite HD95 and/or Dice lower Tukey fence and/or HD95 upper Tukey fence; morphology requires image review
BraTS-GLI-00242-000,BraTS-GLI-00242,3,unet_baseline,heldout_with_persisted_training_manifest,0.0555472839623689,230.2529296875,MONAI_sliding_window_only_after_transfer_FP32_warmup,f67351ece0c762564abc2fda59ffa8c2c05483e5a11fecd2a545f947348fc0da,92756,6423,3476117,74240,0.6969550108011646,0.5348664217876934,0.5554384536156555,0.9352383064963348,0.9981556565035864,0.9790894267815884,166.996,99.179,-67.81700000000001,67.81700000000001,-40.6099547294546,40.6099547294546,0,0,1.0,48.31148931672465,12.55993344289084,0.4851091802120209,,large,Nonfinite HD95 and/or Dice lower Tukey fence and/or HD95 upper Tukey fence; morphology requires image review
BraTS-GLI-00292-000,BraTS-GLI-00292,3,unet_baseline,heldout_with_persisted_training_manifest,0.0552820125594735,239.8779296875,MONAI_sliding_window_only_after_transfer_FP32_warmup,f67351ece0c762564abc2fda59ffa8c2c05483e5a11fecd2a545f947348fc0da,25060,2136,4015475,12369,0.7755512572533849,0.6333880955389865,0.6695343183093323,0.9214590380938372,0.999468340762707,0.9969291263514676,37.429,27.196,-10.233,10.233,-27.339763285153225,27.339763285153225,0,0,1.0,12.409673645990855,2.103853490952668,0.6507048010826111,,medium,Nonfinite HD95 and/or Dice lower Tukey fence and/or HD95 upper Tukey fence; morphology requires image review
BraTS-GLI-00296-000,BraTS-GLI-00296,3,unet_baseline,heldout_with_persisted_training_manifest,0.0555557394400239,230.2529296875,MONAI_sliding_window_only_after_transfer_FP32_warmup,f67351ece0c762564abc2fda59ffa8c2c05483e5a11fecd2a545f947348fc0da,31245,4700,3611424,2167,0.9009905272719408,0.8198205289672544,0.9351430623728002,0.8692446793712616,0.9987002658094688,0.9994003195159608,33.412,35.945,2.533,2.533,7.581108583742368,7.581108583742368,0,0,1.0,45.63167339665455,3.1171009726338164,0.8404962420463562,,medium,Nonfinite HD95 and/or Dice lower Tukey fence and/or HD95 upper Tukey fence; morphology requires image review
BraTS-GLI-00314-000,BraTS-GLI-00314,3,unet_baseline,heldout_with_persisted_training_manifest,0.0554832424968481,230.2529296875,MONAI_sliding_window_only_after_transfer_FP32_warmup,f67351ece0c762564abc2fda59ffa8c2c05483e5a11fecd2a545f947348fc0da,20182,14628,3612697,2029,0.7078795531470862,0.5478433182225358,0.9086488676781774,0.5797759264579144,0.9959672761608072,0.9994386849791658,22.211,34.81,12.599,12.599,56.72414569357525,56.72414569357525,0,0,1.0,47.23557867143067,6.302861725785957,0.5990840196609497,,medium,Nonfinite HD95 and/or Dice lower Tukey fence and/or HD95 upper Tukey fence; morphology requires image review
BraTS-GLI-00431-000,BraTS-GLI-00431,3,unet_baseline,heldout_with_persisted_training_manifest,0.0554635161533951,230.2529296875,MONAI_sliding_window_only_after_transfer_FP32_warmup,f67351ece0c762564abc2fda59ffa8c2c05483e5a11fecd2a545f947348fc0da,16116,7135,3624915,1370,0.7912217394506222,0.6545631777750701,0.9216516069998856,0.6931314782159907,0.9980355446648588,0.9996222028880796,17.486,23.251,5.765,5.765,32.96923252888025,32.96923252888025,0,0,1.0,71.57513534740957,9.42103741648002,0.6558619737625122,,medium,Nonfinite HD95 and/or Dice lower Tukey fence and/or HD95 upper Tukey fence; morphology requires image review
BraTS-GLI-00468-000,BraTS-GLI-00468,3,unet_baseline,heldout_with_persisted_training_manifest,0.0554793067276477,230.2529296875,MONAI_sliding_window_only_after_transfer_FP32_warmup,f67351ece0c762564abc2fda59ffa8c2c05483e5a11fecd2a545f947348fc0da,110723,1313,3473914,63586,0.773353821439173,0.630462015009509,0.6352110332799799,0.988280552679496,0.999622182953804,0.9820251590106008,174.309,112.036,-62.273,62.273,-35.72563665674176,35.72563665674176,0,0,1.0,10.392304845413264,2.451811829895443,0.5278892517089844,,large,Nonfinite HD95 and/or Dice lower Tukey fence and/or HD95 upper Tukey fence; morphology requires image review
BraTS-GLI-00540-000,BraTS-GLI-00540,3,unet_baseline,heldout_with_persisted_training_manifest,0.055418461561203,238.3466796875,MONAI_sliding_window_only_after_transfer_FP32_warmup,f67351ece0c762564abc2fda59ffa8c2c05483e5a11fecd2a545f947348fc0da,2228,41,3968785,10258,0.3019993222636394,0.177855831404167,0.1784398526349511,0.981930365799912,0.9999896694891638,0.9974219931777566,12.486,2.269,-10.217,10.217,-81.82764696460035,81.82764696460035,0,0,1.0,12.767145334803704,4.852292838547071,0.1789228022098541,,medium,Nonfinite HD95 and/or Dice lower Tukey fence and/or HD95 upper Tukey fence; morphology requires image review
BraTS-GLI-00540-001,BraTS-GLI-00540,3,unet_baseline,heldout_with_persisted_training_manifest,0.0559496777132153,230.2529296875,MONAI_sliding_window_only_after_transfer_FP32_warmup,f67351ece0c762564abc2fda59ffa8c2c05483e5a11fecd2a545f947348fc0da,7275,1984,3639485,792,0.83977836777098,0.7238085762610685,0.9018222387504649,0.785722000216006,0.9994551649348108,0.9997824341389404,8.067,9.259,1.192,1.192,14.776248915334078,14.776248915334078,0,0,1.0,46.64220347264336,6.214588337470739,0.7730960845947266,,small,Nonfinite HD95 and/or Dice lower Tukey fence and/or HD95 upper Tukey fence; morphology requires image review
BraTS-GLI-00559-000,BraTS-GLI-00559,3,unet_baseline,heldout_with_persisted_training_manifest,0.0554915089160203,230.2529296875,MONAI_sliding_window_only_after_transfer_FP32_warmup,f67351ece0c762564abc2fda59ffa8c2c05483e5a11fecd2a545f947348fc0da,98736,601,3490102,60097,0.7648913506604176,0.6192907409962743,0.6216340433033437,0.993949887755821,0.9998278283772638,0.983072216515187,158.833,99.337,-59.496,59.496,-37.45821082520635,37.45821082520635,0,0,1.0,31.016124838541646,8.242715027997665,0.3963252902030945,,large,Nonfinite HD95 and/or Dice lower Tukey fence and/or HD95 upper Tukey fence; morphology requires image review
BraTS-GLI-00559-001,BraTS-GLI-00559,3,unet_baseline,heldout_with_persisted_training_manifest,0.0555019490420818,230.2529296875,MONAI_sliding_window_only_after_transfer_FP32_warmup,f67351ece0c762564abc2fda59ffa8c2c05483e5a11fecd2a545f947348fc0da,121539,1205,3442895,83897,0.7406849899445427,0.5881649817799952,0.5916149068322981,0.99018281952682,0.9996501263029528,0.9762115259419892,205.436,122.744,-82.69200000000001,82.69200000000001,-40.25195194610487,40.25195194610487,0,0,1.0,33.61547262794322,7.316720765990434,0.487206369638443,,large,Nonfinite HD95 and/or Dice lower Tukey fence and/or HD95 upper Tukey fence; morphology requires image review
BraTS-GLI-00630-000,BraTS-GLI-00630,3,unet_baseline,heldout_with_persisted_training_manifest,0.0553179094567894,249.5341796875,MONAI_sliding_window_only_after_transfer_FP32_warmup,f67351ece0c762564abc2fda59ffa8c2c05483e5a11fecd2a545f947348fc0da,55623,14863,4429179,5935,0.8424918966405137,0.7278496748275998,0.903586861171578,0.7891354311494481,0.9966555221575314,0.9986618156827536,61.558,70.486,8.928,8.928,14.50339517203288,14.50339517203288,0,0,1.0,27.60434748368452,2.796360447702669,0.7259383797645569,,large,Nonfinite HD95 and/or Dice lower Tukey fence and/or HD95 upper Tukey fence; morphology requires image review
BraTS-GLI-00659-000,BraTS-GLI-00659,3,unet_baseline,heldout_with_persisted_training_manifest,0.0554067082703113,238.3466796875,MONAI_sliding_window_only_after_transfer_FP32_warmup,f67351ece0c762564abc2fda59ffa8c2c05483e5a11fecd2a545f947348fc0da,28004,7226,3943993,2089,0.8574009154509131,0.7503952410300383,0.9305818628917024,0.7948907181379506,0.9981711972937972,0.9994706141433451,30.093,35.230000000000004,5.1370000000000005,5.1370000000000005,17.0704150466886,17.0704150466886,0,0,1.0,54.56189146281496,5.050517287466504,0.7854658961296082,,medium,Nonfinite HD95 and/or Dice lower Tukey fence and/or HD95 upper Tukey fence; morphology requires image review
BraTS-GLI-00705-000,BraTS-GLI-00705,3,unet_baseline,heldout_with_persisted_training_manifest,0.0552999256178736,259.9091796875,MONAI_sliding_window_only_after_transfer_FP32_warmup,f67351ece0c762564abc2fda59ffa8c2c05483e5a11fecd2a545f947348fc0da,13031,6388,4891483,4298,0.7092086644171112,0.5494371126196399,0.7519764556523746,0.6710438230598897,0.9986957598515764,0.9991221012541206,17.329,19.419,2.09,2.09,12.060707484563448,12.060707484563448,0,0,1.0,44.29446918070021,9.113391762238354,0.6007199883460999,,medium,Nonfinite HD95 and/or Dice lower Tukey fence and/or HD95 upper Tukey fence; morphology requires image review
BraTS-GLI-00757-000,BraTS-GLI-00757,3,unet_baseline,heldout_with_persisted_training_manifest,0.0554893240332603,230.2529296875,MONAI_sliding_window_only_after_transfer_FP32_warmup,f67351ece0c762564abc2fda59ffa8c2c05483e5a11fecd2a545f947348fc0da,38792,546,3581993,28205,0.7296186580147647,0.5743304265430911,0.5790110004925594,0.9861202908129544,0.9998475941224924,0.9921874091116332,66.997,39.338,-27.659,27.659,-41.283938086780005,41.283938086780005,0,0,1.0,17.0,2.8955897784106264,0.5651472806930542,,large,Nonfinite HD95 and/or Dice lower Tukey fence and/or HD95 upper Tukey fence; morphology requires image review
BraTS-GLI-01035-000,BraTS-GLI-01035,3,unet_baseline,heldout_with_persisted_training_manifest,0.0552020901814103,222.3466796875,MONAI_sliding_window_only_after_transfer_FP32_warmup,f67351ece0c762564abc2fda59ffa8c2c05483e5a11fecd2a545f947348fc0da,71,35,3313980,3674,0.036873539340431,0.0187830687830687,0.0189586114819759,0.6698113207547169,0.999989438792522,0.998892590969402,3.745,0.106,-3.639,3.639,-97.16955941255009,97.16955941255009,0,0,1.0,68.16814742546232,9.116955422900569,0.0036950916983187,,small,Nonfinite HD95 and/or Dice lower Tukey fence and/or HD95 upper Tukey fence; morphology requires image review
BraTS-GLI-01075-000,BraTS-GLI-01075,3,unet_baseline,heldout_with_persisted_training_manifest,0.0280500762164592,221.1591796875,MONAI_sliding_window_only_after_transfer_FP32_warmup,f67351ece0c762564abc2fda59ffa8c2c05483e5a11fecd2a545f947348fc0da,78235,4191,3099131,62475,0.7012315359242793,0.5399203594178094,0.5560017056357046,0.9491543930313252,0.9986495117167988,0.9802394732297446,140.71,82.426,-58.284,58.284,-41.42136308720063,41.42136308720063,0,0,1.0,23.345235059857504,4.6461580222284296,0.4853410124778747,,large,Nonfinite HD95 and/or Dice lower Tukey fence and/or HD95 upper Tukey fence; morphology requires image review
BraTS-GLI-01089-000,BraTS-GLI-01089,3,unet_baseline,heldout_with_persisted_training_manifest,0.0554366549476981,230.2529296875,MONAI_sliding_window_only_after_transfer_FP32_warmup,f67351ece0c762564abc2fda59ffa8c2c05483e5a11fecd2a545f947348fc0da,146624,5060,3480826,17026,0.929959978942962,0.8690889692371525,0.8959608921478766,0.966641175074497,0.9985484321633008,0.9951324412811062,163.65,151.684,-11.966,11.966,-7.311946226703331,7.311946226703331,0,0,1.0,41.04570589200229,2.5597059830973934,0.8744978904724121,,large,Nonfinite HD95 and/or Dice lower Tukey fence and/or HD95 upper Tukey fence; morphology requires image review
BraTS-GLI-01091-000,BraTS-GLI-01091,3,unet_baseline,heldout_with_persisted_training_manifest,0.0554726431146264,230.2529296875,MONAI_sliding_window_only_after_transfer_FP32_warmup,f67351ece0c762564abc2fda59ffa8c2c05483e5a11fecd2a545f947348fc0da,1396,34,3642712,5394,0.3396593673965937,0.2045720984759671,0.2055964653902798,0.9762237762237762,0.9999906663818998,0.9985214245419404,6.79,1.43,-5.36,5.36,-78.93961708394698,78.93961708394698,0,0,1.0,10.75637231841738,4.166660403596852,0.303844690322876,,small,Nonfinite HD95 and/or Dice lower Tukey fence and/or HD95 upper Tukey fence; morphology requires image review
BraTS-GLI-01108-000,BraTS-GLI-01108,3,unet_baseline,heldout_with_persisted_training_manifest,0.0554803265258669,230.2529296875,MONAI_sliding_window_only_after_transfer_FP32_warmup,f67351ece0c762564abc2fda59ffa8c2c05483e5a11fecd2a545f947348fc0da,6880,2052,3640016,588,0.8390243902439024,0.7226890756302521,0.9212640599892876,0.7702642185400806,0.9994365838309444,0.9998384883387482,7.468,8.932,1.464,1.464,19.603642206748795,19.603642206748795,0,0,1.0,70.00714249274856,7.3584319309941,0.7404082417488098,,small,Nonfinite HD95 and/or Dice lower Tukey fence and/or HD95 upper Tukey fence; morphology requires image review
BraTS-GLI-01110-000,BraTS-GLI-01110,3,unet_baseline,heldout_with_persisted_training_manifest,0.0551968999207019,222.3466796875,MONAI_sliding_window_only_after_transfer_FP32_warmup,f67351ece0c762564abc2fda59ffa8c2c05483e5a11fecd2a545f947348fc0da,27091,4534,3271010,15125,0.7337657940710446,0.5794866310160428,0.6417235171498957,0.8566324110671937,0.9986158024438078,0.9953973284725064,42.216,31.625,-10.591,10.591,-25.087644494978207,25.087644494978207,0,0,1.0,13.038404810405298,2.7625682992777065,0.553001344203949,,medium,Nonfinite HD95 and/or Dice lower Tukey fence and/or HD95 upper Tukey fence; morphology requires image review
BraTS-GLI-01179-000,BraTS-GLI-01179,3,unet_baseline,heldout_with_persisted_training_manifest,0.0554406130686402,230.2529296875,MONAI_sliding_window_only_after_transfer_FP32_warmup,f67351ece0c762564abc2fda59ffa8c2c05483e5a11fecd2a545f947348fc0da,67464,4271,3539951,37850,0.7620941095402968,0.6156317014189898,0.6405985908806047,0.9404614205060292,0.9987949400460806,0.989420876119158,105.314,71.735,-33.579,33.579,-31.884649714188047,31.884649714188047,0,0,1.0,7.810249675906654,2.7972027488356224,0.3516800701618194,,large,Nonfinite HD95 and/or Dice lower Tukey fence and/or HD95 upper Tukey fence; morphology requires image review
BraTS-GLI-01240-000,BraTS-GLI-01240,3,unet_baseline,heldout_with_persisted_training_manifest,0.0558431046083569,230.2529296875,MONAI_sliding_window_only_after_transfer_FP32_warmup,f67351ece0c762564abc2fda59ffa8c2c05483e5a11fecd2a545f947348fc0da,12213,986,3612208,24129,0.4930461637835328,0.3271806686669524,0.3360574541852402,0.9252973710129556,0.9997271112483858,0.9933644763947896,36.342,13.199,-23.143,23.143,-63.68114027846569,63.68114027846569,0,0,1.0,18.138357147217054,6.177693717968217,0.2470204532146453,,medium,Nonfinite HD95 and/or Dice lower Tukey fence and/or HD95 upper Tukey fence; morphology requires image review
BraTS-GLI-01279-000,BraTS-GLI-01279,3,unet_baseline,heldout_with_persisted_training_manifest,0.0554766105487942,222.3466796875,MONAI_sliding_window_only_after_transfer_FP32_warmup,f67351ece0c762564abc2fda59ffa8c2c05483e5a11fecd2a545f947348fc0da,10808,1581,3300461,4910,0.7690610879851995,0.6247759986126366,0.6876192899860033,0.8723867947372669,0.9995212053632268,0.998514538912576,15.718,12.389,-3.329,3.329,-21.179539381600712,21.179539381600712,0,0,1.0,43.09001237849101,3.240929846005273,0.679612934589386,,medium,Nonfinite HD95 and/or Dice lower Tukey fence and/or HD95 upper Tukey fence; morphology requires image review
BraTS-GLI-01295-000,BraTS-GLI-01295,3,unet_baseline,heldout_with_persisted_training_manifest,0.0554878311231732,230.2529296875,MONAI_sliding_window_only_after_transfer_FP32_warmup,f67351ece0c762564abc2fda59ffa8c2c05483e5a11fecd2a545f947348fc0da,36344,6900,3603952,2340,0.8872180451127819,0.7972972972972973,0.9395098748836728,0.8404402922948848,0.9980890936543508,0.9993511340734472,38.684,43.244,4.5600000000000005,4.5600000000000005,11.787819253438114,11.787819253438114,0,0,1.0,42.40283009422838,5.078210495907219,0.8000861406326294,,medium,Nonfinite HD95 and/or Dice lower Tukey fence and/or HD95 upper Tukey fence; morphology requires image review
BraTS-GLI-01338-000,BraTS-GLI-01338,3,unet_baseline,heldout_with_persisted_training_manifest,0.0557999731972813,230.2529296875,MONAI_sliding_window_only_after_transfer_FP32_warmup,f67351ece0c762564abc2fda59ffa8c2c05483e5a11fecd2a545f947348fc0da,87353,3701,3548270,10212,0.9262375476489644,0.8626093654336104,0.8953313175831497,0.9593537900586464,0.9989580432948356,0.997130236994314,97.565,91.054,-6.511,6.511,-6.673499718136627,6.673499718136627,0,0,1.0,29.154759474226505,1.834079044161425,0.8569775819778442,,large,Nonfinite HD95 and/or Dice lower Tukey fence and/or HD95 upper Tukey fence; morphology requires image review
BraTS-GLI-01469-000,BraTS-GLI-01469,3,unet_baseline,heldout_with_persisted_training_manifest,0.0554934330284595,230.2529296875,MONAI_sliding_window_only_after_transfer_FP32_warmup,f67351ece0c762564abc2fda59ffa8c2c05483e5a11fecd2a545f947348fc0da,30478,730,3596090,22238,0.7263238167866165,0.5702578303334207,0.5781546399575082,0.9766085619072032,0.9997970429434888,0.993854067403508,52.716,31.208,-21.508,21.508,-40.799757189468096,40.799757189468096,0,0,1.0,20.248456731316587,3.391514904967111,0.5510932207107544,,large,Nonfinite HD95 and/or Dice lower Tukey fence and/or HD95 upper Tukey fence; morphology requires image review
BraTS-GLI-01472-000,BraTS-GLI-01472,3,unet_baseline,heldout_with_persisted_training_manifest,0.0554792946204543,230.2529296875,MONAI_sliding_window_only_after_transfer_FP32_warmup,f67351ece0c762564abc2fda59ffa8c2c05483e5a11fecd2a545f947348fc0da,54342,11600,3582978,616,0.8989578163771712,0.8164608311547823,0.9887914407365624,0.8240878347638834,0.996772917432867,0.9998281055275792,54.958,65.94200000000001,10.984,10.984,19.9861712580516,19.9861712580516,0,0,1.0,37.1113185695545,2.4344277933064347,0.7622580528259277,,large,Nonfinite HD95 and/or Dice lower Tukey fence and/or HD95 upper Tukey fence; morphology requires image review
BraTS-GLI-01508-000,BraTS-GLI-01508,3,unet_baseline,heldout_with_persisted_training_manifest,0.0554373953491449,230.2529296875,MONAI_sliding_window_only_after_transfer_FP32_warmup,f67351ece0c762564abc2fda59ffa8c2c05483e5a11fecd2a545f947348fc0da,22597,1594,3612091,13254,0.7527064388261551,0.6034717585792496,0.6303031993528772,0.9341077260138068,0.999558899018592,0.9963440720814156,35.851,24.191,-11.66,11.66,-32.52350004183984,32.52350004183984,0,0,1.0,13.45362404707371,2.815249252864299,0.5567075610160828,,medium,Nonfinite HD95 and/or Dice lower Tukey fence and/or HD95 upper Tukey fence; morphology requires image review
BraTS-GLI-00084-000,BraTS-GLI-00084,4,unet_baseline,heldout_with_persisted_training_manifest,0.0173874776810407,212.4091796875,MONAI_sliding_window_only_after_transfer_FP32_warmup,f67351ece0c762564abc2fda59ffa8c2c05483e5a11fecd2a545f947348fc0da,63397,11181,2805333,3673,0.8951344177115103,0.8101749498408966,0.9452363202624124,0.8500764300463943,0.9960301990332732,0.9986924200233108,67.07000000000001,74.578,7.508,7.508,11.194274638437454,11.194274638437454,0,0,1.0,18.603761314984123,1.8175487808825064,0.7798250317573547,,large,Nonfinite HD95 and/or Dice lower Tukey fence and/or HD95 upper Tukey fence; morphology requires image review
BraTS-GLI-00098-000,BraTS-GLI-00098,4,unet_baseline,heldout_with_persisted_training_manifest,0.0584683259949088,230.2529296875,MONAI_sliding_window_only_after_transfer_FP32_warmup,f67351ece0c762564abc2fda59ffa8c2c05483e5a11fecd2a545f947348fc0da,28487,4231,3579136,37682,0.5761525781953138,0.4046448863636364,0.430518823013798,0.8706828045724067,0.9988192669073528,0.9895814497715948,66.169,32.718,-33.451,33.451,-50.55388474965618,50.55388474965618,0,0,1.0,36.88969939409255,4.625537491865779,0.4733093678951263,,large,Nonfinite HD95 and/or Dice lower Tukey fence and/or HD95 upper Tukey fence; morphology requires image review
BraTS-GLI-00239-000,BraTS-GLI-00239,4,unet_baseline,heldout_with_persisted_training_manifest,0.0590356905013322,238.3466796875,MONAI_sliding_window_only_after_transfer_FP32_warmup,f67351ece0c762564abc2fda59ffa8c2c05483e5a11fecd2a545f947348fc0da,61617,9560,3903089,7046,0.88125,0.7877094972067039,0.8973828699590755,0.8656869494359133,0.9975566425713116,0.998198016181027,68.663,71.177,2.514,2.514,3.661360558088053,3.661360558088053,0,0,1.0,44.54828678377286,3.274780546350992,0.7942386865615845,,large,Nonfinite HD95 and/or Dice lower Tukey fence and/or HD95 upper Tukey fence; morphology requires image review
BraTS-GLI-00270-000,BraTS-GLI-00270,4,unet_baseline,heldout_with_persisted_training_manifest,0.0315266977995634,214.6591796875,MONAI_sliding_window_only_after_transfer_FP32_warmup,f67351ece0c762564abc2fda59ffa8c2c05483e5a11fecd2a545f947348fc0da,22271,2061,2898361,26427,0.6099137340818842,0.4387596288342954,0.4573288430736375,0.9152967285878678,0.9992894137473788,0.9909644733225108,48.698,24.332,-24.366,24.366,-50.03490903117172,50.03490903117172,0,0,1.0,23.366642891095847,5.602431275327296,0.503913938999176,,medium,Nonfinite HD95 and/or Dice lower Tukey fence and/or HD95 upper Tukey fence; morphology requires image review
BraTS-GLI-00419-000,BraTS-GLI-00419,4,unet_baseline,heldout_with_persisted_training_manifest,0.0586222475394606,230.2529296875,MONAI_sliding_window_only_after_transfer_FP32_warmup,f67351ece0c762564abc2fda59ffa8c2c05483e5a11fecd2a545f947348fc0da,20737,3941,3613405,11453,0.7293029471759161,0.5739392765215466,0.644206275240758,0.8403031039792528,0.9989105272207855,0.9968404279560744,32.19,24.678,-7.512,7.512,-23.336439888164023,23.336439888164023,0,0,1.0,14.352700094407323,2.9126190112019867,0.5719832181930542,,medium,Nonfinite HD95 and/or Dice lower Tukey fence and/or HD95 upper Tukey fence; morphology requires image review
BraTS-GLI-00425-000,BraTS-GLI-00425,4,unet_baseline,heldout_with_persisted_training_manifest,0.0598232829943299,248.1591796875,MONAI_sliding_window_only_after_transfer_FP32_warmup,f67351ece0c762564abc2fda59ffa8c2c05483e5a11fecd2a545f947348fc0da,25541,4564,4393340,235,0.9141210787208532,0.8418259723137772,0.990882991930478,0.8483972761999667,0.9989622329182264,0.999946512805631,25.776,30.105,4.329,4.329,16.794692737430168,16.794692737430168,0,0,1.0,62.15384040966333,4.252148770792751,0.8189690709114075,,medium,Nonfinite HD95 and/or Dice lower Tukey fence and/or HD95 upper Tukey fence; morphology requires image review
BraTS-GLI-00493-000,BraTS-GLI-00493,4,unet_baseline,heldout_with_persisted_training_manifest,0.0590184489265084,230.2529296875,MONAI_sliding_window_only_after_transfer_FP32_warmup,f67351ece0c762564abc2fda59ffa8c2c05483e5a11fecd2a545f947348fc0da,1392,57956,3557129,33059,0.0296804869987952,0.0150637938684298,0.0404052132013584,0.0234548763227067,0.9839682884358184,0.9907918471121848,34.451,59.348,24.897,24.897,72.26785869786073,72.26785869786073,0,0,1.0,44.56455991031439,23.18526137649128,0.0085872747004032,,medium,Nonfinite HD95 and/or Dice lower Tukey fence and/or HD95 upper Tukey fence; morphology requires image review
BraTS-GLI-00494-000,BraTS-GLI-00494,4,unet_baseline,heldout_with_persisted_training_manifest,0.0584283005446195,230.2529296875,MONAI_sliding_window_only_after_transfer_FP32_warmup,f67351ece0c762564abc2fda59ffa8c2c05483e5a11fecd2a545f947348fc0da,96842,1261,3473925,77508,0.7108895846256051,0.5514574827317196,0.5554459420705478,0.9871461627065432,0.9996371417242128,0.978175570255725,174.35,98.103,-76.247,76.247,-43.73214797820476,43.73214797820476,0,0,1.0,26.30589287593181,5.146760793205285,0.4984924793243408,,large,Nonfinite HD95 and/or Dice lower Tukey fence and/or HD95 upper Tukey fence; morphology requires image review
BraTS-GLI-00496-000,BraTS-GLI-00496,4,unet_baseline,heldout_with_persisted_training_manifest,0.0584598192945122,238.3466796875,MONAI_sliding_window_only_after_transfer_FP32_warmup,f67351ece0c762564abc2fda59ffa8c2c05483e5a11fecd2a545f947348fc0da,30053,1316,3934468,15475,0.7816429769691926,0.6415549483391683,0.6600992795642242,0.9580477541521883,0.9996656320570436,0.9960822219459876,45.528,31.369,-14.159,14.159,-31.099543138288524,31.099543138288524,0,0,1.0,9.060889982238123,1.8375608901273013,0.6580113768577576,,medium,Nonfinite HD95 and/or Dice lower Tukey fence and/or HD95 upper Tukey fence; morphology requires image review
BraTS-GLI-00501-000,BraTS-GLI-00501,4,unet_baseline,heldout_with_persisted_training_manifest,0.0589063363149762,230.2529296875,MONAI_sliding_window_only_after_transfer_FP32_warmup,f67351ece0c762564abc2fda59ffa8c2c05483e5a11fecd2a545f947348fc0da,122575,1260,3454126,71575,0.7709483151720993,0.6272708663835014,0.6313417460726243,0.9898251705898978,0.9996353518825392,0.9796990726099576,194.15,123.835,-70.315,70.315,-36.216842647437545,36.216842647437545,0,0,1.0,15.556349186104043,3.5878028775368143,0.4791871905326843,,large,Nonfinite HD95 and/or Dice lower Tukey fence and/or HD95 upper Tukey fence; morphology requires image review
BraTS-GLI-00502-000,BraTS-GLI-00502,4,unet_baseline,heldout_with_persisted_training_manifest,0.0584412850439548,230.2529296875,MONAI_sliding_window_only_after_transfer_FP32_warmup,f67351ece0c762564abc2fda59ffa8c2c05483e5a11fecd2a545f947348fc0da,43848,176,3553813,51699,0.628325368450466,0.4580717277979169,0.4589155075512575,0.996002180628748,0.999950478180996,0.9856611210834966,95.547,44.024,-51.523,51.523,-53.92424670580971,53.92424670580971,0,0,1.0,9.797958971132712,3.7819202763171527,0.2264000177383422,,large,Nonfinite HD95 and/or Dice lower Tukey fence and/or HD95 upper Tukey fence; morphology requires image review
BraTS-GLI-00514-000,BraTS-GLI-00514,4,unet_baseline,heldout_with_persisted_training_manifest,0.0590552482753992,230.2529296875,MONAI_sliding_window_only_after_transfer_FP32_warmup,f67351ece0c762564abc2fda59ffa8c2c05483e5a11fecd2a545f947348fc0da,30573,6925,3602261,9777,0.7854537046552256,0.6467054468535166,0.7576951672862453,0.8153234839191423,0.9980812848104808,0.997293217845438,40.35,37.498,-2.852,2.852,-7.068153655514251,7.068153655514251,0,0,1.0,45.86937976471886,5.628052793655692,0.6759271025657654,,medium,Nonfinite HD95 and/or Dice lower Tukey fence and/or HD95 upper Tukey fence; morphology requires image review
BraTS-GLI-00518-000,BraTS-GLI-00518,4,unet_baseline,heldout_with_persisted_training_manifest,0.0588817298412323,238.3466796875,MONAI_sliding_window_only_after_transfer_FP32_warmup,f67351ece0c762564abc2fda59ffa8c2c05483e5a11fecd2a545f947348fc0da,53377,3432,3921565,2938,0.9436901099678228,0.8933837682226723,0.9478291751753528,0.939587037265222,0.9991256044272137,0.9992513701734972,56.315,56.809000000000005,0.494,0.494,0.8772085589984906,0.8772085589984906,0,0,1.0,28.42534080710379,1.7980172170010265,0.9192736148834229,,large,Nonfinite HD95 and/or Dice lower Tukey fence and/or HD95 upper Tukey fence; morphology requires image review
BraTS-GLI-00588-000,BraTS-GLI-00588,4,unet_baseline,heldout_with_persisted_training_manifest,0.0583154764026403,230.7841796875,MONAI_sliding_window_only_after_transfer_FP32_warmup,f67351ece0c762564abc2fda59ffa8c2c05483e5a11fecd2a545f947348fc0da,76394,8289,3582323,19394,0.8466069340780513,0.7340142394573249,0.7975320499436255,0.9021173080783628,0.9976914798925642,0.994615345958608,95.788,84.683,-11.105,11.105,-11.593310226750742,11.593310226750742,0,0,1.0,20.32240143290157,2.5449669541223034,0.750221312046051,,large,Nonfinite HD95 and/or Dice lower Tukey fence and/or HD95 upper Tukey fence; morphology requires image review
BraTS-GLI-00604-000,BraTS-GLI-00604,4,unet_baseline,heldout_with_persisted_training_manifest,0.058710821904242,248.1591796875,MONAI_sliding_window_only_after_transfer_FP32_warmup,f67351ece0c762564abc2fda59ffa8c2c05483e5a11fecd2a545f947348fc0da,146062,9876,4264018,3724,0.9555154322199108,0.9148200573711966,0.9751378633517152,0.93666713693904,0.9976892267332788,0.9991274074205986,149.786,155.93800000000002,6.152,6.152,4.107192928578105,4.107192928578105,0,0,1.0,70.00714249274856,6.077494569133979,0.8831377029418945,,large,Nonfinite HD95 and/or Dice lower Tukey fence and/or HD95 upper Tukey fence; morphology requires image review
BraTS-GLI-00607-000,BraTS-GLI-00607,4,unet_baseline,heldout_with_persisted_training_manifest,0.0585768967866897,230.2529296875,MONAI_sliding_window_only_after_transfer_FP32_warmup,f67351ece0c762564abc2fda59ffa8c2c05483e5a11fecd2a545f947348fc0da,66334,12068,3546340,24794,0.7825635580723176,0.642796232412109,0.727921165832675,0.8460753552205301,0.9966085957540564,0.9930571073502142,91.128,78.402,-12.726,12.726,-13.964972346589413,13.964972346589413,0,0,1.0,11.467324217667828,2.1273403356690825,0.6850177645683289,,large,Nonfinite HD95 and/or Dice lower Tukey fence and/or HD95 upper Tukey fence; morphology requires image review
BraTS-GLI-00607-001,BraTS-GLI-00607,4,unet_baseline,heldout_with_persisted_training_manifest,0.0585681907832622,239.8779296875,MONAI_sliding_window_only_after_transfer_FP32_warmup,f67351ece0c762564abc2fda59ffa8c2c05483e5a11fecd2a545f947348fc0da,66974,3581,3953754,30731,0.7960774991085225,0.6612364986276484,0.6854715725909626,0.9492452696477924,0.9990950980900024,0.9922873344986868,97.705,70.555,-27.15,27.15,-27.78772836599969,27.78772836599969,0,0,1.0,19.87460691435179,3.55044795405266,0.6638027429580688,,large,Nonfinite HD95 and/or Dice lower Tukey fence and/or HD95 upper Tukey fence; morphology requires image review
BraTS-GLI-00618-000,BraTS-GLI-00618,4,unet_baseline,heldout_with_persisted_training_manifest,0.0590297663584351,239.8779296875,MONAI_sliding_window_only_after_transfer_FP32_warmup,f67351ece0c762564abc2fda59ffa8c2c05483e5a11fecd2a545f947348fc0da,99663,6801,3946874,1702,0.959086556736548,0.9213893460052142,0.9832091944951412,0.9361192515779982,0.9982798282610482,0.9995689585308728,101.365,106.464,5.099,5.099,5.030335914763478,5.030335914763478,0,0,1.0,45.4972526643093,1.9348836909690728,0.9367917776107788,,large,Nonfinite HD95 and/or Dice lower Tukey fence and/or HD95 upper Tukey fence; morphology requires image review
BraTS-GLI-00642-000,BraTS-GLI-00642,4,unet_baseline,heldout_with_persisted_training_manifest,0.0585098611190915,230.2529296875,MONAI_sliding_window_only_after_transfer_FP32_warmup,f67351ece0c762564abc2fda59ffa8c2c05483e5a11fecd2a545f947348fc0da,13046,1674,3628324,6492,0.7616323194582287,0.6150292287384499,0.6677244344354591,0.8862771739130435,0.9995388427211256,0.9982139398528014,19.538,14.72,-4.8180000000000005,4.8180000000000005,-24.659637629235338,24.659637629235338,0,0,1.0,6.082762530298219,1.6316686520124055,0.7302259802818298,,medium,Nonfinite HD95 and/or Dice lower Tukey fence and/or HD95 upper Tukey fence; morphology requires image review
BraTS-GLI-00656-000,BraTS-GLI-00656,4,unet_baseline,heldout_with_persisted_training_manifest,0.0584308514371514,230.2529296875,MONAI_sliding_window_only_after_transfer_FP32_warmup,f67351ece0c762564abc2fda59ffa8c2c05483e5a11fecd2a545f947348fc0da,119172,7861,3516132,6371,0.943652603572786,0.8933165422326167,0.9492524473686308,0.9381184416647644,0.9977692918232244,0.998191342917238,125.543,127.033,1.49,1.49,1.186844348151629,1.186844348151629,0,0,1.0,47.18050444834179,4.250722958540204,0.7762619853019714,,large,Nonfinite HD95 and/or Dice lower Tukey fence and/or HD95 upper Tukey fence; morphology requires image review
BraTS-GLI-00676-000,BraTS-GLI-00676,4,unet_baseline,heldout_with_persisted_training_manifest,0.0588409081101417,239.8779296875,MONAI_sliding_window_only_after_transfer_FP32_warmup,f67351ece0c762564abc2fda59ffa8c2c05483e5a11fecd2a545f947348fc0da,63516,8766,3970271,12487,0.8566746467950231,0.749283346506388,0.8357038537952449,0.8787249937743836,0.9977969543887126,0.9968647354421232,76.003,72.282,-3.721,3.721,-4.89585937397208,4.89585937397208,0,0,1.0,25.099800796022265,3.2333634370910818,0.6962700486183167,,large,Nonfinite HD95 and/or Dice lower Tukey fence and/or HD95 upper Tukey fence; morphology requires image review
BraTS-GLI-00676-001,BraTS-GLI-00676,4,unet_baseline,heldout_with_persisted_training_manifest,0.0586307281628251,230.2529296875,MONAI_sliding_window_only_after_transfer_FP32_warmup,f67351ece0c762564abc2fda59ffa8c2c05483e5a11fecd2a545f947348fc0da,58330,5820,3582159,3227,0.9280310563453108,0.8657256927438146,0.9475770424159722,0.9092751363990648,0.9983779169276076,0.9990999574383344,61.557,64.15,2.593,2.593,4.212356027746641,4.212356027746641,0,0,1.0,46.04345773288535,5.148091572170594,0.7912876605987549,,large,Nonfinite HD95 and/or Dice lower Tukey fence and/or HD95 upper Tukey fence; morphology requires image review
BraTS-GLI-00685-001,BraTS-GLI-00685,4,unet_baseline,heldout_with_persisted_training_manifest,0.0584400780498981,230.2529296875,MONAI_sliding_window_only_after_transfer_FP32_warmup,f67351ece0c762564abc2fda59ffa8c2c05483e5a11fecd2a545f947348fc0da,78686,5461,3530019,35370,0.7939940364172087,0.6583665922002727,0.689889177246265,0.9351016673202848,0.9984553723963931,0.9900796238503008,114.056,84.147,-29.909,29.909,-26.223083397629235,26.223083397629235,0,0,1.0,27.09243436828813,3.9433344199936,0.7388022541999817,,large,Nonfinite HD95 and/or Dice lower Tukey fence and/or HD95 upper Tukey fence; morphology requires image review
BraTS-GLI-00697-000,BraTS-GLI-00697,4,unet_baseline,heldout_with_persisted_training_manifest,0.0587822766974568,230.7841796875,MONAI_sliding_window_only_after_transfer_FP32_warmup,f67351ece0c762564abc2fda59ffa8c2c05483e5a11fecd2a545f947348fc0da,94650,6972,3539688,45090,0.7842991025927859,0.645141501717651,0.6773293258909403,0.9313928086437976,0.9980342068312158,0.9874218152421154,139.74,101.622,-38.118,38.118,-27.277801631601545,27.277801631601545,0,0,1.0,12.16552506059644,2.285399707650749,0.6661984324455261,,large,Nonfinite HD95 and/or Dice lower Tukey fence and/or HD95 upper Tukey fence; morphology requires image review
BraTS-GLI-00735-001,BraTS-GLI-00735,4,unet_baseline,heldout_with_persisted_training_manifest,0.0583701161667704,238.3466796875,MONAI_sliding_window_only_after_transfer_FP32_warmup,f67351ece0c762564abc2fda59ffa8c2c05483e5a11fecd2a545f947348fc0da,10627,2198,3945554,22933,0.4582084725665624,0.2971922367022764,0.3166567342073897,0.8286159844054581,0.9994432274367792,0.99422122335288,33.56,12.825,-20.735,20.735,-61.784862932061976,61.784862932061976,0,0,1.0,57.43692192309752,6.7716472809014565,0.2800031900405884,,medium,Nonfinite HD95 and/or Dice lower Tukey fence and/or HD95 upper Tukey fence; morphology requires image review
BraTS-GLI-00781-000,BraTS-GLI-00781,4,unet_baseline,heldout_with_persisted_training_manifest,0.0587785001844167,239.8779296875,MONAI_sliding_window_only_after_transfer_FP32_warmup,f67351ece0c762564abc2fda59ffa8c2c05483e5a11fecd2a545f947348fc0da,123200,12398,3915584,3858,0.9381091617933724,0.8834327673244607,0.969635914306852,0.9085679729789524,0.9968436718905536,0.9990156762110524,127.058,135.598,8.540000000000001,8.540000000000001,6.721339860536133,6.721339860536133,0,0,1.0,37.416573867739416,2.104343011272096,0.857299268245697,,large,Nonfinite HD95 and/or Dice lower Tukey fence and/or HD95 upper Tukey fence; morphology requires image review
BraTS-GLI-00837-000,BraTS-GLI-00837,4,unet_baseline,heldout_with_persisted_training_manifest,0.058958881534636,230.2529296875,MONAI_sliding_window_only_after_transfer_FP32_warmup,f67351ece0c762564abc2fda59ffa8c2c05483e5a11fecd2a545f947348fc0da,18852,2064,3622776,5844,0.826624572480926,0.7044843049327354,0.7633624878522838,0.9013195639701664,0.9994305955573212,0.9983894703771682,24.696,20.916,-3.78,3.78,-15.306122448979592,15.306122448979592,0,0,1.0,26.487731395289096,4.881040730067897,0.7267937660217285,,medium,Nonfinite HD95 and/or Dice lower Tukey fence and/or HD95 upper Tukey fence; morphology requires image review
BraTS-GLI-01064-000,BraTS-GLI-01064,4,unet_baseline,heldout_with_persisted_training_manifest,0.0587425613775849,230.2529296875,MONAI_sliding_window_only_after_transfer_FP32_warmup,f67351ece0c762564abc2fda59ffa8c2c05483e5a11fecd2a545f947348fc0da,23469,9954,3606064,10049,0.7011846252670262,0.5398647405226352,0.7001909421803211,0.7021811327528947,0.9972472482161316,0.997221049231592,33.518,33.423,-0.095,0.095,-0.2834297989140164,0.2834297989140164,0,0,1.0,11.224972160321824,2.036358125698238,0.6604682207107544,,medium,Nonfinite HD95 and/or Dice lower Tukey fence and/or HD95 upper Tukey fence; morphology requires image review
BraTS-GLI-01070-000,BraTS-GLI-01070,4,unet_baseline,heldout_with_persisted_training_manifest,0.0584928896278142,238.3466796875,MONAI_sliding_window_only_after_transfer_FP32_warmup,f67351ece0c762564abc2fda59ffa8c2c05483e5a11fecd2a545f947348fc0da,112785,5147,3826881,36499,0.8441485539788036,0.7303261650834353,0.7555062833257415,0.956356205270834,0.998656846975022,0.990552573135441,149.284,117.932,-31.352,31.352,-21.001580879397657,21.001580879397657,0,0,1.0,19.849433241279208,2.4700929896822355,0.7307303547859192,,large,Nonfinite HD95 and/or Dice lower Tukey fence and/or HD95 upper Tukey fence; morphology requires image review
BraTS-GLI-01149-000,BraTS-GLI-01149,4,unet_baseline,heldout_with_persisted_training_manifest,0.0584508087486028,230.2529296875,MONAI_sliding_window_only_after_transfer_FP32_warmup,f67351ece0c762564abc2fda59ffa8c2c05483e5a11fecd2a545f947348fc0da,15103,459,3627664,6310,0.8169303583502366,0.6905175566934894,0.7053191986176621,0.9705050764683204,0.9998734883023536,0.9982636089306088,21.413,15.562,-5.851,5.851,-27.324522486340072,27.324522486340072,0,0,1.0,33.38787141973532,2.879452048905893,0.7204543948173523,,medium,Nonfinite HD95 and/or Dice lower Tukey fence and/or HD95 upper Tukey fence; morphology requires image review
BraTS-GLI-01184-000,BraTS-GLI-01184,4,unet_baseline,heldout_with_persisted_training_manifest,0.0172447459772229,206.4091796875,MONAI_sliding_window_only_after_transfer_FP32_warmup,f67351ece0c762564abc2fda59ffa8c2c05483e5a11fecd2a545f947348fc0da,22715,3117,2585801,9807,0.7785241800047983,0.6373635623895171,0.6984502798105897,0.879335707649427,0.998796022121983,0.9962216944931592,32.522,25.832,-6.69,6.69,-20.570690609433612,20.570690609433612,0,0,1.0,39.96811180513291,4.328578666644207,0.4859599769115448,,medium,Nonfinite HD95 and/or Dice lower Tukey fence and/or HD95 upper Tukey fence; morphology requires image review
BraTS-GLI-01204-000,BraTS-GLI-01204,4,unet_baseline,heldout_with_persisted_training_manifest,0.0312036946415901,221.1591796875,MONAI_sliding_window_only_after_transfer_FP32_warmup,f67351ece0c762564abc2fda59ffa8c2c05483e5a11fecd2a545f947348fc0da,27457,17875,3196350,2350,0.7308321910060022,0.5758357451449184,0.9211594591874392,0.6056869319685874,0.9944387838436948,0.9992653265389064,29.807,45.332,15.525,15.525,52.08508068574496,52.08508068574496,0,0,1.0,7.280109889280518,2.091635218049656,0.5436643362045288,,medium,Nonfinite HD95 and/or Dice lower Tukey fence and/or HD95 upper Tukey fence; morphology requires image review
BraTS-GLI-01212-000,BraTS-GLI-01212,4,unet_baseline,heldout_with_persisted_training_manifest,0.0588855724781751,238.3466796875,MONAI_sliding_window_only_after_transfer_FP32_warmup,f67351ece0c762564abc2fda59ffa8c2c05483e5a11fecd2a545f947348fc0da,25578,3379,3945882,6473,0.8385129819040126,0.721930567315834,0.7980406227574802,0.883309735124495,0.9991443968884304,0.9983622422580968,32.051,28.957,-3.094,3.094,-9.653364949611555,9.653364949611555,0,0,1.0,19.949937343260004,2.9735565725193798,0.6555564999580383,,medium,Nonfinite HD95 and/or Dice lower Tukey fence and/or HD95 upper Tukey fence; morphology requires image review
BraTS-GLI-01218-000,BraTS-GLI-01218,4,unet_baseline,heldout_with_persisted_training_manifest,0.058950325474143,230.2529296875,MONAI_sliding_window_only_after_transfer_FP32_warmup,f67351ece0c762564abc2fda59ffa8c2c05483e5a11fecd2a545f947348fc0da,42433,28134,3576284,2685,0.7335955396118771,0.5792742860263201,0.940489383394654,0.6013150622812363,0.992194578986122,0.9992497839461588,45.118,70.56700000000001,25.449,25.449,56.40542577241899,56.40542577241899,0,0,1.0,6.708203932499369,2.055610922815341,0.564680278301239,,medium,Nonfinite HD95 and/or Dice lower Tukey fence and/or HD95 upper Tukey fence; morphology requires image review
BraTS-GLI-01255-000,BraTS-GLI-01255,4,unet_baseline,heldout_with_persisted_training_manifest,0.0584382647648453,230.2529296875,MONAI_sliding_window_only_after_transfer_FP32_warmup,f67351ece0c762564abc2fda59ffa8c2c05483e5a11fecd2a545f947348fc0da,6828,3954,3638069,685,0.7464334517627768,0.5954478067498038,0.9088247038466658,0.6332776850306066,0.9989143396403593,0.9998117487469612,7.513,10.782,3.269,3.269,43.51124717156928,43.51124717156928,0,0,1.0,3.3166247903554,1.188568461365359,0.7387163043022156,,small,Nonfinite HD95 and/or Dice lower Tukey fence and/or HD95 upper Tukey fence; morphology requires image review
BraTS-GLI-01269-000,BraTS-GLI-01269,4,unet_baseline,heldout_with_persisted_training_manifest,0.0593739179894328,239.8779296875,MONAI_sliding_window_only_after_transfer_FP32_warmup,f67351ece0c762564abc2fda59ffa8c2c05483e5a11fecd2a545f947348fc0da,48009,5949,3972302,28780,0.7343801387412331,0.5802533297880055,0.6252067353396971,0.8897475814522406,0.998504619240968,0.9928069457211824,76.789,53.958,-22.831,22.831,-29.732123090546825,29.732123090546825,0,0,1.0,22.869193252058544,3.2325279899911914,0.5518068075180054,,large,Nonfinite HD95 and/or Dice lower Tukey fence and/or HD95 upper Tukey fence; morphology requires image review
BraTS-GLI-01282-000,BraTS-GLI-01282,4,unet_baseline,heldout_with_persisted_training_manifest,0.0582557693123817,239.8779296875,MONAI_sliding_window_only_after_transfer_FP32_warmup,f67351ece0c762564abc2fda59ffa8c2c05483e5a11fecd2a545f947348fc0da,79818,1968,3927702,45552,0.7706076579968719,0.6268199594779249,0.6366594879157693,0.9759372019661068,0.9994991945888586,0.98853534156135,125.37,81.786,-43.584,43.584,-34.76429767887054,34.76429767887054,0,0,1.0,9.9498743710662,2.642427803878103,0.4219065606594085,,large,Nonfinite HD95 and/or Dice lower Tukey fence and/or HD95 upper Tukey fence; morphology requires image review
BraTS-GLI-01293-000,BraTS-GLI-01293,4,unet_baseline,heldout_with_persisted_training_manifest,0.0583632830530405,230.2529296875,MONAI_sliding_window_only_after_transfer_FP32_warmup,f67351ece0c762564abc2fda59ffa8c2c05483e5a11fecd2a545f947348fc0da,21724,2671,3517344,107797,0.2822838431352166,0.1643367223432583,0.1677256969912215,0.890510350481656,0.999241196415356,0.9702640531775176,129.52100000000002,24.395,-105.126,105.126,-81.16521645138626,81.16521645138626,0,0,1.0,30.77336510685824,7.936151537715063,0.4337228238582611,,large,Nonfinite HD95 and/or Dice lower Tukey fence and/or HD95 upper Tukey fence; morphology requires image review
BraTS-GLI-01356-000,BraTS-GLI-01356,4,unet_baseline,heldout_with_persisted_training_manifest,0.0583907952532172,230.2529296875,MONAI_sliding_window_only_after_transfer_FP32_warmup,f67351ece0c762564abc2fda59ffa8c2c05483e5a11fecd2a545f947348fc0da,91599,2770,3507295,47872,0.7834331166609647,0.643970444527246,0.65676018670548,0.9706471404804544,0.999210840824885,0.98653452847644,139.471,94.369,-45.102,45.102,-32.33790537100903,32.33790537100903,0,0,1.0,16.06859811125339,2.939845583478468,0.6123508214950562,,large,Nonfinite HD95 and/or Dice lower Tukey fence and/or HD95 upper Tukey fence; morphology requires image review
BraTS-GLI-01364-000,BraTS-GLI-01364,4,unet_baseline,heldout_with_persisted_training_manifest,0.0310249542817473,221.1591796875,MONAI_sliding_window_only_after_transfer_FP32_warmup,f67351ece0c762564abc2fda59ffa8c2c05483e5a11fecd2a545f947348fc0da,6489,691,3193645,43207,0.2281806034179618,0.1287832178935042,0.1305738892466194,0.9037604456824512,0.9997836796129148,0.9866515367400178,49.696,7.18,-42.516,42.516,-85.55215711526078,85.55215711526078,0,0,1.0,32.449961479175904,12.377931179745802,0.1812580376863479,,medium,Nonfinite HD95 and/or Dice lower Tukey fence and/or HD95 upper Tukey fence; morphology requires image review
BraTS-GLI-01451-000,BraTS-GLI-01451,4,unet_baseline,heldout_with_persisted_training_manifest,0.0589958420023322,238.3466796875,MONAI_sliding_window_only_after_transfer_FP32_warmup,f67351ece0c762564abc2fda59ffa8c2c05483e5a11fecd2a545f947348fc0da,10166,85,3962152,8909,0.6933096910591284,0.5305845511482254,0.5329488859764089,0.9917081260364844,0.9999785474720468,0.9977565189756592,19.075,10.251,-8.824,8.824,-46.25950196592398,46.25950196592398,0,0,1.0,5.830951894845301,2.25046882661972,0.395206093788147,,medium,Nonfinite HD95 and/or Dice lower Tukey fence and/or HD95 upper Tukey fence; morphology requires image review
BraTS-GLI-01470-000,BraTS-GLI-01470,4,unet_baseline,heldout_with_persisted_training_manifest,0.0586160123348236,230.2529296875,MONAI_sliding_window_only_after_transfer_FP32_warmup,f67351ece0c762564abc2fda59ffa8c2c05483e5a11fecd2a545f947348fc0da,66706,10657,3565052,7121,0.8824128579932535,0.7895696226504427,0.9035447735923172,0.8622468104908031,0.9970196120545604,0.9980065355177368,73.827,77.363,3.536,3.536,4.789575629512238,4.789575629512238,0,0,1.0,17.46424919657298,1.79667508856191,0.7573227882385254,,large,Nonfinite HD95 and/or Dice lower Tukey fence and/or HD95 upper Tukey fence; morphology requires image review
BraTS-GLI-01484-000,BraTS-GLI-01484,4,unet_baseline,heldout_with_persisted_training_manifest,0.0582136483862996,248.1591796875,MONAI_sliding_window_only_after_transfer_FP32_warmup,f67351ece0c762564abc2fda59ffa8c2c05483e5a11fecd2a545f947348fc0da,91100,334,4260643,71603,0.7169361407429851,0.5587688684163717,0.5599159204194145,0.9963470918914188,0.9999216142213394,0.9834720835335758,162.703,91.434,-71.269,71.269,-43.803125941132,43.803125941132,0,0,1.0,16.61324772583615,4.7390066755307645,0.4209829270839691,,large,Nonfinite HD95 and/or Dice lower Tukey fence and/or HD95 upper Tukey fence; morphology requires image review
BraTS-GLI-01502-000,BraTS-GLI-01502,4,unet_baseline,heldout_with_persisted_training_manifest,0.0593032855540514,230.2529296875,MONAI_sliding_window_only_after_transfer_FP32_warmup,f67351ece0c762564abc2fda59ffa8c2c05483e5a11fecd2a545f947348fc0da,3188,14,3574656,71678,0.081672388174412,0.0425747863247863,0.0425827478428124,0.995627732667083,0.999996083554566,0.98034244805879,74.866,3.202,-71.664,71.664,-95.723025138247,95.723025138247,0,0,1.0,40.33608806019741,15.881325022218302,0.0581890940666198,,large,Nonfinite HD95 and/or Dice lower Tukey fence and/or HD95 upper Tukey fence; morphology requires image review
BraTS-GLI-01519-000,BraTS-GLI-01519,4,unet_baseline,heldout_with_persisted_training_manifest,0.0582429254427552,222.3466796875,MONAI_sliding_window_only_after_transfer_FP32_warmup,f67351ece0c762564abc2fda59ffa8c2c05483e5a11fecd2a545f947348fc0da,19339,3162,3287287,7972,0.7764795631574721,0.6346273750533259,0.7081029621764124,0.8594729123150082,0.9990390369217088,0.9975807667925344,27.311,22.501,-4.8100000000000005,4.8100000000000005,-17.611951228442752,17.611951228442752,0,0,1.0,10.677078252031311,1.9807627574236468,0.6535595655441284,,medium,Nonfinite HD95 and/or Dice lower Tukey fence and/or HD95 upper Tukey fence; morphology requires image review
BraTS-GLI-01530-000,BraTS-GLI-01530,4,unet_baseline,heldout_with_persisted_training_manifest,0.0632997704669833,230.2529296875,MONAI_sliding_window_only_after_transfer_FP32_warmup,f67351ece0c762564abc2fda59ffa8c2c05483e5a11fecd2a545f947348fc0da,390,0,3632454,16692,0.0446428571428571,0.0228310502283105,0.0228310502283105,1.0,1.0,0.9954257790726926,17.082,0.39,-16.692,16.692,-97.71689497716896,97.71689497716896,0,0,1.0,19.026297590440446,10.237248053570738,0.0471425764262676,,medium,Nonfinite HD95 and/or Dice lower Tukey fence and/or HD95 upper Tukey fence; morphology requires image review
BraTS-GLI-00185-000,BraTS-GLI-00185,5,unet_baseline,heldout_with_persisted_training_manifest,0.0585779482498765,229.9404296875,MONAI_sliding_window_only_after_transfer_FP32_warmup,f67351ece0c762564abc2fda59ffa8c2c05483e5a11fecd2a545f947348fc0da,43401,17588,3569436,19111,0.7028445113804747,0.5418352059925093,0.6942826977220373,0.7116201282198429,0.9950967710280164,0.994674446231302,62.512,60.989,-1.523,1.523,-2.436332224212951,2.436332224212951,0,0,1.0,15.1657508881031,2.5000020803373824,0.6071174144744873,,large,Nonfinite HD95 and/or Dice lower Tukey fence and/or HD95 upper Tukey fence; morphology requires image review
BraTS-GLI-00196-000,BraTS-GLI-00196,5,unet_baseline,heldout_with_persisted_training_manifest,0.0582983577623963,222.3466796875,MONAI_sliding_window_only_after_transfer_FP32_warmup,f67351ece0c762564abc2fda59ffa8c2c05483e5a11fecd2a545f947348fc0da,90775,12410,3213071,1504,0.9288155363647526,0.8670920536063961,0.9837016005808472,0.8797305809952997,0.9961525118269182,0.9995321309970993,92.279,103.185,10.906,10.906,11.818506919234062,11.818506919234062,0,0,1.0,43.243496620879306,3.4521142886673903,0.9073335528373718,,large,Nonfinite HD95 and/or Dice lower Tukey fence and/or HD95 upper Tukey fence; morphology requires image review
BraTS-GLI-00212-000,BraTS-GLI-00212,5,unet_baseline,heldout_with_persisted_training_manifest,0.0586382318288087,229.9404296875,MONAI_sliding_window_only_after_transfer_FP32_warmup,f67351ece0c762564abc2fda59ffa8c2c05483e5a11fecd2a545f947348fc0da,52256,8076,3567269,21935,0.7769080380306713,0.6352000194488677,0.7043441926918359,0.8661406881920043,0.997741197003366,0.9938886170861284,74.191,60.332,-13.859,13.859,-18.680163362132877,18.680163362132877,0,0,1.0,7.681145747868608,1.5747643528292368,0.7131077647209167,,large,Nonfinite HD95 and/or Dice lower Tukey fence and/or HD95 upper Tukey fence; morphology requires image review
BraTS-GLI-00258-000,BraTS-GLI-00258,5,unet_baseline,heldout_with_persisted_training_manifest,0.0310358190909028,221.1591796875,MONAI_sliding_window_only_after_transfer_FP32_warmup,f67351ece0c762564abc2fda59ffa8c2c05483e5a11fecd2a545f947348fc0da,15189,16996,3206632,5215,0.5776493182985035,0.4061229946524064,0.7444128602234856,0.4719279167313966,0.9947276794965176,0.9983763236542712,20.404,32.185,11.781,11.781,57.73867869045285,57.73867869045285,0,0,1.0,14.005350327142716,3.136625241398653,0.5455095171928406,,medium,Nonfinite HD95 and/or Dice lower Tukey fence and/or HD95 upper Tukey fence; morphology requires image review
BraTS-GLI-00260-000,BraTS-GLI-00260,5,unet_baseline,heldout_with_persisted_training_manifest,0.0592661732807755,239.8779296875,MONAI_sliding_window_only_after_transfer_FP32_warmup,f67351ece0c762564abc2fda59ffa8c2c05483e5a11fecd2a545f947348fc0da,80408,10988,3959382,4262,0.9133847534447308,0.8405778920738464,0.9496633990787764,0.8797759201715611,0.9972324997418376,0.9989247268422694,84.67,91.396,6.726,6.726,7.943781740876344,7.943781740876344,0,0,1.0,23.727621035409346,1.8361097717358197,0.8708266615867615,,large,Nonfinite HD95 and/or Dice lower Tukey fence and/or HD95 upper Tukey fence; morphology requires image review
BraTS-GLI-00321-000,BraTS-GLI-00321,5,unet_baseline,heldout_with_persisted_training_manifest,0.0585648734122514,238.3466796875,MONAI_sliding_window_only_after_transfer_FP32_warmup,f67351ece0c762564abc2fda59ffa8c2c05483e5a11fecd2a545f947348fc0da,17456,9882,3950678,3296,0.7259721355791224,0.5698243781419338,0.8411719352351581,0.6385251298558783,0.9975048982972105,0.9991664082768374,20.752,27.338,6.586,6.586,31.736700077101,31.736700077101,0,0,1.0,89.23564310296643,12.451710845451377,0.5760168433189392,,medium,Nonfinite HD95 and/or Dice lower Tukey fence and/or HD95 upper Tukey fence; morphology requires image review
BraTS-GLI-00538-000,BraTS-GLI-00538,5,unet_baseline,heldout_with_persisted_training_manifest,0.0583785995841026,229.9404296875,MONAI_sliding_window_only_after_transfer_FP32_warmup,f67351ece0c762564abc2fda59ffa8c2c05483e5a11fecd2a545f947348fc0da,147644,8828,3429143,63921,0.8023323741906384,0.6699123837871439,0.697865904095668,0.943580960171788,0.9974322063798676,0.981700592946479,211.565,156.472,-55.093,55.093,-26.04069671259424,26.04069671259424,0,0,1.0,22.22611077089287,3.9261193370973047,0.4373232424259186,,large,Nonfinite HD95 and/or Dice lower Tukey fence and/or HD95 upper Tukey fence; morphology requires image review
BraTS-GLI-00550-000,BraTS-GLI-00550,5,unet_baseline,heldout_with_persisted_training_manifest,0.0585060622543096,229.9404296875,MONAI_sliding_window_only_after_transfer_FP32_warmup,f67351ece0c762564abc2fda59ffa8c2c05483e5a11fecd2a545f947348fc0da,19525,477,3618219,11315,0.7680657723929035,0.6234632946961715,0.63310635538262,0.976152384761524,0.9998681845615106,0.9968825199047592,30.84,20.002,-10.838,10.838,-35.14267185473411,35.14267185473411,0,0,1.0,9.486832980505138,2.4340971027917297,0.5089128017425537,,medium,Nonfinite HD95 and/or Dice lower Tukey fence and/or HD95 upper Tukey fence; morphology requires image review
BraTS-GLI-00555-000,BraTS-GLI-00555,5,unet_baseline,heldout_with_persisted_training_manifest,0.059716205112636,222.3466796875,MONAI_sliding_window_only_after_transfer_FP32_warmup,f67351ece0c762564abc2fda59ffa8c2c05483e5a11fecd2a545f947348fc0da,23094,1769,3271437,21460,0.6653701542849734,0.4985428404896056,0.518337298559052,0.9288500985399992,0.9994595512778603,0.9934829422238228,44.554,24.863,-19.691,19.691,-44.19580733491942,44.19580733491942,0,0,1.0,9.9498743710662,3.385899045473021,0.3144018054008484,,medium,Nonfinite HD95 and/or Dice lower Tukey fence and/or HD95 upper Tukey fence; morphology requires image review
BraTS-GLI-00619-001,BraTS-GLI-00619,5,unet_baseline,heldout_with_persisted_training_manifest,0.0584486527368426,229.9404296875,MONAI_sliding_window_only_after_transfer_FP32_warmup,f67351ece0c762564abc2fda59ffa8c2c05483e5a11fecd2a545f947348fc0da,20614,2329,3623151,3442,0.8772101534075193,0.7812772408565473,0.8569171932158297,0.8984875561173342,0.999357602303695,0.99905089983905,24.056,22.943,-1.113,1.113,-4.626704356501497,4.626704356501497,0,0,1.0,18.05547008526779,2.6995392462881203,0.7452553510665894,,medium,Nonfinite HD95 and/or Dice lower Tukey fence and/or HD95 upper Tukey fence; morphology requires image review
BraTS-GLI-00638-000,BraTS-GLI-00638,5,unet_baseline,heldout_with_persisted_training_manifest,0.0590198645368218,239.8779296875,MONAI_sliding_window_only_after_transfer_FP32_warmup,f67351ece0c762564abc2fda59ffa8c2c05483e5a11fecd2a545f947348fc0da,44591,1101,3911576,97772,0.4742336018717928,0.3108166508671164,0.3132204294655212,0.9759038781405937,0.9997186069793136,0.9756139901051244,142.363,45.692,-96.671,96.671,-67.90458194896146,67.90458194896146,0,0,1.0,26.30589287593181,5.883250844911083,0.3430869579315185,,large,Nonfinite HD95 and/or Dice lower Tukey fence and/or HD95 upper Tukey fence; morphology requires image review
BraTS-GLI-00731-000,BraTS-GLI-00731,5,unet_baseline,heldout_with_persisted_training_manifest,0.0587784983217716,222.3466796875,MONAI_sliding_window_only_after_transfer_FP32_warmup,f67351ece0c762564abc2fda59ffa8c2c05483e5a11fecd2a545f947348fc0da,11464,14202,3292079,15,0.6172566967290348,0.4464000623028698,0.9986932659639342,0.4466609522325255,0.9957045393298392,0.9999954436294954,11.479,25.666,14.187,14.187,123.59090513110898,123.59090513110898,0,0,1.0,10.04987562112089,3.341852059083529,0.3153266012668609,,medium,Nonfinite HD95 and/or Dice lower Tukey fence and/or HD95 upper Tukey fence; morphology requires image review
BraTS-GLI-00731-001,BraTS-GLI-00731,5,unet_baseline,heldout_with_persisted_training_manifest,0.0585123328492045,229.9404296875,MONAI_sliding_window_only_after_transfer_FP32_warmup,f67351ece0c762564abc2fda59ffa8c2c05483e5a11fecd2a545f947348fc0da,18802,1035,3625410,4289,0.8759783824077525,0.7793252093177485,0.8142566367848946,0.947824771890911,0.9997145965263502,0.9988183593185,23.091,19.837,-3.254,3.254,-14.092070503659434,14.092070503659434,0,0,1.0,61.759602588617646,4.846699863716536,0.8088740110397339,,medium,Nonfinite HD95 and/or Dice lower Tukey fence and/or HD95 upper Tukey fence; morphology requires image review
BraTS-GLI-00753-000,BraTS-GLI-00753,5,unet_baseline,heldout_with_persisted_training_manifest,0.0312391947954893,221.1591796875,MONAI_sliding_window_only_after_transfer_FP32_warmup,f67351ece0c762564abc2fda59ffa8c2c05483e5a11fecd2a545f947348fc0da,3298,3056,3234096,3582,0.4984131781774218,0.3319243156199677,0.479360465116279,0.5190431224425559,0.9990559603009064,0.9988936515613968,6.88,6.354,-0.526,0.526,-7.645348837209302,7.645348837209302,0,0,1.0,10.3440804327886,2.6603673579285205,0.4652386903762817,,small,Nonfinite HD95 and/or Dice lower Tukey fence and/or HD95 upper Tukey fence; morphology requires image review
BraTS-GLI-00753-001,BraTS-GLI-00753,5,unet_baseline,heldout_with_persisted_training_manifest,0.0587191246449947,229.9404296875,MONAI_sliding_window_only_after_transfer_FP32_warmup,f67351ece0c762564abc2fda59ffa8c2c05483e5a11fecd2a545f947348fc0da,0,0,3646728,2808,0.0,0.0,0.0,,1.0,0.9992305871212122,2.8080000000000003,0.0,-2.8080000000000003,2.8080000000000003,-100.0,100.0,0,1,1.0,inf,inf,0.0,,small,Nonfinite HD95 and/or Dice lower Tukey fence and/or HD95 upper Tukey fence; morphology requires image review
BraTS-GLI-01050-000,BraTS-GLI-01050,5,unet_baseline,heldout_with_persisted_training_manifest,0.0598221970722079,229.9404296875,MONAI_sliding_window_only_after_transfer_FP32_warmup,f67351ece0c762564abc2fda59ffa8c2c05483e5a11fecd2a545f947348fc0da,27929,11359,3604018,6230,0.7605211921521642,0.6135814403093282,0.8176176117567845,0.7108786397882305,0.9968581423182148,0.9982743567754904,34.159,39.288,5.129,5.129,15.015076553763285,15.015076553763285,0,0,1.0,30.7408522978788,3.23265119219831,0.6455958485603333,,medium,Nonfinite HD95 and/or Dice lower Tukey fence and/or HD95 upper Tukey fence; morphology requires image review
BraTS-GLI-01054-000,BraTS-GLI-01054,5,unet_baseline,heldout_with_persisted_training_manifest,0.058420330286026,229.9404296875,MONAI_sliding_window_only_after_transfer_FP32_warmup,f67351ece0c762564abc2fda59ffa8c2c05483e5a11fecd2a545f947348fc0da,5822,3258,3640374,82,0.7770955686065136,0.6354507749399695,0.9861111111111112,0.6411894273127753,0.9991058372524996,0.999977475349242,5.904,9.08,3.176,3.176,53.79403794037941,53.79403794037941,0,0,1.0,5.477225575051661,2.833193159057207,0.6037734746932983,,small,Nonfinite HD95 and/or Dice lower Tukey fence and/or HD95 upper Tukey fence; morphology requires image review
BraTS-GLI-01111-000,BraTS-GLI-01111,5,unet_baseline,heldout_with_persisted_training_manifest,0.058479581028223,238.3466796875,MONAI_sliding_window_only_after_transfer_FP32_warmup,f67351ece0c762564abc2fda59ffa8c2c05483e5a11fecd2a545f947348fc0da,94440,4426,3867981,14465,0.909077782751202,0.8333112740556423,0.8671778155272944,0.955232334675217,0.998857041628114,0.996274255971622,108.905,98.866,-10.039,10.039,-9.218125889536752,9.218125889536752,0,0,1.0,28.339900499645392,3.443103547092655,0.754124641418457,,large,Nonfinite HD95 and/or Dice lower Tukey fence and/or HD95 upper Tukey fence; morphology requires image review
BraTS-GLI-01133-000,BraTS-GLI-01133,5,unet_baseline,heldout_with_persisted_training_manifest,0.0584739930927753,229.9404296875,MONAI_sliding_window_only_after_transfer_FP32_warmup,f67351ece0c762564abc2fda59ffa8c2c05483e5a11fecd2a545f947348fc0da,43186,5128,3600198,1024,0.9335091435735592,0.8753090923831529,0.9768378194978512,0.8938609926729313,0.99857765982882,0.9997156520758786,44.21,48.314,4.104,4.104,9.282967654376838,9.282967654376838,0,0,1.0,48.176757881783615,2.001518891236702,0.9428393244743348,,medium,Nonfinite HD95 and/or Dice lower Tukey fence and/or HD95 upper Tukey fence; morphology requires image review
BraTS-GLI-01208-000,BraTS-GLI-01208,5,unet_baseline,heldout_with_persisted_training_manifest,0.0585716776549816,238.3466796875,MONAI_sliding_window_only_after_transfer_FP32_warmup,f67351ece0c762564abc2fda59ffa8c2c05483e5a11fecd2a545f947348fc0da,31802,15904,3931962,1644,0.7837638012618297,0.6444174265450862,0.9508461400466424,0.6666247432188823,0.9959714944732166,0.999582062870557,33.446,47.706,14.26,14.26,42.63589068946959,42.63589068946959,0,0,1.0,9.0,2.5263753503785824,0.4823574125766754,,medium,Nonfinite HD95 and/or Dice lower Tukey fence and/or HD95 upper Tukey fence; morphology requires image review
BraTS-GLI-01219-000,BraTS-GLI-01219,5,unet_baseline,heldout_with_persisted_training_manifest,0.0584291871637105,238.3466796875,MONAI_sliding_window_only_after_transfer_FP32_warmup,f67351ece0c762564abc2fda59ffa8c2c05483e5a11fecd2a545f947348fc0da,75968,13139,3837833,54372,0.6923585193691415,0.5294712118149695,0.5828448672702163,0.8525480601972909,0.9965881341126344,0.9860305405290832,130.34,89.107,-41.233,41.233,-31.63495473377321,31.63495473377321,0,0,1.0,13.287198705247231,2.999139967721548,0.5099608898162842,,large,Nonfinite HD95 and/or Dice lower Tukey fence and/or HD95 upper Tukey fence; morphology requires image review
BraTS-GLI-01229-000,BraTS-GLI-01229,5,unet_baseline,heldout_with_persisted_training_manifest,0.0585119444876909,229.9404296875,MONAI_sliding_window_only_after_transfer_FP32_warmup,f67351ece0c762564abc2fda59ffa8c2c05483e5a11fecd2a545f947348fc0da,66421,56382,3526506,227,0.7011945041197988,0.5398764528976673,0.9965940463329732,0.540874408605653,0.9842635326585704,0.9999356344809772,66.648,122.803,56.155,56.155,84.25609170567759,84.25609170567759,0,0,1.0,15.066519173319364,3.568574688911814,0.3625081777572632,,large,Nonfinite HD95 and/or Dice lower Tukey fence and/or HD95 upper Tukey fence; morphology requires image review
BraTS-GLI-01252-000,BraTS-GLI-01252,5,unet_baseline,heldout_with_persisted_training_manifest,0.0588378412649035,229.9404296875,MONAI_sliding_window_only_after_transfer_FP32_warmup,f67351ece0c762564abc2fda59ffa8c2c05483e5a11fecd2a545f947348fc0da,12984,5450,3630627,475,0.8142225566738783,0.6866571473901317,0.9647076305817668,0.7043506563957904,0.9985011318517182,0.9998691857182752,13.459,18.434,4.9750000000000005,4.9750000000000005,36.96411323278104,36.96411323278104,0,0,1.0,22.097508740310957,2.091559855381979,0.7303153872489929,,medium,Nonfinite HD95 and/or Dice lower Tukey fence and/or HD95 upper Tukey fence; morphology requires image review
BraTS-GLI-01257-000,BraTS-GLI-01257,5,unet_baseline,heldout_with_persisted_training_manifest,0.0585073847323656,229.9404296875,MONAI_sliding_window_only_after_transfer_FP32_warmup,f67351ece0c762564abc2fda59ffa8c2c05483e5a11fecd2a545f947348fc0da,24223,20711,3603870,732,0.6931849074961725,0.5304384005605921,0.9706672009617312,0.5390795388792451,0.9942859602254716,0.9997969262625944,24.955,44.934,19.979,19.979,80.06010819475055,80.06010819475055,0,0,1.0,11.357816691600547,3.3029618314409976,0.3964385688304901,,medium,Nonfinite HD95 and/or Dice lower Tukey fence and/or HD95 upper Tukey fence; morphology requires image review
BraTS-GLI-01267-000,BraTS-GLI-01267,5,unet_baseline,heldout_with_persisted_training_manifest,0.0584663180634379,229.9404296875,MONAI_sliding_window_only_after_transfer_FP32_warmup,f67351ece0c762564abc2fda59ffa8c2c05483e5a11fecd2a545f947348fc0da,82173,48246,3512101,7016,0.7483607154566319,0.5979044639284025,0.9213355907118592,0.6300692383778437,0.9864490736436644,0.998006318062173,89.18900000000001,130.419,41.23,41.23,46.22767381627779,46.22767381627779,0,0,1.0,10.04987562112089,2.602543261316649,0.5155944228172302,,large,Nonfinite HD95 and/or Dice lower Tukey fence and/or HD95 upper Tukey fence; morphology requires image review
BraTS-GLI-01297-000,BraTS-GLI-01297,5,unet_baseline,heldout_with_persisted_training_manifest,0.0588774364441633,229.9404296875,MONAI_sliding_window_only_after_transfer_FP32_warmup,f67351ece0c762564abc2fda59ffa8c2c05483e5a11fecd2a545f947348fc0da,56942,29793,3552039,10762,0.7374044120979805,0.5840384832353817,0.8410433652369136,0.6565054476278319,0.9916821894494214,0.996979342938323,67.70400000000001,86.735,19.031,19.031,28.109122060734965,28.109122060734965,0,0,1.0,9.69535971483266,2.258103680185597,0.6214191913604736,,large,Nonfinite HD95 and/or Dice lower Tukey fence and/or HD95 upper Tukey fence; morphology requires image review
BraTS-GLI-01342-000,BraTS-GLI-01342,5,unet_baseline,heldout_with_persisted_training_manifest,0.0589783582836389,229.9404296875,MONAI_sliding_window_only_after_transfer_FP32_warmup,f67351ece0c762564abc2fda59ffa8c2c05483e5a11fecd2a545f947348fc0da,59547,28222,3553543,8224,0.7656808537996657,0.6203264821393226,0.878650160097977,0.6784513894427417,0.992120644430888,0.9976910336919848,67.771,87.769,19.998,19.998,29.508196721311474,29.508196721311474,0,0,1.0,62.74551776820397,9.488490723176518,0.6142634749412537,,large,Nonfinite HD95 and/or Dice lower Tukey fence and/or HD95 upper Tukey fence; morphology requires image review
BraTS-GLI-01380-000,BraTS-GLI-01380,5,unet_baseline,heldout_with_persisted_training_manifest,0.0584361003711819,238.3466796875,MONAI_sliding_window_only_after_transfer_FP32_warmup,f67351ece0c762564abc2fda59ffa8c2c05483e5a11fecd2a545f947348fc0da,45400,2966,3908237,24709,0.7664064148554547,0.6212795073554567,0.6475630803463179,0.9386759293718728,0.9992416655438238,0.9937174321742532,70.109,48.366,-21.743,21.743,-31.013136687158568,31.013136687158568,0,0,1.0,16.30950643030009,3.264939618177052,0.6403763890266418,,large,Nonfinite HD95 and/or Dice lower Tukey fence and/or HD95 upper Tukey fence; morphology requires image review
BraTS-GLI-01441-000,BraTS-GLI-01441,5,unet_baseline,heldout_with_persisted_training_manifest,0.0584706664085388,249.5341796875,MONAI_sliding_window_only_after_transfer_FP32_warmup,f67351ece0c762564abc2fda59ffa8c2c05483e5a11fecd2a545f947348fc0da,126218,53687,4321625,4070,0.813803019410496,0.686060606060606,0.9687615129559132,0.7015813901781496,0.9877295607718948,0.999059110732495,130.288,179.905,49.617,49.617,38.082555569200544,38.082555569200544,0,0,1.0,52.23983154643591,11.060163303103892,0.5995630025863647,,large,Nonfinite HD95 and/or Dice lower Tukey fence and/or HD95 upper Tukey fence; morphology requires image review
BraTS-GLI-01450-000,BraTS-GLI-01450,5,unet_baseline,heldout_with_persisted_training_manifest,0.0590138658881187,229.9404296875,MONAI_sliding_window_only_after_transfer_FP32_warmup,f67351ece0c762564abc2fda59ffa8c2c05483e5a11fecd2a545f947348fc0da,79965,7924,3552096,9551,0.9014965756320285,0.8206588669950738,0.8933039903480942,0.9098408219458636,0.9977741698080348,0.9973183754594434,89.516,87.889,-1.627,1.627,-1.8175521694445689,1.8175521694445689,0,0,1.0,41.641325627314025,3.289910936930042,0.8055790662765503,,large,Nonfinite HD95 and/or Dice lower Tukey fence and/or HD95 upper Tukey fence; morphology requires image review
BraTS-GLI-01515-000,BraTS-GLI-01515,5,unet_baseline,heldout_with_persisted_training_manifest,0.0585595639422535,238.3466796875,MONAI_sliding_window_only_after_transfer_FP32_warmup,f67351ece0c762564abc2fda59ffa8c2c05483e5a11fecd2a545f947348fc0da,151021,15641,3790304,24346,0.8830888608860652,0.7906527475288994,0.8611711439438435,0.9061513722384228,0.9958903767658228,0.993617763097532,175.367,166.662,-8.705,8.705,-4.963875757696716,4.963875757696716,0,0,1.0,74.92663077971676,9.98185667222254,0.5864567756652832,,large,Nonfinite HD95 and/or Dice lower Tukey fence and/or HD95 upper Tukey fence; morphology requires image review
BraTS-GLI-01610-000,BraTS-GLI-01610,5,unet_baseline,heldout_with_persisted_training_manifest,0.0308823399245739,214.6591796875,MONAI_sliding_window_only_after_transfer_FP32_warmup,f67351ece0c762564abc2fda59ffa8c2c05483e5a11fecd2a545f947348fc0da,18007,15648,2914213,1252,0.6806138262085648,0.5158564184833987,0.934991432576977,0.5350467983954836,0.9946591322933068,0.999570565930306,19.259,33.655,14.396,14.396,74.74946778129706,74.74946778129706,0,0,1.0,53.86093203798092,20.15575622219937,0.4234069883823395,,medium,Nonfinite HD95 and/or Dice lower Tukey fence and/or HD95 upper Tukey fence; morphology requires image review
